:020000040000FA
:10000000007C00208D3C0100B5C30200793C01005A
:10001000793C0100793C0100793C010000000000BE
:10002000000000000000000000000000413E010050
:10003000793C0100000000000D3E0100793C010008
:1000400031400100D9F1020031400100314001008E
:1000500031400100314001003140010031400100D8
:10006000A9F102003140010031400100C3F102005A
:1000700031400100314001003140010031400100B8
:1000800031400100314001003140010031400100A8
:100090003140010031400100314001003140010098
:1000A0003140010031400100314001003140010088
:1000B0003140010031400100314001003140010078
:1000C0003140010031400100314001003140010068
:1000D0003140010031400100314001003140010058
:1000E0003140010031400100314001003140010048
:1000F0003140010031400100314001003140010038
:100100002DE9F00791E8F807B2E802105B1854EB0C
:100110000C04B2E802104D4156EB0C06B2E8021096
:100120004F4158EB0C08B2E8021059EB01095AEBA9
:100130000C0A80E8F80780410130BDE8F0077047FD
:100140002DE9F00791E8F807B2E802105B1A74EBAA
:100150000C04B2E802108D4176EB0C06B2E80210F6
:100160008F4178EB0C08B2E8021079EB01097AEBC9
:100170000C0A80E8F80780414042BDE8F00770476C
:100180002DE9F007524290E87800B1E88007174067
:10019000DB1918EA020854EB080419EA020955EBC6
:1001A00009051AEA020A56EB0A0678C090E87800B8
:1001B000B1E8800717407B4118EA020854EB0804B5
:1001C00019EA020955EB09051AEA020A56EB0A0672
:1001D00078C080410130BDE8F00770472DE9F00795
:1001E000524290E87800B1E880071740DB1B18EA1C
:1001F000020874EB080419EA020975EB09051AEA0A
:10020000020A76EB0A0678C090E87800B1E8800729
:100210001740BB4118EA020874EB080419EA020906
:1002200075EB09051AEA020A76EB0A0678C08041E6
:100230004042BDE8F00770472DE9F00152424FF00F
:10024000040890E8300091E8C000A31B1340E41AB2
:10025000F618EB1B1340ED1AFF1830C0C0C1B8F1FF
:100260000108EED1BDE8F001704700BF00B592E88B
:10027000DC072DE9DC07B1E8805702B4A7FB025187
:100280000A95A8FB020BE7FB6310E9FB62B00B9138
:10029000A8FB0351EAFB6201E7FB64B5E7FB6605D7
:1002A000E8FB6615CDF830B0A9FB03B6EAFB631690
:1002B000ECFB6356E8FB640BE9FB641BEAFB645B45
:1002C000ECFB646B0D90ACFB0230059CEEFB6250C6
:1002D000E9FB6460EAFB64B0E7FB6431E8FB64516E
:1002E000069CE8FB6461E9FB64B1EAFB64010E93E0
:1002F000A7FB0432079CE7FB6462E8FB64B2E9FBFE
:100300006402EAFB6412049CE9FB6453EAFB646345
:10031000089CE7FB64B3E8FB6403E9FB6413EAFBB6
:1003200064230F955DF8049B99E80006DDF80080D2
:10033000A9FB0854EAFB68B4DDF81080ECFB680404
:10034000EEFB6814E9FB6824EAFB6834DDF80480FE
:10035000EEFB6865E9FB68B5EAFB6805DDF814802B
:10036000ECFB6815EEFB6825E9FB6835EAFB6845A0
:100370000F96DDF80880AEFB0876E9FB6806EAFB1D
:100380006816DDF81880ECFB6826EEFB6836E9FBA2
:100390006846EAFB6856DDF80C80ECFB68B7EEFBBC
:1003A0006807E9FB6817EAFB6827DDF81C80ECFBAF
:1003B0006837EEFB6847E9FB6857EAFB686708B0F7
:1003C00000BD00BF2DE9F14F87B0FFF74FFFDDF80B
:1003D0001C8008F1200888E8FF00FFBC87E87F0840
:1003E000BDE8F08F00B591E89857A3FB0352019543
:1003F000A3FB0401E3FB6420E3FB67100292A3FB71
:100400000752E3FB6802E4FB6415E3FB6805E3FBCA
:1004100069250391A4FB07B6E3FB6926E3FB6A5653
:10042000E4FB670BE4FB682BE3FB6A5BE3FB6C6BB1
:100430000490A4FB0810E4FB6950E3FB6C60E3FB51
:100440006EB0E7FB6721E4FB6951E4FB6A61E3FB03
:100450006EB1E4FB6E010592A7FB0832E4FB6A6211
:10046000E4FB6CB2E4FB6E02E7FB6E12E7FB685341
:10047000E7FB6963E4FB6CB3E7FB6C03E7FB6E131C
:10048000E8FB6E230695A7FB0954E7FB6AB4E7FB7C
:100490006C04E8FB6C14E8FB6E24E9FB6E34E8FBAB
:1004A0006865E7FB6AB5E8FB6A05E8FB6C15E9FBE4
:1004B0006C25E9FB6E35EAFB6E450796A8FB0976CD
:1004C000E8FB6A06E9FB6A16E9FB6C26EAFB6C3678
:1004D000EAFB6E46ECFB6E56E8FB69B7E9FB690781
:1004E000E9FB6A17EAFB6A27EAFB6C37ECFB6C470F
:1004F000ECFB6E57EEFB6E6700BD00BF2DE9F14FC0
:1005000087B0FFF76FFFDDF81C8008F1200888E84E
:10051000FF00FFBC87E87F08BDE8F08F30B44FF0E4
:10052000000310F8014B11F8015B013A84EA05045D
:1005300043EA0403F5D1A3F101034FEAD37030BCC1
:10054000704700BF4FF0000310F8012B013943EA58
:100550000203F9D1A3F101034FEAD370704700BF42
:1005600030B411F8014B12F8015B6C4000F8014BFC
:10057000013BF6D130BC70472DE9F00791E8F80750
:10058000B2E802105B1854EB0C04B2E802104D41C3
:1005900056EB0C06B2E802104F4158EB0C08B2E8DB
:1005A000021059EB01095AEB0C0A8941B3F1FF33F0
:1005B00074F1FF3475F1FF3576F1000677F100072D
:1005C00078F1000879F101097AF1FF3A51F100015F
:1005D0005B184C414D4156F1000657F1000758F1A8
:1005E000000859EBD1795AEB010A80E8F807BDE819
:1005F000F00770472DE9F00791E8F807B2E802101C
:100600005B1A74EB0C04B2E802108D4176EB0C0619
:10061000B2E802108F4178EB0C08B2E8021079EBD7
:1006200001097AEB0C0A89415B184C414D4156F1A6
:10063000000657F1000758F1000859EBD1795AEB41
:10064000010A80E8F807BDE8F007704718EB0408D6
:1006500059EB05095AEB060A5BEB070B5FF0000C40
:100660004CF1000C18EB050859EB06095AEB070A88
:100670005BEB070B50EB0C005FF0000C51EB0C0137
:1006800052EB0C0263414CF1000CB8EB070879F116
:1006900000097AF1000A7BEB040BA841B141A241A9
:1006A000B3416CF1000CBBEB050BB041B941AA4161
:1006B000BB416CF1000C4CF001068CF0020718EB0A
:1006C000060859EB6C095AEB6C0A7BEB6C0B70EB70
:1006D0006C0471EB6C0572EB670653EB6C076CEB0B
:1006E0006C0C18EB0C0059EB0C015AEB0C025BF193
:1006F000000354F1000455F1000556EBDC7657EB8E
:100700000C0770472DE9F14F87B0FFF7AFFDDDF81B
:100710001080DDF81490DDF818A0FFF797FFBDE812
:10072000000FFFF793FF03B05DF8048B88E8FF002C
:10073000BDE8F08F2DE9F14F87B0FFF753FEDDF8EC
:100740001080DDF81490DDF818A0FFF77FFFBDE8FA
:10075000000FFFF77BFF03B05DF8048B88E8FF0014
:10076000BDE8F08F064B074A5B7802604FF42072B9
:100770008280C3710822002382710372704700BF18
:10078000A00F00204BEE0000064B074A9B7802604A
:100790004FF494728280C3710822FF238271037226
:1007A000704700BFA00F0020C1E90000F8B5C41DCC
:1007B000002824F00704054614BF2046002000F05E
:1007C00033FB071E02DA6FF00B00F8BD0DB9FC42D7
:1007D000F9D4284EB1797079337AF2790331033044
:1007E0000BF0C3FC0028EEDB317873783C44033413
:1007F000002D194424F0030400FB01F114BF20462E
:10080000002000F09DFC20440DB90028DBDBB2780D
:100810000346B2B1F17BF37811441944FF29D2DCCD
:100820000330002D20F0030414BF204600207289FD
:10083000C9B200F0F5FC031EC5DB23440DB9002B43
:10084000C1DB317B81B1B27872B10733002D23F067
:10085000070414BF2046002004F07EF8031EB2DB1C
:1008600023440DB9002BAEDB002D0CBF1846002031
:10087000ABE700BFA00F00201FB572B6184B9D6AF2
:10088000E5B9BFF34F8F1749174BCA6802F4E0620E
:100890001343CB60BFF34F8F00BFFDE7B2FBF6F20F
:1008A000DCB20133002AF9D104F110036B4403F8E0
:1008B0000C2C0A2234B901A8A847E2E7024600231B
:1008C0000A26EDE7631E04AEDCB256FA83F3B0FBF2
:1008D000F2F602FB1600303003F80C0C3046E9E764
:1008E000A00F002000ED00E00400FA0507B50C4B56
:1008F0001A7A8DF80120DA798DF8002068469A7905
:100900005B79ADF80420ADF8023002F06FFB18B14E
:10091000D9210320FFF7B0FF03B05DF804FB00BF4F
:10092000A00F002038B5054670B30AF069FA10B977
:100930004FF0FF3038BD0EF07BFBB0F5FA7FF7D8F3
:10094000144C1548A562002500F0E8F92622294636
:10095000204684F82C500AF05FFE01236370A370D8
:100960001B23637140F21B33E380022323721F2396
:10097000638108232373EFF3108472B600F026FD21
:100980002CB962B62046D5E76FF01500D2E72846AD
:10099000D0E700BFA00F0020ED08000010B5002830
:1009A0003CD1214C94F82C30032B34D059B1002A7F
:1009B00037D00239052931D8DFE801F0031422309D
:1009C0002528137863700020FFF7F0FE0028B7BFDA
:1009D0000123022384F82C306FF00B00A8BF84F8A9
:1009E0002C3010BD9378E3B1D378D3B113781A2BA0
:1009F00017D953781A2B14D91368C4F80530E2E7D5
:100A00001378A370DFE713886381DCE71388FF2B7B
:100A100007D82373D7E74FF0FF30E2E76FF02C00E1
:100A2000DFE76FF01500DCE7A00F0020F8B50D46FA
:100A3000064630B329B311F0070422D1124F97F8BC
:100A40002C30012B02D16FF00B00F8BD032B02D12B
:100A50004FF0FF30F9E700F09DF80028F8D0284665
:100A6000FFF7A4FE0028EEDB0EF026FA3046214602
:100A700002F050FBFFF73AFF032387F82C302046A3
:100A8000E3E76FF01500E0E7A00F002010B5074C7A
:100A900094F82C30032B03D102F054FB03F046FAF8
:100AA0000BF059FC002084F82C0010BDA00F002092
:100AB00050B1074B03F1140253F8041B40F8041B18
:100AC0009342F9D1002070476FF01500704700BFC6
:100AD0002D6D030010B5074B93F82C403CB902F084
:100AE000E3FA0120044900F097F9204610BD4FF0C9
:100AF000FF30FBE7A00F00208907000010B5074B6F
:100B000093F82C403CB902F0E3FA2046044900F087
:100B100083F9204610BD4FF0FF30FBE7A00F002007
:100B20006507000010B5054B93F82C401CB902F086
:100B300087FA204610BD4FF0FF30FBE7A00F0020E2
:100B400010B5054B93F82C401CB90CF016FD20464F
:100B500010BD4FF0FF30FBE7A00F002010B5054B94
:100B600093F82C401CB90CF00BFD204610BD4FF043
:100B7000FF30FBE7A00F0020024B02681A60002044
:100B8000704700BFD00F0020014B1B68184700BF03
:100B9000D00F0020024B1868003818BF01207047A2
:100BA000D00F00202DE9F743294E0446071D2848A1
:100BB000376003F0D3F90228054607D124492046BF
:100BC0000AF0CFFD284603B0BDE8F083042838D1F1
:100BD0003378072B18D13E2000F050F878B9F3781D
:100BE000327901A943EA02236846ADF800300BF0E0
:100BF00094F80028DBD053210820FFF73DFE0520A4
:100C000000F07CF80028EAD0314620460AF00EFEBB
:100C1000B0F5817F01D37221EEE70028C7D094F8A8
:100C2000008094F80290404600F028F80028BED0DA
:100C3000B8F13E0FC6D1484600F060F80028C1D197
:100C4000B5E70828BED1024920460AF0B9FDB9E748
:100C5000D40F0020074B4FF0FF3141F6FF72C3E97C
:100C6000001205490022C1E900221F21C3E9021236
:100C7000704700BFC0040020181000203F280CD887
:100C800001380B4BC0F3421200F01F0053F8223022
:100C900023FA00F000F001007047FF2806D040382A
:100CA000C0F34212034B00F01F00EFE70120704732
:100CB000C0040020181000200146074B0068496856
:100CC0001A4603C240F48C221A6041F0107242F4BA
:100CD000FF625A60704700BFC00400200246024B0A
:100CE0000068516803C37047181000200246024B89
:100CF0000068516803C37047C80400200138064BE0
:100D0000C0F3421203EB820300F01F009B6823FA3A
:100D100000F000F001007047C0040020014B186093
:100D2000704700BF2010002010B5FFF793FF0BF0B5
:100D3000F0FF034B1B68044603B19847204610BDE3
:100D4000201000200B880288F0B5C3F30E049EB279
:100D500004F11403C57CC35A02352A442B4497B2CC
:100D600013FA82F3013B4288B3FBF7F313FB07430B
:100D70009BB29A42044A93BF22EA060332401343CD
:100D80009BB20B80F0BD00BF0080FFFF4A1E062A09
:100D900008B50346084604D84FF4D1711520FFF773
:100DA0006BFD094A914202D940F2A311F6E711B94D
:100DB00003B1196008BD2BB11B680022C3E90121F2
:100DC0001A1D1A600430F5E7FAFFFF7F10B5114BCA
:100DD00000EB41041A786389B3FBF2F303FB0223AF
:100DE000013A1A44B2F5706F027928BF00231A4401
:100DF0008378B2FBF3F0194403FB1020091AB1FB0E
:100E0000F3F003FB101313446FEA43436FEA5343B9
:100E1000638110BD24100020024B03EB8003596056
:100E2000704700BF241000202DE9F04F10F0070A92
:100E300085B0054604D040F261111720FFF71CFD74
:100E4000554F07F10C06B1460446B0464FF0010B72
:100E500057F8043B8DF80BA03BB101A898479DF8CB
:100E60000A30082B01D9E821E7E79DF80B1081BB78
:100E700005B13160B94506F10406E9D12DB3DFF8BB
:100E80001CE100238EF800301E46022258F8220092
:100E9000013A60B190F804A08178BAF1FF0F66D1F1
:100EA0004FF000078E4207713CBFCEB20123511CA8
:100EB000ECD10BB18EF80060022640F6FF6A58F8BC
:100EC0002670002F65D1013EF9D2601B05B0BDE848
:100ED000F08F9DF80AC0BCF1020FE64601F1050251
:100EE00038BF4FF0020E0EF1FF3004EB4204044411
:100EF000CEF100002040BDF808406444013CCCF134
:100F0000000C04EA0C04B4F5803F4FEA420301D31D
:100F1000F82192E775B1C31A336099701C8083F889
:100F200003B09DF80C201A71019A1A814FEA124CF5
:100F3000A3F806C004FB01049CE758F82C90B9F113
:100F4000000F06D099F804B0D34504BF99F8029079
:100F50004F440CF1FF3CBCF1000FEEDA3944FF299D
:100F6000A0D90BB18EF8006040F2271165E79446D6
:100F70000027F0E707EB41033846A3F80AA0FFF784
:100F800025FF09F10109BB785FFA89F18B42F1D89D
:100F900099E74FF00009F6E7281000202410002000
:100FA000F8B54FF6FF730380184B03EB810305463A
:100FB0001869B8B186780379B3FBF6F206FB1233F1
:100FC000DBB219460A1D00EB4202B2F902705488E6
:100FD000002F09DB0131B1FBF6F206FB1211C9B299
:100FE0008B42EFD10020F8BDFF29FBD0C4F30E03E4
:100FF000C4782B8024B94FF4D5711720FFF73CFC3F
:101000005380BDE8F8400BF08FB800BF24100020DB
:101010001D4B03EB810370B51C69054644B3030403
:1010200004D54FF4DC711720FFF726FC014620465B
:101030000BF05CF8FF28014604D02046BDE8704064
:101040000BF072B8A078B5FBF0F300FB1353DBB2E2
:1010500019460A1D04EB4206B6F90260002E09DBB0
:101060000131B1FBF0F200FB1211C9B28B42F0D199
:10107000002070BDFF29FBD08B4204EB42021CBF55
:101080000023E3705580D8E724100020094B03EBC0
:10109000810310B51C69014620460BF027F8FF2894
:1010A000014604D02046BDE810400BF03DB80020BA
:1010B00010BD00BF24100020F8B5104B03EB8103D6
:1010C00007461C69014620460BF010F8FF2805462C
:1010D00011D0E688238953EA064606D00146204609
:1010E0000BF022F801463846B04720462946FFF764
:1010F0006DFE0020F8BD0520FCE700BF2410002095
:1011000038B50E4B827903EB82030446186908B99F
:10111000052038BD8278E1799142F9D24B1CE37108
:1011200000EB41035D89B3F90A30002BF3DBA580A6
:101130000AF0FAFF20600020EBE700BF2410002037
:1011400070B5044610F003000E4603D04F2118205E
:10115000FFF792FBFFF71AFE054624B1034831461C
:101160000460FFF713FE284670BD00BF401000204A
:101170002DE9F14FDFF870B09DF828A09DF82C9074
:101180001E46DBF8003007460D4690461BB961212C
:101190001820FFF771FB5246092140460AF02CFE49
:1011A0004A4684B2092130460AF026FE14FA80F13C
:1011B000DBF800000AF06FFF386018B9286001B052
:1011C000BDE8F08F04442C6038685346414609223C
:1011D0000AF0CBFD28684B460922314601B0BDE834
:1011E000F04F0AF0C2BD00BF4010002070B50E469F
:1011F00004460AF014FE054630460AF010FE044B81
:101200002A1821461868BDE870400AF068BF00BF80
:1012100040100020014B18680AF031BF4010002038
:101220001F2AF8B5044613460ED89200033222F066
:101230000303B3F5803F2DD2184DACB1A00710D0F9
:101240005F210920FFF718FBFF2B4FEA420204D968
:10125000FF339A42A8BF1A46E8E77C2AB8BF7C222F
:10126000E4E729706C602B8122F0030201EB81031B
:101270001204D80001276B68120C0025EEB28E42D2
:1012800000D3F8BD14B126181F705E6010440135FC
:101290002833F3E74FF0FF30F3E700BF441000209E
:1012A00038B5144A147853680021C8B2844203D870
:1012B000AB210920FFF7E0FA184601310578283301
:1012C000002DF2D0002181700124128944704468FD
:1012D0008161C161920800F12001051D21F8022BF6
:1012E000994245F8044B1444F8D10023436103703C
:1012F00038BD00BF441000202DE9F8434B788046EC
:101300000C4602F0040602F0FB07D3B1DFB12E4B0E
:10131000D4F804901D89B7BB01236370AD08A761A1
:10132000E76104F120034A46211D04F1280023F857
:10133000025B984241F8042B2A44F8D100236361F0
:1013400001E0002FE3D0FF23A370002E18BF022678
:10135000A3191B7D032B03D1022F1CBF0136F6B24C
:10136000A31901221A7506F10C0204EB860600236C
:1013700024F812307268A370C8F80020A8F804306E
:101380004046BDE8F883002114226170A0180AF0DD
:1013900043F9B5F5FF7F0FD26B08ED1AADB209EB3B
:1013A0000502C4F804902584A2606384C4F80C90FC
:1013B000A5842261E384C6E7B5F5EE6F4FF0FF0325
:1013C000EBD940F27265EAE744100020134B01228A
:1013D00000214FF0FF309A60C3F80012C3F80803F1
:1013E000C3F80015C3F804259A60C3F80803C3F8CE
:1013F0000015C3F804250A490A4A03F580334FF45F
:101400000040C3F80825C1F88000BFF34F8FBFF339
:101410006F8FC1F88001C3F80825704700F00040C5
:1014200000E100E00000F63F0A46192302F8033B02
:101430000448C368C1F8033003695360436993608B
:10144000704700BF50100020024B5A8C02435A8450
:101450005B6A184750100020014B00215B6A184757
:101460005010002010B5154C05F0E8FE05F066FAA6
:10147000208DFFF7F1FF237E63B12246104952F819
:101480000C3BE3606368536004F11900A368936048
:101490000CF02BFE0B4B228D93E8030003F0E6FAD1
:1014A000236B188803F00CFAA36B94F8341094F8AB
:1014B00035009847002384F83C3010BD50100020C0
:1014C000291400007C100020034B93F83C300BB132
:1014D000FFF7C8BF704700BF5010002070B51D4C0B
:1014E000256B636C236495F89430064694F84800A5
:1014F0000BB10430C0B295F869102EB9FF2803D1A2
:1015000095F868308B4201D005F026FD95F89430AF
:10151000D3B1E06C05F032FF012384F86830D5E9DF
:101520003E23E16C206CC4E9182305F0BDF916B91F
:10153000304605F063FF95F86810002005F0A8FF1D
:10154000022384F83C3070BD206C05F017FF05F0D5
:10155000F5F9ECE75010002008B5094B93F83C2052
:10156000022A04D040F253212720FFF785F9DA7AC6
:1015700042F00102DA72BDE80840FFF773BF00BF16
:101580005010002010B50E4CA26F137803F0030327
:10159000032B04D1D378022B01D1002010BDE06FC2
:1015A0000AF0D0FC0028F9D1A36F1B7803F00303E5
:1015B000032BF2D001F0BCFE80F00100C0B2EDE7D9
:1015C000501000202DE9F743424C94F83C30256B35
:1015D000012B06460F465FFA83F804D040F2A4417F
:1015E0002720FFF749F995F884303BB1002185F8B1
:1015F00084100420FFF728FF85F88680A16F0B7800
:1016000003F00303032B05D195F88A3013B90220A8
:10161000FFF71AFFA26F137803F00303032B02D026
:10162000537813BB012385F88A3095F89430B3B111
:10163000D5E93E01236B94F84890C4E918014FF0B6
:10164000010893F8690084F868800AF086FE002299
:101650000346009220494A46404605F0DFF836B17D
:1016600003B0BDE8F043FFF7FDBE0223DBE7002F28
:10167000F6D0D4F88030304698470028F0D094F85F
:101680003430002BECD194F88430DD06C3F3001025
:1016900001D5FFF777FF636CD4F888201B78C3F37C
:1016A00000132AB9B4F88C2013B1B2FA82F35B09A3
:1016B000628C910709D5A36FDB78022BD0D1002073
:1016C00003B0BDE8F043FFF709BF002AC8D10343C8
:1016D000F5D1C5E750100020A010002010B5064B32
:1016E00093F83C2002F0FF0422B91C7603F0B6F90F
:1016F000204610BD0C24FBE7501000200A4B0B4A7B
:1017000070B506460D461A60FFF7E8FF18B1E121F3
:101710002720FFF7B1F8064C012104F18E000CF0F0
:10172000C1FB6664E56470BD08050020FC1E000076
:1017300050100020024B012283F8B020704700BFF8
:10174000501000202DE9F043824D85B002AE86E8AE
:10175000030095F83C100C9F01F0FF0411B90AB189
:1017600003B127B940F26F112720FFF785F896E8FB
:10177000030005F12C0C8CE8030085F8B04085F8D7
:10178000344085F8B14085F8354085F8B24085F899
:10179000B3406C842C852C6BC5F880306A62AF63D3
:1017A00005F018FC05F0CAF894F96C0005F0AEFCE1
:1017B000606A05F0D5FDE06905F0AEFC94F8A40080
:1017C00005F0D0FC2B6B93F8AF310BB105F0F0FBBB
:1017D00094F869209D21012005F01CFD5E4B1868DE
:1017E00005F0C4FD2369EB676369C5F8B43094F86C
:1017F000773073B9226F62B1B4F8BE10B4F8883094
:101800008B4206D1B4F874100B44A4F8BE30012307
:101810001360524E04F5807304F588771868596890
:10182000324603C20833BB421646F7D1D4F8103112
:101830004B4AC5F86930D4F8143153602B6B93F8D8
:101840008E2093F86860A2F12501012903D993F84D
:101850008F10252960D193F856322BB1012E03D079
:10186000012B14BF0226012604F130073146384609
:101870000CF0CDFC31460CF072F9A38F94F869108E
:10188000834228BF0346384685F8B8300CF0A8FCE0
:1018900094F8691094F89460B4F84480042908BF5F
:1018A00003210CF05CF90EB9043080B2404528BF2A
:1018B000404694F894305FFA80F885F8B98085F84E
:1018C00048809BB1D4E93E6794F869004FF0010964
:1018D000C5E9186785F868900AF03FFD00220346C5
:1018E00000921E494246484604F098FF0120FFF747
:1018F000F5FD00232B606B60AB60B4F888306B8023
:1019000023882B8094F8A4302B71A36F0BB1012294
:101910001A6005B0BDE8F083203A012A0CD82329CB
:101920000CD093F8363113F0010211D19B079BD5EF
:10193000012E18BF022697E7232905D193F83621F7
:1019400093F861301340EEE7032E08BF04268BE7BF
:10195000164689E75010002008050020A01000203E
:10196000B910002008B50C4B93F83C201AB9BDE81B
:101970000840FFF777BD93F83C20022A04D040F2DC
:1019800035212720FEF778FF1B6BD3F8C801BDE88F
:10199000084005F005BD00BF50100020014B18762F
:1019A000704700BF50100020014B93F8B200704701
:1019B00050100020024B188DC0F3C020704700BFAC
:1019C00050100020014B93F8B100704750100020D8
:1019D0002DE9F3411E4D82072C6B06460F4622D59A
:1019E000D5F8883023B940F295412720FEF744FF0F
:1019F000B5F88C20296C1846033291F8018009F063
:101A000093FD0DF1020201A92864D5F8B4000AF093
:101A10002CFB01980AF013FB012238604146D5F8EF
:101A2000B4000AF0D9FAF3070ED5D4E93E320133F7
:101A300042F10002C4E93E3294F88C30012B0CBF15
:101A40000023012384F88C3002B0BDE8F08100BF90
:101A5000501000202DE9F04FAB4C002387B0CDE9AA
:101A6000043394F83C30276B022B81468A4604D01D
:101A70004FF4A3612720FEF7FFFE238D590606D4FD
:101A80004020FFF7E9FC238D43F04003238597F8BE
:101A90009430B9F1000F00F02881B3B104F080FF59
:101AA00004F064FF88B9236C5A7872B11B7897F8F8
:101AB0008C20C3F3C0039A4207D1012384F8353048
:101AC000FFF7D0FC07B0BDE8F08F236C5978A4F87D
:101AD0008C1009B3D4F8B4000AF055FAC4F88800A1
:101AE000238D97F88B2043F400732385236C1B7898
:101AF000C3F380039A4200F0B980256B95F88A30D1
:101B0000002B3DD0022B11D1E06F04A90AF0D2F9CD
:101B100028B940F20E41ADE7C4F88810E0E7D5E9F6
:101B20003C32013342F10002C5E93C3295F886307F
:101B3000002185F88A1023B185F886101020FFF760
:101B400083FC95F885309BB1002685F8856001F00F
:101B5000D9FB10B940F225418CE731460820FFF748
:101B600073FCD5E93C32013342F10002C5E93C3255
:101B700095F88B30012B0CBF0023012385F88B30A7
:101B8000238D43F4006323854FF0000B216C97F8FD
:101B90008C200D78C5F3C0039A4240F0988005F080
:101BA0000305032D266B63D0002D6CD196F88C3085
:101BB000013B18BF012386F88C30236C5B7833B16E
:101BC000D6E93E32013342F10002C6E93E3297F8CF
:101BD00093308BB1D7E93C23002697F8680084F84E
:101BE0006860C4E918230AF0B8FB48490096034628
:101BF000FB22304604F012FEBAF1000F40F088805C
:101C0000628C94F8B130120703D5A26FD278022A01
:101C10007ED0012B7CD8D4F8803001209847002852
:101C200076D094F83480B8F1000F71D1266B94F817
:101C3000483096F894208DF80D80002A40F0B3804B
:101C4000FF2B96F8681003D196F869308B4202D0CA
:101C5000FF2005F081F996F88A30032B00F23881D5
:101C6000DFE813F0A400D5001D012E01CB468DE75F
:101C7000238D012043F4805386F8840023850025BA
:101C8000FFF7E2FB92E74D78002D8FD0238D96F879
:101C9000945043F48053238505F008F9042894F800
:101CA000B93006D1002D14BF1B221F22934228BF3A
:101CB0001346226C52789A420BD8D4F88850002DE3
:101CC00085D094F8B03073B12020FFF7C5FB002514
:101CD0007DE794F83430012043F0100384F8343069
:101CE00006F084FCF3E74D4660E70BB104F08EFE8E
:101CF00094F8B130013384F8B130238D002543F4DA
:101D000080632385AB4662E750100020A0100020BE
:101D100005F0DEFB4FF0010A1DB105A90220FFF717
:101D200057FEBBF1000F0DD0B4F80720B4F8053012
:101D30001343B7F8882013431EBFB4F809300133AA
:101D4000A4F80930B9F1000F00F0CA80B4F80530EA
:101D50000133A4F80530002384F8B130634802F061
:101D60009DFD049830B10AF06AF9216B00220272DD
:101D700002F044F9059B33B1216B00221A720C2248
:101D8000059802F009F9BAF1000F7FF499AE238D9E
:101D90001B063FF597AE8020FFF75EFB238D43F0D7
:101DA000800323858EE60433DBB249E794F8B8302C
:101DB000ADF80E304E48A6F8583001F093FA50B105
:101DC000A16F4FF48070FFF73FFB012386F8853049
:101DD00084F8B3301DE0E06F0DF10D020DF10E013E
:101DE0000AF045F8A06790B196F8D1307BB99DF81C
:101DF0000D302BB903808370A06F01210CF052F8D5
:101E0000BDF80E10A06F0CF019F90123E0E7394B73
:101E1000A36796F88B30A26FDB0003F008011378FC
:101E200003F0F3030B4396F88C10890001F00401D2
:101E30000B4323F010031370FFF7A4FB0028A06FDF
:101E4000037818BF4FF0100848EA030880F80080B4
:101E500096F89330002B3ED04378002B3BD0E06CBB
:101E600005F08CFA002384F86830D6E93C23A16F92
:101E7000E06CC4E9182304F017FD96F869100120FE
:101E800005F006FBA26F1188A4F8841091781A4A15
:101E9000012384F8B230917084F83C303CE7B6F806
:101EA0005830E06FADF80E300DF10D020DF10E015E
:101EB00009F0DDFFA0670028A7D140F2F321D9E5A2
:101EC0000B4801F00FFA00289FD140F2FD21D1E527
:101ED00040F20B31CEE505F051FA04F02FFDCCE7CE
:101EE000B4F807300133A4F8073037E77C1000203E
:101EF000C8100020DE100020D4100020591500006A
:101F0000551A0000C5150000C91400000B2808B5BB
:101F100004D940F2C1310620FEF7AEFC014B33F884
:101F2000100008BDA40003002DE9F04F8BB004465B
:101F300015460293894690F869B00BF068FB064697
:101F400094F8B001FFF7E2FF94F88F300393064452
:101F500085F00103B6B2059355BB94F8F431032B19
:101F600026D1039B0D2B23D1B4F854324B451FD1FE
:101F7000D4F8FC31C4F8E831A369B4F8CC21C4F832
:101F8000EC31B4F842321344C4F8F031204604F086
:101F900065FBD4F85832A362B4F85632A385D4F85E
:101FA0005C32A361D4F860322362022384F8F431F6
:101FB000B4F84072B4F88880A9EB07073FB204F583
:101FC0000473A9EB0808002F04930FFA88F86EDA5F
:101FD000D4E98A234746C4E98E2301230493CC4BDA
:101FE0001B7803F0FF05002B54D00DF01DF80546BB
:101FF00000284FD0B4F8E031012B6DD994F8F431BA
:10200000022B69D094F80A52002D65D194F8B001E2
:10201000FFF77CFF94F8F43100F5C866012BB6B2E7
:10202000D9B24CD194F89230D4F828A0032B40D1E7
:10203000D4F8EC5155443146D4F8EC010CF0EEFFE5
:10204000D4F8E831C4F8E801A0EB030AD4F8F03181
:102050003146284603FB0AFA0CF0E0FFD4F8F851A9
:10206000C4F8F801451B3146A0690CF0D7FFAA441B
:10207000B4F8CC51D4F8F0314544ED1BDB432B448C
:10208000D4F8FC51451B05FB03A50123C4F8FC0152
:1020900084F80A3294F8F431DFF874A2032B00F2CA
:1020A0008E81DFE813F01B0016016B003701029BE5
:1020B00094E728460BF07BFD00EB0A05BBE7A0691F
:1020C00031460CF0ABFFB4F8CC51D4F8FC314544A8
:1020D000ED1BC31A5D43D8E70025DBE70121002093
:1020E0000BF065FD8046A06A314640440CF096FF37
:1020F0003146C4F8F801A0690CF090FF07A9C4F8B4
:10210000FC0108A805F0ECF9079B0093D4E98E01C7
:10211000DDE9082308F058FD834620460AF041F91E
:10212000D4F84432A66A94F869001E4405F01EFBF8
:10213000D4F8F811A6F194077F1A00F523404FF464
:102140007A734744A130B0FBF3F0A38DA7EB0B07E4
:1021500030313F1A03EB410194F869000AF00DF9A0
:10216000D4F84432FB1A2230B3F5917FCAF8040048
:1021700058D240F2C6413020FEF77EFBA36AD4F865
:10218000EC01314618440CF049FF3146C4F8F8011F
:10219000A0690CF043FFC4F8FC0120460AF001F9E5
:1021A000B4F8CC31A66AD4F8EC71002B40F08D80E5
:1021B000029B002B00F0898094F8690005F0D6FAA4
:1021C0003E44D4F8F871943ED4E98A23F61BD4F83F
:1021D000307280463E4494F86900B61A05F0C6FA9B
:1021E0004FF47A7300F2E73708F52340B7FBF3F7B3
:1021F0003744A130B0FBF3F0D4F8F811D4F8E8314B
:10220000D4F8F021303102FB0311A38D3F1A03EB08
:10221000410194F869000AF0B0F80123CAF80400FB
:1022200084F8F431A6696FF4F4731E44D4F8FC31D9
:10223000F61ADAF804309E4228BF1E46D4E98E32E0
:102240007F1BDF1942F100024FF00008C4E98872D9
:10225000C4F8C86184F8108204F130000BF0BEFFAE
:10226000B4F8B811A4F84092D4E98823A1EB090985
:102270000FFA89F9C145C4E98E23C8BF022384F847
:102280001882C8BF84F81832039B06440D2BC4F88B
:102290001462029B00F09680002B40F0948094F82A
:1022A000F431002B00F0AD80A169D4F8FC3104F5C5
:1022B0000470C91A0BF022FC80B2002800F0A18043
:1022C000149B03B118800120ABE0D4F8F801374427
:1022D00092E7D4F8FC21A369D4F8F001D4F8E8110E
:1022E0009B1A5F43B4F8CC319844C3439844D4F864
:1022F000F831303301FB0033A18D94F8690002FB03
:10230000083301EB43010AF038F8CAF8040089E702
:102310000C110020A369D4F8FC219B1A5F4394F8A8
:102320008E30252B03D094F88F30252B0AD1B4F8AA
:102330005432A9EB03031A0404D494F85732002B47
:1023400018BF9B46049B63B3B4F8CC314BBBD4E9B4
:102350008A23D4E98C0182428B4102D340F21A5184
:1023600009E794F8690005F001FAD4F8302206462E
:10237000D4E98A01A2F194031B1A3B4494F8690042
:10238000049305F0F3F9049B00F2E7374FF47A72F7
:1023900006F52340B7FBF2F71F44A130B0FBF2F083
:1023A0003F1AB4F8CC11D4F8FC31414459433031D0
:1023B0004900584609F0E1FF1B4B586032E740F2F4
:1023C0003251D8E6EBB1B4F8E01121B3B4F8E22110
:1023D00094F8E431A4F8E22102FB0333994202F1BC
:1023E00001000EDD94F818325BB1002384F8183236
:1023F000A4F8E20101F098FE00F00700013084F833
:10240000E40194F80B0204F5047107F0A9FC20B96B
:1024100040F27B51AFE60A46DAE7059B84F80832C2
:1024200000200BB0BDE8F08F0C1100202DE9F04129
:1024300004460D46164690F8F83003F0FF071BB12E
:102440000C273846BDE8F0810146454807F03CFBC3
:1024500020288046F4D05822394604F1D00009F0F3
:10246000DBF884F8D080C4F8D450FF2384F8F83027
:1024700035B101F071FE00F00700013085F8E4018C
:1024800002234FF00008A4F8083184F800810CF012
:10249000D1FD00F19E0520460CF078FBADB201465F
:1024A00070B30BF0B4F800F5CD6189B230460CF092
:1024B000B5FD3044C4F804010CF01EFF281841F1AA
:1024C0000001C4E94401012084F8D800A4F8268062
:1024D0000CF01AFCDB3E361AC4F8DC604FF0FF3219
:1024E0006FF00043C4E9462394F8D00004F58071EE
:1024F00007F036FC48BB40F2C1113020FEF7BCF9B2
:1025000020460CF067FADFF85C80DB30C4F8040189
:10251000B8F8080048B1E08C38B101F01DFEB8F8F9
:102520000830B0FBF3F202FB130005440CF0E4FEAC
:102530002D1841F10001C4E94451002ECED0751987
:1025400041F10001C4E94651CEE7D4E9442300211A
:10255000C4E93A23C4E93C2320460CF034FB70E77D
:1025600075C600000C110020F0B5002385B0CDE940
:10257000003301238DF806306846FEF7C1FD70B1C7
:102580001B4E0123B3720027CDE9027702A8FEF7A4
:10259000B7FD0546A8B10023B37205B0F0BD0098A1
:1025A0000AF021F9E8E790F80B0208F0CBF994F86B
:1025B0000B0284F8F45107F0B3FA202384F80B32AD
:1025C000E2E7029B002BE1D093F80B22202ADDD01A
:1025D00018884FF6FF739842DDD02946FEF756FD66
:1025E00004460028DFD140F22B113020FEF744F9D9
:1025F0000C110020054B00220121DA7219709A7229
:1026000042F210721A81FFF7AFBF00BF0C11002019
:10261000014BD872704700BF0C11002008B504F0C0
:102620004BFC044BDA6882422ABF987A002080F083
:10263000010008BD0C1100202DE9F74304460629CE
:1026400000F2C480DFE801F0047A67777E83BD0082
:10265000D0E98A23D0E98C0182428B4149D294F897
:102660000A32002B45D094F8F431032B41D194F871
:1026700069900AF0CCFF064694F8B001FFF746FCDB
:10268000D4E98A23D4F83072D4F8C851804606447D
:102690004846BF1A05F062F82D1A484605F066F85C
:1026A00000F523404FF47A73A130B0FBF3F02B1AFE
:1026B000A3F17402B6B25208D43B08F5C8689D3243
:1026C00073431FFA88F8B3FBF8F360335908A2EBA1
:1026D00053039F4202D30A44974201D90CF0A6FC4F
:1026E000A06931460CF09AFC0023C4F8FC0184F880
:1026F0000A32384B9B7A03F0FF0263B9B4F8BC117D
:10270000009201232046FFF70FFC38B140F2CA6166
:102710003020FEF7B1F8042384F8F43104F0E0FD32
:1027200007F08AF8B4F88820A4F806220023A4F859
:10273000423284F8093203B0BDE8F083032380F805
:10274000F431F8E704F0D8FBC4E98C01F3E78569BC
:10275000D0F8FC31DFF87C809D4288BFED1A98F8F4
:102760000B3098BF00251BB9036B9D4228BF1D4647
:1027700004F13000D4F8C8710BF030FD074402209A
:1027800007F064FFED1B25EAE575854228BF054685
:102790000221284607F0AEFF00B92F4440F2D312C1
:1027A000394620460BF06BFDD4F8C831C8F80C0050
:1027B000A069184407F0FCFE0028BCD140F2793132
:1027C000A6E703B0BDE8F04309F0EBBD40F2657148
:1027D0009EE700BF0C1100202DE9F84306460C4689
:1027E00015467ABB04F068FBD4E94489074684F8AF
:1027F000D85084F8F8500121D4F8D40001F002F93F
:10280000D4F8D400C0E98A8994F8D03080F80B322B
:10281000C0E98E89C0F8447209F0DEFE20B140F2B2
:102820000A713020FEF728F804F05AFD07F004F88A
:10283000074994F8D000324605F0C8FE28B94FF495
:10284000EF61EEE740F28F71EBE7BDE8F88300BF80
:10285000CBC30000014B1881704700BF0C11002052
:10286000F0B5070CA7F5AA42144B543A012A03EA23
:1028700090231FD927F4004042F6AA22801A18BFDD
:1028800001200022162116461F2487EA060562EA67
:102890000505013510D0DD03ADB245EA5606E50366
:1028A000ADB2013945EA52024FEA53034FEA5404EC
:1028B000EBD1F0BD0020E4E70020FAE7E0FF3F00A5
:1028C000304BF0B51A88B0F85C70B0F85A605D888B
:1028D000974228BF1746964228BF16461B2E85B042
:1028E0000C462ED0B5F5A47F2DD040F648039D426E
:1028F00001A928BF1D460AF0D8F8BDF80A309F424A
:1029000028BF1F46BDF80C30E780AB4228BF2B46DE
:102910002381BDF806309E4228BF1E46BDF8083010
:1029200066809D4228BF1D46A580FF232370E38853
:102930001B3B9BB2E02B08D940F2F7513920FDF741
:102940009BFF1B2FCED105B0F0BD63881B3B9BB214
:10295000E02B02D940F2F951F0E72389A3F5A473E3
:102960009BB2B3F5E06F02D940F2FB51E6E7A388D2
:10297000A3F5A4739BB2B3F5E06FE4D940F2FD5127
:10298000DCE700BF1C11002010B501210020FEF77C
:102990007DFB044670B90121FEF73AFB044620B9DD
:1029A00040F23D313920FDF767FF034B93F90410E6
:1029B0000BF0D4FF204610BD1C11002008B50BF011
:1029C00035F800F061FE00F0EDFB0BF066FB01F066
:1029D000B9F801F0D3FF01F0CDF8084B1B224FF4FA
:1029E000A4711A805980064B06499A80002219600A
:1029F000DA825A821A835A7408BD00BF1C11002063
:102A00004415002003021B00044B41F64C52C3E95D
:102A100002221B221A74FFF7D1BF00BF4415002009
:102A20002DE9FF41344DAB68044640F8303F09F0D2
:102A300011FF064600F0A6FB2B7C84F838302F4BA4
:102A4000668710F0200F1B681DBFAA886988A4F84C
:102A50005A101B2208BFA4F85A20A4F85C201BB10E
:102A600094F96C1020889847AE7CEF7CB5F8148000
:102A700041F64C53A36116B900F08AFB064677BBBA
:102A800000F086FB074666B358B303A920468DF8CD
:102A90000C608DF80D70ADF80E800BF084F8AB88EB
:102AA0006A886978019103332978009103329BB2D7
:102AB00092B204F1140104F11000FEF759FB2369EE
:102AC00013B940F2CE5114E0636913B940F2CF510B
:102AD0000FE0002004B0BDE8F0810920FAE7002EE5
:102AE000D3D120880021FEF7E7FA0028F5D040F284
:102AF000B9513920FDF7C0FE441500200C05002017
:102B0000F7B505460E460BF060FF002873D0284647
:102B10000CF03CF840B1B6F80130013B7F2B03D9F3
:102B20001224204603B0F0BD28460CF033F808B953
:102B30000C24F6E7284609F042FF0028F8D1284681
:102B40000BF0FDFE04460028F2D1284602F0D6FB29
:102B50000028E5D0B6F80170F17842F210732846EB
:102B60005F430CF000F828460CF008F8014658B90D
:102B70003A462846FFF75AFC04460028D1D041F6D1
:102B800083113920FDF778FE21460DF10600FEF78E
:102B900007FA064668B3214600F034FFBDF8063058
:102BA0003380284631460BF0FFFF28460BF0F8FF34
:102BB00098B928460BF0F6FF01463046FFF730FF84
:102BC00004460028ADD13A4631462846FFF72EFC90
:102BD000044620B141F6A611D3E70121EDE7074BEA
:102BE0009B68002B9DD0024606F5957130469847AC
:102BF00097E70D2495E7422493E700BF1C110020BE
:102C0000034B5A8802801B7883700020704700BFF6
:102C10004415002037B583781A2B054609D8042BB4
:102C200005D9012202FA03F3134A134205D11224F3
:102C30001AE0292B01D03B2BF9D12888B0F5706F11
:102C4000F5D269460AF041FF88B9019B93F8282123
:102C500002F0FF046AB9AA7883F82921FF2283F8D9
:102C6000282168460BF0F4F9204603B030BD022459
:102C7000FAE70C24F8E700BF200038040188A1F12E
:102C80001B039BB2E02B0CD84288A2F5A4739BB225
:102C900044F24810834204D8034B002019805A8024
:102CA00070471220704700BF1C110020034B1A8888
:102CB0005B88028043800020704700BF1C11002009
:102CC00038B504784278857804F0010352EA0301AC
:102CD00004F0020401D1112038BDBCB9002DFAD096
:102CE000002B08BF144601E000242546204609F0C9
:102CF000A7FE0028EFD0284609F0A2FE0028EAD05F
:102D0000054B00209C74DD749882E5E7002BEBD125
:102D100014461D46EAE700BF4415002013B500889D
:102D200069460AF0D2FE18B10224204602B010BD56
:102D3000019A92F8F431DBB292F8B020002AF3D174
:102D400013F0FB0FF0D0019890F83A310BB13A2410
:102D5000EBE790F8DC3003F0FF04002BF7D190F89C
:102D6000D3309B0706D1FF2380F83A3168460BF039
:102D70006FF9DAE70249D4300BF0B7F9D5E700BFB5
:102D800015E80000F0B50778EF2F85B004460D4632
:102D900003D91225284605B0F0BDB0F80130ADF8D2
:102DA0000C309DF90C209DF80C30002AF1DB9DF8C9
:102DB0000D209107EDD1DA063FD49E0603F0030201
:102DC00038D5002AE5D11807E3D46378190711D460
:102DD0002179E278E07942EA0122617942EA01420E
:102DE000A17941EA0021207A41EA00418A42D0D803
:102DF0001F2ACED9627A013A062ACAD8A27A032AB1
:102E0000C7D813F0040102D1023A012A03D8E27AAA
:102E1000012ABED811B9A27C032ABAD813F0100136
:102E2000227D19D0012AB4D1227E012AB1D8B1B9AC
:102E30001125AFE7032AC6D1ABE713F0600FA8D185
:102E400003F00F0203F00703052BBED0931E012BE6
:102E5000BBD9002A9DD1B8E7022AE5D199E7DA0764
:102E60001FD46378227D03F0180108291ED1022A9D
:102E7000DED11B0709D4E279A37943EA0223227A3F
:102E800043EA0243B3F5804FD2D8BFB2012138469E
:102E9000FEF7FCF8064678B109F091FDB8B10C25B3
:102EA00078E700F031F90028DBD1C1E7022AE0D051
:102EB000A27E002ADDD0BBE701213846FEF7A8F844
:102EC000064650B3164B93F904100BF047FD3046FD
:102ED0000BF051FE21462870E07430460BF096FD51
:102EE000637E0546002B3FF455AF00287FF452AFB8
:102EF000316B02466846FEF7FFF9306B2A46012126
:102F000009F07BF9316B68460422FEF7F5F9306B66
:102F10002A46294609F071F93CE707253AE700BF40
:102F20001C11002070B50579042D8AB0034658D8CD
:102F30004488B4F5804F54D82B48465D284400217E
:102F40004279857AC07BADF8041042F0100242EA63
:102F5000460242EA850242EAC00202F01F028DF8F0
:102F60000420BDF80420ADF80D201A888DF80F203C
:102F70008DF81240120A240A8DF811108DF81410E1
:102F80008DF810208DF813405A7B8DF815205A7952
:102F90008DF816209A79D3F807008DF81720B3F82A
:102FA0000B209B7B8DF81E307F238DF81F30012373
:102FB0008DF80C1006908DF82110ADF81C208DF8BE
:102FC00020308DF8223003A88DF823108DF82410BE
:102FD0008DF825108DF8261001A9FFF7D3FE0AB051
:102FE00070BD1220FBE700BFBC000300027803465F
:102FF00072B1427862B142881A2A09D982881A2AA3
:1030000006D9044A006810609B88938000207047AE
:103010001220704744150020024B02689A6000207D
:10302000704700BF441500200378A3F10A02112A5B
:103030009DBF024A002013741220704744150020DF
:1030400008B5052000F090F803F038FB014B024A68
:103050009A6008BD1C110020C128000008B502F0CC
:1030600035F9FFF7C7FABDE80840014802F018B982
:103070002811002010B50B4C012384F8023102F016
:103080002DF90BF001FF0AF0CFFC04F203112046EA
:10309000FEF734FB002009F04FF8BDE8104000F0C7
:1030A00055BF00BF2811002010B5064C064904F595
:1030B00002700AF071FA04F503700449BDE810408B
:1030C0000AF06ABA28110020100500201805002017
:1030D00010B5094C094904F502700AF05DFA04F5CF
:1030E000037007490AF058FA04F504700549BDE871
:1030F00010400AF051BA00BF281100202805002016
:103100003005002020050020014B93F80201704794
:103110002811002010B5074C00F0F4FED4F8080286
:103120000AF032FAFFF770FC01F02EF8012384F860
:10313000143210BD28110020014B93F8140270477F
:103140002811002010B5074CD4F80C020AF01CFA24
:10315000D4F810020AF018FAFFF730FC002384F8C4
:10316000143210BD28110020C2080549012300F0C7
:10317000070003FA00F08B5C18438854704700BFC7
:10318000D0040020014BD3E900017047D004002097
:10319000034B1868C0F30020400040F00100704766
:1031A000D004002008B50BF043FF084A002332F892
:1031B0002310814205D302EB83039B78044A1370EA
:1031C00008BD01330C2BF2D10023F7E7D000030038
:1031D0003D13002010B544682388A4F8783194F892
:1031E000683084F87711012B06D0022B04D040F20E
:1031F00017310620FDF740FB84F87A3194F86930E6
:10320000012B01D0022BF2D184F87B31044904F563
:10321000B7700AF06AFF002384F8343110BD00BF94
:1032200013D60000406808490388A0F86A3190F876
:10323000603080F86C3190F8613080F86D3100F2C8
:1032400061100AF04CBF00BF29D60000044B0022D9
:1032500083F822204FF6FF729A84DA841A85704729
:103260003E130020054B9A8C824201BF002283F856
:1032700022204FF6FF729A84704700BF3E13002051
:10328000014BD884704700BF3E130020094A034613
:10329000908C4FF6FF71884206D192F822100129D6
:1032A00005D01A6001207047002018607047002088
:1032B000704700BF3E130020064B93F82220012ADE
:1032C0001FBF0120DA8C83F822009A8408BF0020F7
:1032D000704700BF3E130020014B1885704700BFA8
:1032E0003E130020064B0246198D988C884205D16A
:1032F00093F8220018B11360012070470020704736
:103300003E130020094B998C1A8D914201D0002068
:1033100070474FF6FF729A8493F82220002AF6D065
:10332000002283F822200120704700BF3E130020B6
:10333000054B998C1A8D914203BF93F82200B0FA85
:1033400080F04009012070473E13002050B90A4A1E
:103350001346012003F8010B0868C2F801008A88AF
:103360009A807047012805D1034B0A689A608A88C1
:10337000D8719A81704700BF6813002048B90A4B82
:10338000187880B1D3F80120B3F805300A608B803B
:103390007047012806D1044BD87920B19A680A6099
:1033A0009B89F4E7002070476813002020B9054B83
:1033B000187800F00100704701280ABF014B002077
:1033C000D879F6E768130020F7B500228B888DF8CE
:1033D0000600ADF8043008680C4B8DF80720019DFD
:1033E0001C78014603F5AC73D0B2844201D80820A2
:1033F00009E0D3E90076AE4208BF8F4203F108032B
:1034000002F10102F0D103B0F0BD00BF781300203B
:1034100030B5094B01465C78002203F58173D0B2C8
:10342000844201D8082005E013F8015B8D4202F1C7
:103430000102F4D130BD00BF78130020F8B52E4C46
:103440006278013AD2B22318824293F80251627034
:1034500032D0130101019E1C8F1C2644274406F123
:10346000100C56F804EB47F804EB6645F9D18233AB
:1034700082312344214403F1100653F8047B41F8C0
:10348000047BB342F9D1A618211896F8023181F8CD
:1034900002314FF48577062313FB027213FB007091
:1034A000A318A258225004EB000C9B88ACF80430FF
:1034B00096F83A3181F83A312846FFF7A9FF0828F3
:1034C00018D12378013BDBB29D42237012D02B33FD
:1034D00004EBC30393E8030005F12B0204EBC202E3
:1034E00082E803002078FFF793FF08281CBF241808
:1034F00084F80251F8BD00BF78130020F0B5254DC7
:1035000095F8984189B0224605F29911684608F06D
:103510000BF8214668460AF0A8FA0446B8B300EB57
:103520004001C9B202A8FDF72FFB601E95F8A1610A
:10353000C0B2012495F8982105E0731CB3FBF2F1A9
:1035400002FB1133DEB206F120030DEB030111F88B
:10355000203C002BF1D100EB400220326A4406EB04
:1035600046032B4412F8187C83F8A27112F8177CDA
:1035700012F8162C83F8A37183F8A42101F8204CCB
:103580000138AB19C0B2FF2883F89941D2D109B0F4
:10359000F0BD00BF7813002070B5064688B00C4619
:1035A000002A4FD02A4A92F8A131D01890F89911E8
:1035B00021B94FF480712820FDF75EF903EB430138
:1035C0001144013391F8A251E57091F8A35191F89B
:1035D000A41161710021257180F8991192F8981158
:1035E000B3FBF1F001FB103382F8A13192F8C23144
:1035F00023B9184902F5DD700AF074FD657905F00C
:103600003F0545F0400565710D220021684608F030
:1036100003F8E3788DF80F3023798DF80E3004AA83
:103620000423694630468DF80D5007F01FFD9DF8C4
:103630001F3023709DF81E3063709DF81D30A370FD
:1036400008B070BD03216018FDF79EFAD6E700BFF1
:1036500078130020FD340000044B5A78824286BF64
:103660001B1893F84A010020704700BF7813002010
:10367000044B5A78824286BF1B1893F842010020FF
:10368000704700BF78130020064B00224FF4617191
:103690001A8083F8C32183F8C421A3F8C61183F8E4
:1036A000C221704778130020014B83F8C401704792
:1036B000781300202DE9F047824689461746984640
:1036C000FFF782FE08280546064603D0FFF7A0FE56
:1036D000082863D1334C6378072B61D8082D18D1A3
:1036E0002678731C072E237003D96B212820FDF741
:1036F000C3F806F12B03DAB2D9F8000044F832001F
:1037000004EBC20104EBC303B9F804208A8083F8F8
:1037100006A065786B1C290163704B1C07F1100231
:10372000234412F8010D03F8010FBA42F9D1813197
:1037300008F11003214413F8012D01F8012F9845D9
:10374000F9D1102140460AF0CDF92544102185F821
:10375000420138460AF0C6F985F80261667885F8B4
:103760004A01002385F83A3131460F480AF07DF9C5
:10377000314605460D480AF078F9012D03D8002896
:1037800018BF0135EDB284F898510025284684F819
:10379000A151FFF7B3FE2846BDE8F0871220FBE7F2
:1037A0000720F9E778130020BA140020C214002083
:1037B00010B5064B5878013840B2002800DA10BD29
:1037C000C4B22046FFF73AFE601EF5E778130020EA
:1037D000014B83F8C301704778130020014B93F825
:1037E000C301704778130020431E9BB24AF2B71200
:1037F00093429DBF024BA3F8C601012000207047F1
:1038000078130020014BB3F8C601704778130020ED
:1038100030B50A4B5C7884420ED9184490F8020106
:103820002B3003EBC004A5790D7053F83000106005
:10383000A3889380012030BD0020FCE7781300208E
:103840000246074810B590F8C34124B1417821B130
:10385000023002F059FF204610BD0C46FBE700BFC6
:10386000781300202DE9F74F2F4C9A466378834256
:103870008046894656D9231893F8425185F00105B0
:10388000F9B193F84A31E3B945F002070135BAF1CD
:10389000000F18D1FA070AD5062101FB084104EBF5
:1038A0000810524601F585718230FFF775FEBB079F
:1038B00034D504EB0810524649460230FFF76CFE3F
:1038C0002CE02F46E3E794F8A1614FF0010B002DA7
:1038D000E0D0A319019393F8991199B90092DAB144
:1038E00000F022FC06EB46012144019B81F8A20175
:1038F0004FEA102C009A81F8A3C1000C81F8A401B2
:1039000083F899B194F898310136B6FBF3F103FBD3
:103910001166F6B2013DDAE747F00407384603B016
:10392000BDE8F08F0027F9E778130020074B5A789D
:10393000824209D91A1892F842212AB9062202FBBA
:10394000003000F585707047002070477813002024
:10395000064B5A78824281BF1B1893F83A01B0FA9D
:1039600080F0400998BF0020704700BF7813002006
:10397000F8B50E4607460621304615460AF0B2F85D
:10398000044640B10A482946427800F59D7007F088
:1039900043FE2046F8BD314638460AF082F8082832
:1039A0001FBF034BC018012480F83A51F1E700BF54
:1039B0007813002030B50024A0F84240B0F846400B
:1039C00042F210754C43B4FBF2F4A0F84640541E8A
:1039D00005FB0343B3FBF2F3A0F84430084BB3FB01
:1039E000F2F30133A0F84A30838F05FB0344436BA5
:1039F000B4FBF2F459438463B1FBF2F2426330BD8D
:103A0000005A620270B504460D4649BB4FF420725D
:103A100007F002FE012384F896306FF0360384F835
:103A2000E330042384F8E4306FF03B0384F8E5309E
:103A30006F2384F8E6306FF03F0384F8E7302B23E0
:103A400084F8E230FE2384F81E317F2384F88D3021
:103A5000202384F8E85084F8E95084F80B3270BDD4
:103A6000012922D10023A0F8CC3180F8C331154BB5
:103A700082691344B3FBF2F3C0F8B83040F6B833B0
:103A8000A0F8BC301146438C8030FFF793FF07F05D
:103A900005FC30B1E069FEF7E3FE10B984F8AF51E0
:103AA000DDE7002384F8AF31D9E70229D7D1B0F898
:103AB0006232D0F85C228169BDE870408030FFF747
:103AC00079BF00BF7FC3C901034B80F86C101B682E
:103AD0000BB100881847704738050020074B93F951
:103AE00000301844142804DC10F17F0F03DB40B2CF
:103AF0007047142070476FF07E007047401500201B
:103B000007B57F230DF107008DF8073003F0B4FCF3
:103B10009DF9073068B10A4A5078404243FA80F074
:103B2000142808DC10F17F0F07DB40B203B05DF80A
:103B300004FB1846FAE71420F8E76FF07E00F5E77B
:103B400040150020024B00221A705A70704700BFC7
:103B500040150020054BFF221A70054A01681160CC
:103B60000179117100221A70704700BF42150020C0
:103B7000D804002007B5064B186800901B798DF813
:103B800004306846FFF7E6FF03B05DF804FB00BFB2
:103B9000426D03000346407848B1DB783A2B05D8E4
:103BA000034AD35C1B1A58425841704701207047A2
:103BB000000103003A2908B5C17003D8064B5B5CCD
:103BC000437008BDFF2904D04FF489612A20FCF717
:103BD00053FE0123F4E700BF000103002DE9F04389
:103BE00085B0894602A91446984609F06EFF05463D
:103BF000002839D1039E34B9012486F89540204627
:103C000005B0BDE8F08337692146384608F0CEF8A4
:103C1000014658B3174B5B88A34229D301AA384603
:103C200008F007FA96F895300198002B0CBF49462A
:103C300002210AF037F9019822464146033007F085
:103C400073FC2146384608F0F6F8044618B97A2184
:103C50002B20FCF711FE02A80AF0FAF9039BA3F847
:103C6000BA5186F89550CAE70124C8E70446C6E76A
:103C70002C46C4E744150020024B987DC04300F059
:103C80000100704744150020034B987D80F002002E
:103C9000C0F34000704700BF4415002083230B7021
:103CA000014B1B78CB707047601500207FB505462F
:103CB0000C4621B94FF48B711020FCF7DDFD038811
:103CC0008B8000234B724669304608F0A4F9014608
:103CD00010B940F21F11EFE701AA304608F0A9F928
:103CE000E08010B94FF49271E6E7FB2802D94FF457
:103CF0009371E1E701980AF0DDF8012801D002286C
:103D000005D12072206828B940F23D11D4E74FF464
:103D10009B71D1E70199E288033107F005FC304639
:103D200008F08FF910B94FF4A171C5E700213046B2
:103D300008F0E5F810B940F24711BDE70A4BDA7D0B
:103D400082B11A8B2888013A02A91A8309F0BDFEB4
:103D500010B14FF4A871AFE7039AB2F8A63001335F
:103D6000A2F8A63004B070BD441500202DE9F74339
:103D700006460D464FF0050800274FF003092B6952
:103D80003BB11B7A2BB12C699CB9002003B0BDE874
:103D9000F0836C68237A012BF7D0EFF3108372B6AF
:103DA0006A6812686A6003B962B6237A002BE6D0AB
:103DB0002C61237ADBB284F80880013B0B2B66D898
:103DC000DFE803F0620620345F653D656565655296
:103DD000636823B94FF4EE711020FCF74DFD2046C7
:103DE000314698470420EFF3108372B6227A052AF1
:103DF000D1B201D0002953D127722F61002B4BD1B2
:103E000062B649E0636813B940F2E511E4E7314670
:103E1000204698470346C3F30723012BADF804005F
:103E2000C0B237D0022BDED12F6135E0636813B901
:103E300040F2EF11D0E7204698470020D3E76368AF
:103E40000BB9DB21C8E70B2232701988A6F80310E2
:103E5000012200241869B2707271B471214608F011
:103E60004EF82C61042091E7606810B940F21A21E5
:103E7000B2E70E4B31461B68984700232B610220A6
:103E800084E740F22321A7E740F22621A4E740F28D
:103E90002921A1E784F8089000283FF470AF75E766
:103EA000002B7FF46CAF62B669E700BF3C050020D1
:103EB00070B5134C1426231D32460021184607F016
:103EC000ABFB03460125257400210433324604F17F
:103ED0001800C4E9013307F09FFB84F8245004F173
:103EE0001C03C4E906330023E362236384F83430FF
:103EF000C4F83530C4F8393084F83D3070BD00BFA7
:103F00006015002010B5084C2378FF2B04D04FF427
:103F1000B7711020FCF7B0FC07F0F0F82070BDE896
:103F20001040FFF7C5BF00BFDD04002010B5034CF3
:103F3000207807F0FFF8FF23237010BDDD04002078
:103F4000014B187807F006B9DD040020014B024A46
:103F50001A6070473C050020AD3C000038B50B4DA1
:103F600005F118010446FFF701FF70B9AB681B7A31
:103F70000C2B04D1064BDA7D0AB11B8B2BB12046EA
:103F80000449BDE83840FFF7F1BE38BD6015002098
:103F9000441500206415002010B51346027A22B1A2
:103FA00040F2C9211020FCF767FC0A46BDE810402A
:103FB000014601480AF073B864150020044890F8DF
:103FC00034301BB903492C300AF086B8704700BF63
:103FD0006015002091E000000346064890F83E205E
:103FE0003AB190F83D2022B900F8353B02490AF079
:103FF00073B87047601500209D3C000010B50A465C
:10400000037A23B140F2D1211020FCF735FC0146A0
:10401000BDE81040014807230AF041B87815002098
:104020001346027A0AB1037270470A4601460148F4
:104030000AF035B8641500201B234FF01B1283844F
:10404000038482618382C260038539B94FF4A4730B
:10405000034AC3844384C261C3820261704700BFC4
:10406000480148010346F0B4B3F85420B3F848407F
:10407000B3F84460DF8FB3F84250944228BF14462F
:104080000846B3F84C20B3F85610DC878A4228BFA4
:104090000A46B3F84610A3F84220914238BF1146B1
:1040A000A64238BF2646A742A3F84460A3F84610AC
:1040B0001FD1AA1A18BF0122B3F84A50B3F85040D2
:1040C000B3F852709E8FB3F84010A54228BF254622
:1040D000B3F84E409D87BC4228BF3C46AE42A3F891
:1040E000404002D1A14200D12AB1F0BC034909F0FD
:1040F000FCBF0122E0E7F0BC704700BFF1E0000028
:104100000B8BA2F80B304B8BA2F80D308B8BA2F8E7
:104110000F30CB8BA2F809000249A2F811301046EB
:1041200009F0DDBF41E10000094AD2E90003434044
:1041300083EAB01181EA43214FEAF3435360054B10
:10414000116058434FEAF06000EB8000704700BFF9
:10415000A0150020BB79379E094AD2E900034340ED
:1041600083EAB01181EA43214FEAF3435360054BE0
:10417000116058434FEAF06000EB8000704700BFC9
:10418000E0040020BB79379E10B50A4C094808218D
:10419000FCF7FAFCD4E900231343F7D0064CFFF7F1
:1041A000DBFF2060FFF7D8FF236860600343F6D091
:1041B00010BD00BFE0040020A0150020174B184AD6
:1041C0009A60184A5A60184A1A60184A9A62184A3D
:1041D000DA62184ADA60184A9A61184A1A63184A69
:1041E0001A62184ADA64184A9A64184A5A62184BD2
:1041F000184A9A60184A5A62184ADA62184A1A61CA
:10420000184A5A61184A9A61184A1A63184A9A64F5
:10421000184ADA64184A9A63704700BF40050020C4
:1042200009E400003FE40000B7E4000041E60000BC
:1042300095E6000081450000ABE60000F147000074
:10424000654600008BE70000A7E70000BD460000C0
:104250002C0600202BE400004BE70000CDE6000018
:1042600071E60000F1E600000546000033E80000BA
:10427000DFE70000CDE7000031E70000044B054A0E
:104280005A65054B054A1A65054A5A65704700BFCD
:104290004005002077E500002C0600205DE50000C9
:1042A000E9E50000054B064A9A65064A1A66064B80
:1042B000064A9A65064ADA65704700BF4005002045
:1042C00073D7000009D800002C060020ADD60000EE
:1042D000EDD90000252A70B505460C4618D8012AEC
:1042E00019D9023A232A16D8DFE802F01A15252434
:1042F00024331535152439444815154D2424676792
:104300006D7415151515151515151515158089904C
:10431000FF2A00F0828040F2FE315120FCF7ACFA17
:1043200002784368012A02D193F8203101E093F822
:104330002931237170BD4168204601F5EB7109F008
:1043400023FE6968204601F58A71BDE8704009F0D6
:104350001DBE4368E8E7BDE8704000F011BA0E23C7
:104360000B7159234B7100238B716B23CB7110237D
:104370000B72DFE7436893F81A31DAE7BDE8704063
:10438000084600F0EBB90378466873B996F8203117
:104390005BB196F81D11204609F048FE96F81C11F5
:1043A0002046BDE8704009F045BE96F81B11204636
:1043B00009F03CFE96F81A11F2E741682046BDE884
:1043C000704009F0D6BF436893F83621227193F804
:1043D000373109E0436893F83421012AF4D093F887
:1043E00064200A7193F865306371A3E7104B1B6872
:1043F000002B9FD002462320BDE8704018470C4B8D
:104400001B68002B96D002462420F5E7084B1B685A
:10441000002B8FD002462520EEE74368204693F814
:104420004F22D3F85012BDE8704009F047BD00BFDD
:10443000180700203A289ABF024B53F820000020AA
:10444000704700BF400500203A289ABF024B53F83E
:1044500020000020704700BF2C060020F7B54568FB
:104460002E6904464FF6FF770DF102010DF10102AE
:104470003046ADF8027007F0FAFC01A9304607F0AB
:1044800019FD40B1019807F0DAFD6168002202725F
:10449000FFF7B4FDE8E7044905F1A80003B0BDE863
:1044A000F04009F01CBE00BFA3E30000F0B50446D5
:1044B00085B00D46FF2600F8856C10F8863CF3B1F8
:1044C000174F3B781BB148211F20FCF7D5F90C2171
:1044D000381DFCF759FB3E70002304F8853C2A4642
:1044E000072302F8033BD4F80930C5F80330D4F8A9
:1044F0000D305360D4F81130936005B0F0BD01A8C1
:104500000C21FCF741FBA4F5A873039A1A6001ABD8
:1045100003CB44F88E0C44F88A1C04F8866CDBE765
:10452000A815002010B5054C23782BB90C21201DAF
:10453000FCF72AFBFF23237010BD00BFA815002045
:10454000024690F8DE31BBB990F8DF3103F0FF018D
:104550000BB100207047094B18780028F9D019706A
:10456000D968C2F81411043303CBC2F8D601C2F8DB
:10457000DA11FF2382F8DE3101207047A8150020F0
:1045800038B5426892F88F3004460D463BB1132B84
:1045900005D0113B0B2B94BF0820012038BD92F8A9
:1045A000D23013B9204609F0A2FE6168284601F511
:1045B000E77109F0DEFC6168284601F5887109F0B1
:1045C000DFFC61680B88A1F86D32284601F26F218B
:1045D00009F0C7FC6168284601F2772109F0C6FCA2
:1045E0006368002583F8DE516068054900F519709D
:1045F00009F072FD6368152283F88F202846CDE705
:10460000AD44000038B5436893F88F201C2A044657
:1046100004D040F2BB111F20FCF72EF993F8D21002
:104620001D88002283F8D12003F5D17069B10B49B0
:1046300083F8D220A3F8AC5183F8AB2109F04CFDEC
:104640006368002283F88F2038BD012283F8AB1104
:10465000A3F8AC51024983F8AE21EFE72DE6000044
:104660001FE60000436830B5D3F8804014F0010025
:104670001FD14D68104A8968A3F8CE002A40C3F8BC
:10468000E220C2F3076242F0080221F41E5121F039
:10469000100183F8E52093F8D0200904090C0132B9
:1046A00044F00104C3F8E61083F8D020C3F880403A
:1046B00030BD0120FCE700BF2FC904F710B54068EA
:1046C00090F88E30042B2FD14C688A68184B22F456
:1046D0001E522340C0F8E23022F01002C3F30763F9
:1046E00043F008031204120C80F8E5300023C0F8F0
:1046F000E62080F8CC3080F88E3090F8842102F0EB
:10470000FF049AB90388A0F8863180F885414B6888
:10471000C0F888318B68C0F88C31064900F5BE704E
:1047200009F0DAFC204610BD0124FBE71C46F9E73E
:104730002FC904F70FE70000406890F8843153B99F
:104740000388A0F886311A2380F88531024900F5E4
:10475000BE7009F0C1BC70470FE7000010B50446F9
:10476000FEF710FD21F41E51044B21F01001090445
:104770000340090C6360A16010BD00BF2FC904F79E
:1047800037B50C464568FEF7FDFC0A4B95F8E2206C
:1047900021F41E5121F01001034009040093090C7B
:1047A00013408DF8003001916B4603CB6060A1602F
:1047B00003B030BD2FC904F7DB0410B5144604D58F
:1047C000037D13B10023436310BD436B0133436387
:1047D0000AF012F8D0E90D239A42F5D3002343637F
:1047E00002492046BDE8104009F07FBC7DE700008B
:1047F00038B5446894F88E30012B0D4603D0D4F8B8
:104800008030980745D494F8D330990719D42846B6
:1048100009F0BFFB84F8DD00B5F80530A4F8DE3000
:10482000B5F80730A4F8E03094F8D33043F0020232
:1048300084F8D320DA0711D5174904F1D40009F020
:1048400054FC94F8D330DB0718D4D4F8803013F03C
:10485000020208D055214020FCF70EF894F83A31B6
:10486000002BE9D1EDE743F00203C4F8803094F85F
:10487000D030A4F8CE20013384F8D03094F88E30B4
:10488000012B4FF0000003D184F88E0084F8CC0097
:1048900038BD0120FCE700BF15E8000070B5456891
:1048A0000446FFF72DF9054B85F88D001B6801467E
:1048B0001BB12046BDE87040184770BD200700209E
:1048C000024B1B6803B11847704700BF1C0700204C
:1048D000F0B5204E054630780024147080B1431E98
:1048E0007768DBB2181B01280BDC07EBC40057F814
:1048F00034604068884208BFAE4212D11470012073
:10490000F0BD1819461007EBC60E57F836C0DEF892
:104910000460AC45C0F347008E412CBF03460446FB
:10492000E0E7B54271EB000002D214700020E7E727
:1049300007EBC30057F833404068884208BFAC42D9
:1049400001D11370DBE7A542814128BF0133137009
:10495000ECE700BFC815002010F0070208B503D02F
:1049600063214820FBF788FF18B1034B1972586088
:104970001A70C80008BD00BFC8150020014B0022F6
:104980001A707047C8150020014B187A704700BF95
:10499000C81500202DE9D34309F076FF0DF1070279
:1049A00007460E46FFF794FF98B9114C2278237AF8
:1049B00093420ED0616813466FF0604E9DF8070079
:1049C000984209D301EBC003C3E90076013222709B
:1049D000012002B0BDE8D08303EB0E0001EBC00064
:1049E000D0E90089013BC0E90289DBB2E6E700BFFC
:1049F000C815002037B509F047FF0DF10702FFF792
:104A000067FF0446A0B10C4A9DF80700137855686B
:104A1000013BDBB213701A1AD2B2411CD20083429E
:104A200038BF002205EBC10105EBC00006F036FDE2
:104A3000204603B030BD00BFC81500200A468223BF
:104A400002F8033B04480368C1F80330436853602D
:104A500083689360704700BFD1150020024816227A
:104A6000002106F0D9BD00BFD115002082B002ABF5
:104A700003E903000B48437D93B1530610D50A8820
:104A80000280D1F83022B1F888304260D1F8342267
:104A900005498260438002220C3002B0FFF7C0BAA1
:104AA00002B07047D11500203D4A000038B5074DCF
:104AB000044600F15101286809F06AF994F8501091
:104AC0002868BDE8384009F071B900BFE81500203A
:104AD000F8B504460E466588407F15F0040113467C
:104AE00018BF04F15F013246FEF7BCFEC20705465F
:104AF0000BD5012384F85030607FFEF717FF036861
:104B0000C4F851308388A4F85530AB070CD5094E52
:104B10000127306884F85E7004F15F0109F03FF905
:104B20003068394609F04BF985F00400C0F3800085
:104B3000F8BD00BFE815002038B5C38D0E4D013318
:104B4000C385AB7C04462BB102F088FC01F00EFE5D
:104B50000023AB7400232B7194F879302BB1012121
:104B60002046BDE8384007F0EBBE637C13B1E28D10
:104B70009A42F4D20021F3E7E815002010B5094C61
:104B80002379012B02D02379022B05D1A37C1BB101
:104B900002F064FC01F0EAFDE069BDE81040FFF7B7
:104BA000CBBF00BFE815002070B5294C2379012B3D
:104BB00007D02379022B04D040F63C412D20FBF78F
:104BC0005BFEA0B90125A37C1BB102F047FC01F0FC
:104BD000CDFD002D3AD0E06907F02AFE002830D044
:104BE00002F02CFB236ABDE870409B6818472168DF
:104BF000E26911F8095B02F15103E80992F85020CB
:104C000008F015FF0028DDD02068002109F0FCF82D
:104C10000028D7D02379E069012B05D02379022B16
:104C200002D040F61541C9E72379226A03F1804397
:104C30005269013B05F00F0152F8233098470546B1
:104C4000C1E7E069BDE87040FFF776BF70BD00BF07
:104C5000E8150020074A0346D06903B909B9FFF7F0
:104C60006BBF1379126A03F180431269033B52F858
:104C700023301847E81500202DE9F043032985B0BB
:104C8000054690467BD090F878300529DBB202D1FA
:104C90004288D60760D5002B5ED10127DFF8E89067
:104CA00099F81260B6B108F006FF082888F80000ED
:104CB00014D002AA0DF10701FEF7AAFD20B940F6B3
:104CC00085612D20FBF7D8FD9DF8070002A909F0AA
:104CD000E7FD064698F80030082B08D1D9F80010F7
:104CE00011F8030BC0F3801009F0DAFD0646D9F87D
:104CF000001095F8572011F8030B05F15803C0F385
:104D0000801008F094FED9F80010044611F8030B47
:104D1000C0F3801008F0C5FE8146FEF719FE01467B
:104D200040B1B9F1080F1BD04846FEF795FC80F062
:104D30000101C9B298F80000082815D094B96B7F1A
:104D40001C1A604260416B885A0706D421B996B993
:104D5000EB7C93B1BB4210D0002005B0BDE8F083DE
:104D60000021E7E70120EEE714B181F00104E4B28D
:104D700004F00100E7E73046EFE70120EDE7438864
:104D80009B07E9D5022789E7E81500202DE9F04FB8
:104D900085B008230DF10702052104468DF8073080
:104DA000FFF76AFF064620B90026304605B0BDE889
:104DB000F08F7A4F3968FA7C11F8030B07F114036E
:104DC000C0F3801008F033FE80460028ECD13B6829
:104DD000216A184691F8962010F8035B02EA5512F2
:104DE00002F0010281F89620D3F80320C1F80320D5
:104DF0008288A1F807201946226A11F81F0BC0F318
:104E00008010907009798DF80C10D3F80F10D3F83A
:104E10001F00D161597D0290187D090441EA0021EB
:104E2000D87C01435162B3F8191040F2E24909FB02
:104E300001F191619D7DC5EB451105EB810505EB08
:104E400085056D009585B3F8171009FB01F1916296
:104E5000B3F81B101184B3F81D10518493F824305B
:104E600003F01F015B0982F8A21082F8B031256AB5
:104E700094F912B002A905F1960008F0E1FE40F2A3
:104E80000113A5F868304FF0FF0A85F86AA0414683
:104E900005F13000FFF7D0F859462846FEF714FE1A
:104EA000236A84F883801A88A4F8842084F8A1A057
:104EB0004FF6FF72A4F8A2209A69B2FBF9F2A4F8A7
:104EC0009A201A8CA4F89C205A8CA4F89E2093F85F
:104ED000B02184F8A020227F9DF8070004F18E0104
:104EE0005AB394F85020012A27D194F8562002F0A2
:104EF000C002402A21D1D4F85120C4F88E20B4F841
:104F000055208A809A7884F88720082803F10305C1
:104F100004F18802D3F8033004F1940134D0C4F8CA
:104F20009430AB888B8004F18701FEF771FC40B9A7
:104F300040F69B312D20FBF79FFC0022C4F88E2009
:104F4000DFE794F8873043F0020384F88730144990
:104F500004F17A0009F0C0F8236A12491A88A4F80B
:104F6000BB2093F8963084F8BD3004F1B20009F00C
:104F7000B3F80D4B206A1B6800223A71002B3FF4F6
:104F800014AF2146984710E7C4F88830AB88938067
:104F90000023C4F894308B80D9E700BFE8150020C7
:104FA000E3E80000B5E8000028070020032973B5F6
:104FB000044604D0052952D0012002B070BD082358
:104FC0000DF107028DF80730FFF756FE0028F3D0E9
:104FD000237C284D03B39DF8070094F8C630DBB955
:104FE000237884F8C730082804F1C90228D004F1D6
:104FF000C801FEF70DFC20B940F6FB612D20FBF740
:105000003BFC94F8C83043F0020384F8C8301A49D6
:1050100004F1BE0009F060F82B68062204265A70DD
:105020001E702046FFF742FD94F84020E16B28688F
:1050300008F0DBFE28682E7102F0A0F90020BCE722
:105040002868034613F8031BC1F3801184F8C810C5
:10505000D0F80310C4F8C9109B889380D7E7074B9A
:105060001B6823B1984780F00100C0B2A5E718463D
:10507000A3E700BFE8150020CBE8000024070020CC
:10508000F8B504460F4619B300F12805284609F083
:1050900014FEA0B963881A072ED5284609F024FE0D
:1050A0000646284609F009FE301AC0B209F02CFE67
:1050B000444A936803442846936009F0DAFD284681
:1050C00009F0DCFD02F04EF82179252001F044FFC3
:1050D0003C4D94F85E202868002303704370638879
:1050E000103B0D2B5ED8DFE803F0595D550C5D4099
:1050F0005D5D5D5D5D5D5D402046BDE8F840FFF7AC
:105100001BBD06234370202303702046FFF7CEFC0F
:10511000638823F008039BB2152B05D094F8382040
:10512000616B286808F052FE286802F027F9032313
:1051300021792B71002002F01BF8064607B9E860C0
:1051400063881B0704D509F0DCFD0644C4F8E06061
:105150006388103B0D2B30D8DFE803F0322F29296C
:105160002F292F2F2F2F2F2F2F290C23437021234F
:10517000037042B104F15F0108F011FE01212868BB
:1051800008F01DFEC1E704F1580108F008FE94F88C
:105190005710F4E7062303704370B6E70223037049
:1051A0000623F9E740F226612D20FBF765FB217904
:1051B0000120BDE8F84002F06BB940F6AA41F3E7E0
:1051C000F8BD00BFE815002038B54388102B044611
:1051D00004D1BDE838400121FFF752BF0B4DAB7C35
:1051E00023B101F0A9FA402002F02CF9286802F05E
:1051F000C5F8608810F0040002D1217902F048F966
:10520000002002F0FBF801232B7138BDE8150020C7
:10521000024B0121D869FFF733BF00BFE81500201A
:1052200010B5134CA37C1BB102F018F901F09EFAE3
:10523000E06907F0FDFA70B12379E069012B0FD125
:105240002379226A03F18043D268013BBDE8104014
:1052500052F823301847E069BDE81040FFF76CBCF6
:105260002379022BECD040F643312D20FBF704FBD1
:10527000E815002010B50948037903F0FF0453B97D
:1052800018222146043006F0C7F902F0E7F801F0D1
:105290006DFA204610BD0C24FBE700BFE815002086
:1052A00010B5094C002323712060FFF7E3FF20B104
:1052B00040F2F6212D20FBF7DFFA236A13B940F202
:1052C000F921F7E710BD00BFE8150020014B024AA5
:1052D0001A627047E8150020BC550000034B044AD1
:1052E0001A60044B044A1A60704700BF240700206C
:1052F0008D4D000028070020D92700002DE9F0413E
:10530000067DB31EDBB2012B04468CBF4FF00008B4
:105310004FF001087EB3B71E18BF0127012B36D806
:1053200000F1580190F8570008F0BBFB082805462B
:105330002DD0FEF79DF958BB657784F81C8084F862
:105340005070FEF75FFA054609F0D6FF174BA5FB34
:1053500003351B1845EB01050022C4E9123584F81A
:105360005E2011462046FFF7B3FB70B940F293412F
:105370002D20FBF781FA3746082504F15101002062
:10538000FDF7FCFF0028D7D10020BDE8F0810825FB
:10539000022EF2D0E37E002BF6D0D4F81530C4F8FC
:1053A0005130B4F81930A4F85530C5E740420F0029
:1053B000F0B5464E327985B0044602F0FF0312B9CB
:1053C0000278FF2A04D140F6A9112D20FBF754FAE8
:1053D0003382B3607371B37180F879303C4B0093C2
:1053E0003C4B01933C4B0293336A68465B680393E2
:1053F00001F0BCFF01F0EEFD02F030F801F0B6F96B
:10540000364801F089FE04F12805354801F0A8FF6F
:10541000284609F02EFC284609F030FC01F0A2FED7
:105420002179252001F098FD94F9120001F06EFE1B
:1054300004F13401206B06F0FDFE04F13C01074647
:10544000206B06F01EFF054617B194F82430C3B94F
:105450000DB194F82550237F13B963885B0709D5F4
:10546000D4E912126FF000439A4208BFB1F1FF3F36
:1054700009D185B930680330FEF7E2F9B07405B0A0
:10548000F0BD0125E7E709F037FFD4E91223904288
:1054900071EB0303EDD3012205EA02012046FFF779
:1054A00017FB68B1FEF7AEF9054609F025FF0D4B75
:1054B000A5FB03351B1845EB0105C4E91235D9E7F7
:1054C000002DD7D040F6DE117FE700BFE8150020A1
:1054D00021520000A94B0000554C0000D6BE898E19
:1054E0005555550040420F00F7B50446FFF760FFE1
:1054F00000212046FFF7C4FD04F1680008F08DFA92
:10550000236F0BB101221A606388DB0721D50023CA
:10551000114E256ACDE90033FF23F37405F10A0724
:105520006846FBF7EDFDA0B9009CA542F8D06A7A69
:10553000607A3B4604F10A0108F079FA0028EFD0BE
:10554000A378F374D4F803007061044BB4F8072017
:105550009A8003B0F0BD00BFE8150020FC150020C4
:10556000024BD8611B6A1B68184700BFE815002072
:1055700043881B0710B5044611D5036A0A493C222B
:1055800080F883201B88A0F88430FF2380F8A130A6
:105590004FF6FF73A0F8A2307A3008F09DFDFF238C
:1055A00084F8793010BD00BFE3E80000AD4F000083
:1055B000C95100003BE9000035E90000E954000052
:1055C0007D4B000011520000B8550000B05500009E
:1055D000AC5500000138022808B503D9C3212F209B
:1055E000FBF74AF913290A4B05D811290CD81029C1
:1055F00007D0D121F3E71529FBD103EB4003D8886D
:1056000001E033F8100008BD03EB40039889FAE786
:105610003C010300F8B52F4B1A88402842EA0002EB
:105620001A8005D104219868BDE8F840FDF704B858
:10563000802801D10521F6E700F00302032A04D1F6
:1056400040F6CA113120FBF717F910F0020418BF19
:10565000D960C50705D5CA781961062A0DD00B2A6D
:1056600018D02CB1DA68D278052A1FD00B2A2AD09C
:10567000820644BF08221A75F8BD9A6892F88F1006
:105680001829EED1002600270121C2E93C6782F8E3
:105690009310E6E79A6892F88F10122901BF002153
:1056A00082F89310012182F8D210DAE79A6892F812
:1056B0008F101629DCD100240025C2E93E450121C6
:1056C00082F89410D4E79A6892F88F101129CFD1FC
:1056D0000021F5E70C16002013B5044601A8FDF7DC
:1056E000D5FD20B940F2CA713120FBF7C5F822225E
:1056F0000021019805F090FF0198032108F0D2FBEA
:105700000198037823F0100303702146FEF752FA44
:10571000019906482246FEF7DDFDFDF7CDFD10B9E3
:1057200040F2D471E0E702B010BD00BF10160020B7
:1057300070B5274CA36893F8566293F85752002E21
:105740003FD193F86810002D3DD193F8692083F87C
:10575000681083F86920FF2283F86A201D4B1B68BC
:105760000BB1A0689847A36893F83431012B02D09D
:1057700056EA050303D018480021FDF72BFDA06869
:10578000303008F02BFD0546A06800F24511FEF709
:1057900069FCA0680621FCF74FFFA068303008F0D4
:1057A0001DFD8542044610D202F030FF0146601B09
:1057B000322838BF322004F09DFFB0FA80F0400953
:1057C00070BD3146BFE72A46C1E70120F8E700BFB8
:1057D0000C1600203007002010160020002908BFFA
:1057E0001F21172810B503460BD80D280DD90E38E8
:1057F00009280AD8DFE800F00B0909090B090B0991
:10580000110BA0F12303022B23D9002010BDBDE80A
:1058100010400021184609F07BBA114CA36893F898
:105820008E20212A09D1201DFDF7D4FCA368002277
:1058300083F88E2083F8CC20E7E72E2AE5D193F871
:105840008F30A3F12002062AF0D92E2BEED02A2188
:10585000E9E7044B1B68002BD7D0BDE81040184780
:105860000C1600202C070020114B0979024698687D
:1058700090F88E30212B11D02E2B0FD0282B0FD04B
:10588000042B0FD00F2B0FD01D2B0FD090F88F3083
:10589000232B14BFFE201720FFF7A0BF1620FBE725
:1058A0002320F9E70E20F7E71220F5E71420F3E7AD
:1058B0000C16002008B50C4B9B6893F81E21FE2A9D
:1058C00004D040F2D9713120FAF7D6FF83F81E01D7
:1058D00011B9A3F8CE1008BD0022A3F8C8200122F8
:1058E00083F8CC20F7E700BF0C1600200C4A117D8E
:1058F00091B938B99068B0F85810828F91420BD89E
:10590000FCF78CBE13881B0708D5936893F89000AA
:10591000073818BF012070470020704701207047EA
:105920000C1600204368D3F8803013F0300F2DE9B7
:10593000F74304460D4656D1084608F044FB30B9FB
:105940002946204603B0BDE8F04308F0FEBC2846D7
:10595000666808F034FB0746284608F02CFB8046B2
:10596000284608F02EFB8146284608F026FB3036F4
:1059700000904B4642463946304608F041FC1B4BEE
:105980001A88920711D5DA68D278142A0DD1626884
:10599000D2F8803043F01003C2F88030204608F07F
:1059A000A6FC002003B0BDE8F083626892F88E1078
:1059B0001D29ECD092F82B21002AE8D1626892F8D8
:1059C0002A21002AE3D16168D1F8802042F0200228
:1059D000C1F880209A68114602F5A77231F8300BA1
:1059E000FEF78EFBDAE70120DCE700BF0C16002093
:1059F00010B5164BDB681979436893F88E20092A95
:105A000009D193F819218A4205D1002283F88E200A
:105A100083F8CC2010BDD3F8802012F0080407D002
:105A200022F00802BDE81040C3F8802008F069BCED
:105A3000FF2905D1332283F88E2083F84C42E9E711
:105A400040F2DE413120FAF717FF00BF0C160020AC
:105A500010B50B794268172B92F88E2004460CD8AB
:105A60000D2B0CD9A3F10E01092908D8DFE801F0AC
:105A700009070707090709071009232B26D000206B
:105A800010BD22460121BDE81040184609F040B97A
:105A9000212A01D02E2AF2D1204608F01FFC63688B
:105AA00093F88F20222AEAD093F8E32022F0010213
:105AB00083F8E320626892F8E33023F0080382F869
:105AC000E3301A212046FDF785FBD8E7282AD6D1F6
:105AD000024B1B68002BD2D09847D0E73407002038
:105AE000F7B5814C0546002840F0B28023881F0797
:105AF00035D5A36893F81E21FE2A04D14FF4AA617C
:105B00003120FAF7B9FEFE2283F81E2193F88F2088
:105B10001A2A07D183F8D100201D08F0F2FBA368F0
:105B200083F88F50A36893F88E20332A42D03F2AFF
:105B300049D0202A0AD193F88F20A2F1200106290A
:105B400001D92E2A34D12E2283F88E20A36893F80F
:105B50009020072A02BF0222627583F81E21238843
:105B6000DE0734D42388580700F1A080990713D5A5
:105B7000E368DE780D2E00F0A180112E00F0A080E9
:105B8000072E00F09F803046FEF75EFC034600289B
:105B900000F09A80554898472388DA0658D5A368BC
:105BA00093F88F200A2A53D10B2283F88F204FE0DD
:105BB0002122C9E7012283F84D22002283F88E209A
:105BC00083F8CC20C2E7494808F088FBBEE7A36809
:105BD000276993F88F30113B0B2B0BD8FB78023BD6
:105BE000DBB2092B7CD8012202FA03F340F23332F4
:105BF000134275D03846FDF7CDFF20B939463B48F2
:105C000008F0A3FB47E0FE78012E01D9162E0FD134
:105C1000A36893F88E0008F089FB48B1A36893F855
:105C20008E20202A04D0212A0ED12E2283F88E2005
:105C3000112E35D026D8072E34D00D2E34D0304634
:105C4000FEF7F8FB034621E0162E0CBF20250225A7
:105C5000237D1B0713D5A36893F88F30113B0B2BC3
:105C600040D9002601A903200196FBF7B1FE019B54
:105C70002BB11E720C22A1680198FEF78DF92846FF
:105C800003B0F0BD142EDAD1194B1B68002BB5D030
:105C900021691648984700283FF464AF0546D7E7C6
:105CA000144BF5E7144BF3E7144BF1E7A26892F8B5
:105CB0009020062A04BF0122627557E7104B69E75E
:105CC000104B67E7104B65E7FF2E06D1A268332122
:105CD00082F88E1082F84C025EE740F244510FE7E2
:105CE0000825B5E70825CAE70C1600201016002085
:105CF0003C0700201DEE0000515A000069580000CA
:105D0000ADED0000CBED0000F15900002DE9F041B0
:105D1000A54CB4F800800E46A16818F4007F0ABFB5
:105D2000B1F8C2200023013201F1800507461ABFF5
:105D3000A1F8C23081F8C731A1F8C220284609F085
:105D40005CF828B1434601F59E722846FEF734FD03
:105D5000238803F4C06333B1A06890F89230002B1D
:105D60004AD0032B4ED0A168238891F89220012AB3
:105D700004D11D0544BF022281F89220002F40F07B
:105D8000AD8058065DBFB1F8E021013292B23A46CB
:105D9000A1F8E02103F00A020A2A0DD1E268D278C4
:105DA000022A09D123F0080330462380FFF798FE2A
:105DB00008230643F6B223803046FFF791FEA3681E
:105DC00093F81E210643FE2AF6B24FD1002E4DD184
:105DD00093F89020063A012A48D993F82831B3B1B4
:105DE000A36893F82921A3F8C66083F82021012134
:105DF0000220FFF75FFD39E0012180F89210FCF7E7
:105E00001BFCB0E7022380F892300121F7E7A0687D
:105E100090F88F30A3F11005EDB20C2D11D8113B85
:105E20000B2B00F25681DFE813F00C0154015401F2
:105E300054010F011701540154015401540154013C
:105E40004201D0F88030D90702D531460920D0E789
:105E50009A0740F19A8031460C20FFF72BFDA2688B
:105E600092F8D33043F0010382F8D330A568B5F837
:105E7000C03195F8C4810133A5F8C031B8F1000FE5
:105E800000F0E581FBF796FD10B10023A5F8C031C5
:105E9000A16891F89280B8F1010F40F20E8291F85A
:105EA0009030072B40F0EB81B1F8C230022B40F26A
:105EB0000482B1F8C4500135ADB2B1F888302B443A
:105EC000A1F8B83191F8C531002B00F0FF81012312
:105ED000A268B2F888100B44A2F8BC312288A368EB
:105EE00055065BBFB3F8CC21B3F8BE11002252189F
:105EF000A3F8CC2193F828312BB9A36893F89030FC
:105F0000063B012B07D8A368B3F8C620B3F8BE112F
:105F10000A44A3F8C620A36893F8CC0030B1B3F8C4
:105F2000C820B3F8BE110A44A3F8C82093F9D010D2
:105F30000029C1BFB3F8CE20B3F8BE515219A3F85F
:105F4000CE2093F8B1205AB9002F40F05982627DDB
:105F5000022A40F00E8293F82021062A18BF16224A
:105F6000A36893F8B0302BB9A368104883F8B12028
:105F7000FEF774FAA06808F090FFA368002283F887
:105F8000C321BDE8F041FDF7BDB9590702D531463F
:105F900013202EE71A070BD590F8183180F820311E
:105FA0003146072025E700BF0C1600201016002000
:105FB00013F0300F3FD090F82B31002B40F02682A9
:105FC000A36893F82A31F3B1A06890F88F30252B9D
:105FD00000F5957100F256222BD090F88E30A3F187
:105FE000250CDCF1000343EB0C0308F0FBF8A2687E
:105FF000D2F8803023F0200343F01003C2F8803041
:10600000002382F82A31A068D0F88030DA0640F107
:10601000FD8100F24511FEF725F8A368B3F8522080
:10602000A3F82021B3F85620A3F82221002115203F
:10603000DFE60123D9E75B0640F1E8810021242057
:10604000D7E600210B20D4E6FEF77AFA00283FF4C9
:106050000DAF00210420CCE690F84832012B08D186
:1060600000210520FFF726FCA368002283F84822C0
:10607000FCE6A36893F84832022BD8B27FF4F6AE60
:10608000A36893F8D25006221DB183F82021002185
:10609000E8E78C48032108F043F9A36893F8E2305D
:1060A00013F0040F294614BF11200D20DAE7002158
:1060B00006209EE693F83421022A02D100211720FF
:1060C00097E693F83421012A03D193F83531002B58
:1060D000F4D0A36893F88E206AB993F88F20103A11
:1060E0000C2A40F2A38193F8C020002A00F09E8180
:1060F000012112207DE6092A40F0948193F81921AC
:1061000083F8202101214CE7A36893F83A319BB131
:10611000A36893F8D33013F003050DD101210C20AF
:10612000FFF7C8FBA36893F8D32042F0010283F87D
:10613000D32083F83A519BE7A36893F82A3153B3ED
:10614000A36893F82B3133BBA06890F88F30252BD0
:1061500000F5957100F256221BD090F88E30A3F115
:10616000250CDCF1000343EB0C0308F03BF8A368BB
:10617000002283F82A2101211420FFF79BFBA3684A
:10618000B3F85220A3F82021B3F85620A3F8222117
:106190006CE60123E9E7A36893F83421012A4CD186
:1061A00093F83531002B48D1A16891F88F30A3F1D5
:1061B0002002062A41D92E2B3FD091F86850012D9C
:1061C00006D0022D04D040F217310620FAF754FB16
:1061D00091F86900012801D00228F4D1022D91F82C
:1061E00036210AD0012A14BF002201223AB90A3B03
:1061F000042B12D901211620FBE5022AF3E702281D
:1062000091F8372117D0012A14BF00220122002A59
:10621000EDD02C480021FCF7DDFFA36893F88E2019
:10622000002A7FF423AE93F84C32002B3FF41EAECD
:106230000121FF20DDE5022AE6E7234B1B68002B46
:10624000EBD020489847FE28E7D00121D1E5FBF7A5
:10625000ABFB08B1A5F8C081FBF7B4FB00283FF405
:1062600017AE95F8C7310133DBB2022B85F8C73181
:1062700082BF0023A5F8C03185F8C73108E691F840
:10628000C0301BB191F88E300F2B16D1B1F8C4502D
:10629000B1F8C23001F18000ED1A033D08F0ADFD08
:1062A00068B1D1F8B830D1F8B420033B9B1A9D42B5
:1062B000A8BF1D46012D3FF7FFAD0125FDE52B468B
:1062C000F5E700BF1016002038070020012D7FF6EB
:1062D000FEAD91F88F3013B10B2B7FF4F8AD91F830
:1062E0008E30002B7FF4F3AD91F89030002B7FF4CB
:1062F000EEADB8F1020F7FF4EAAD91F8C731002B93
:106300007FF4E5AD086905F016FE00283FF4DFAD27
:10631000A26892F81E31FE2B7FF4D9ADB2F8BA31E3
:10632000012B7FF6D4ADB2F8C011138C9942BFF4A3
:10633000CEAD5B1A013DADB29BB29D4228BF1D465A
:106340006B1C9BB292F8772072B9A1680A6F5AB1A0
:10635000B1F8BE20B1F88810521A91B212B2002AD8
:1063600002DD9342A8BF0B46A268012182F8C21148
:10637000AEE5012A09D193F89120002A7FF4F0AD0F
:10638000A0680021FCF758F9F7E55EB1F00635D4B6
:10639000310735D4B20635D4B30735D140F64C11A8
:1063A000312013E738B1B3F8C800B3F8CA209042DF
:1063B00001D32222D4E5002905DDB3F8CE10B3F8CD
:1063C000CA209142F5D2B3F8C610B3F8C420914266
:1063D0000BD2A36893F89210B3F8C22051B1B3F86E
:1063E000C4309342CCD80822BAE593F82831002B68
:1063F000DFD1EEE7052AC3D93E22B1E51E22AFE583
:106400003D22ADE52322ABE52A22A9E5A36893F856
:106410008F20222A3FF44EAE312A7FF45AAE00215B
:106420001120E6E40C2D3FF6F8AE1FE50C2D7FF6AB
:106430001DAD93F83B31002B3FF466AE01210E20D9
:10644000FFF738FAA368002283F83B2110E600BF6B
:1064500073B5664D002401262E71A8602C802C7522
:106460006C75FF2380F8C331AB681888FCF708FF10
:10647000AB681888FCF730FFAB68B3F8BA21EAB113
:1064800093F81E21FE2A19D193F82831B3B1AB68D5
:1064900093F89020063AB24210D993F82921A3F834
:1064A000C64083F8202102203146FFF703FAAB688B
:1064B000022083F8C241FFF70FF904E0AB6893F8BC
:1064C0001E01FE28F7D1AC68B4F8BE31B4F8C02183
:1064D000013B12FA83F2A4F8C021B4F8C22099B2A9
:1064E00012FA83F3A4F8C23004F1800008F085FCAE
:1064F00020B1D4F8B4300B44C4F8B430B4F8BA3195
:10650000012B9CBF0133A4F8BA31002609B184F8ED
:10651000C76194F88F3084F8C261A3F10A02012A9E
:106520001FD8B4F88830B4F854229B1A190432D416
:1065300004F2562104F1960007F082FBAB6883F861
:106540008F60FF2283F8EA20A968B1F8BE2101F12B
:10655000800007F0BBFBA0B340F6D7013120FAF76B
:106560008BF9252B17D1B4F85422B4F888309B1A34
:106570001A0410D484F88F60FFF7DAF8AB6801468C
:1065800030B983F8340102B0BDE87040FFF7BEBBFC
:1065900083F83461D8E794F88E3003F0FD03252B9F
:1065A000D2D1B4F88830B4F854229B1A1B04CBD44F
:1065B000002384F88E30FFF7BBF801460028C3D1D2
:1065C000E1E70B4B0B49009303C90B4B0B4AFBF75D
:1065D000B9F8AB6893F88F30113B0B2B04D802B09D
:1065E000BDE87040FBF7A6B802B070BD0C160020E5
:1065F0000D5D000010160020ED580000155600003B
:1066000038B50446084694F8483213B10C2528469C
:1066100038BD94F88F30153B012BF7D894F86C32C5
:1066200003F0FF05002BF1D1A1B194F8DE3123B9BD
:1066300040F6A1113120FAF71FF9074B996805239D
:1066400001F5807201F5E77104F010FD012384F873
:106650004832DCE70223FAE70C160020D0F85C325F
:106660008269934210B5044604D1D0F86012026AE0
:10667000914215D02288A4F89A2140F2E242B3FB5D
:10668000F2F3A4F89C31B4F86032A4F89E31B4F867
:1066900062320949A4F8A03104F5C87007F025FD5D
:1066A00002212046FDF7AEF9002384F88F30032342
:1066B00084F8923010BD00BF97E4000008B5FDF7E4
:1066C000DDFD024B024A1A6008BD00BF3C070020F6
:1066D00025590000064BD3F8000138B1D3F8040166
:1066E00020B1D3F80801B0FA80F04009704700BF2C
:1066F00000F00040034B00221A705A7010229A706A
:10670000704700BF2416002070B5064602201446CC
:106710000D4600F09FF9064B01221A70054B033C11
:10672000C3F81045C3F80865C3F8045570BD00BF31
:106730002416002000F0004008B5022000F08AF97D
:10674000084B01221A70084B0022C3F80021C3F83D
:106750000421C3F8082103F580334FF40002C3F885
:10676000042508BD2416002000F000400D4A08B59D
:1067700013787BB10C4B4FF40001C3F80815FFF7F9
:10678000A9FF60B101235370084BD3F80034937014
:1067900000231370BDE80840002000F05BB9507082
:1067A0001023F4E72416002000F0014000F0004020
:1067B0000A4B1A786AB10A4BD3F800215AB1D3F8C0
:1067C000040120B1D3F80801B0FA80F04009C0B24A
:1067D0007047587870470220704700BF2416002089
:1067E00000F0004008B5074B1A783AB1FFF772FF86
:1067F00030B1054BD3F80004C0B208BD9878FCE76F
:106800001020FAE72416002000F00040024B00227E
:106810001A705A709A707047271600202DE9F041BF
:1068200004461C4D01201E468846174600F012F90A
:1068300004F003002E7140EA0643174E43F08073C4
:10684000C6F80435C6F8088504F0FCFC30B9D6F863
:10685000183523F0FF033B43C6F818350F4B104A99
:10686000C3F8082514F0FB0F01BF0E4AC3F89825A2
:10687000FC3AC3F89C250122022C6A70EC7007D800
:10688000054B2A700021C3F80011C3F800121A60EA
:10689000BDE8F0812716002000F0004000F0014024
:1068A0000000020200F10040214A537870B523B97C
:1068B0004FF404713C20F9F7DFFF1E4BC3F80C15B1
:1068C000C3F81005D57801249470C5B912780AB9B7
:1068D000E121EFE7184AC3F804514FF40035C2F83C
:1068E0000455D3F8006116B15C60C2F808550B7806
:1068F00003704B78043343708B78837070BD042D24
:106900004FF0000106D11470C3F80411C3F800421F
:106910001C60F3E7127812B940F20D11CAE7C3F810
:106920000411054B4FF00072C3F80425E6E700BFE1
:106930002716002000F0004000F00140084B1A78B4
:106940004AB10849084AC1F808250022C1F898252B
:10695000C1F89C251A7000225A709A70704700BFC7
:106960002716002000F001400000020208B50A4B83
:106970001B7823B940F276213C20F9F77DFF074BC5
:10698000D3F8042112B940F27721F5E7D3F80004D7
:10699000003818BF012008BD2716002000F0004075
:1069A000164B1B7870B523B940F287213C20F9F7CC
:1069B00063FF134CD4F80431BBB90223C4F8043389
:1069C000104B114E1D691A6942F0100205F01005B6
:1069D0001A61D4F804314BB125B90A4A136923F07E
:1069E000100313610223C4F8083370BD4FF4004351
:1069F000C6F8803108F0AEFCEBE700BF2716002098
:106A000000F0004000ED00E000E100E0014B012259
:106A10009A60704700F0004008B50B4B4FF40042FD
:106A2000C3F88020BFF34F8FBFF36F8F074B002257
:106A3000C3F80025C3F80025FFF780FF044B4FF48F
:106A40000002C3F8082508BD00E100E000F00040A6
:106A500000F0014038B5144C0023C4F80035C4F8E8
:106A600000350546FFF76AFF104B4FF40002012D79
:106A7000C3F8082503D0022D08D085B938BD0223FC
:106A8000C4F800350A4BC4F81435F7E70321C4F8FD
:106A900000150749C4F81415C3F80425EEE7822150
:106AA0003D20F9F7E9FE00BF00F0004000F0014092
:106AB0002C160020024B00221A809A701A7170471F
:106AC0003817002038B5144D95F841200346084684
:106AD00022B940F64F013E20F9F7CEFE6BB9012AEC
:106AE000EC6B95F8401005D100F05CFE2044AB6AD9
:106AF000C01A38BD08F0FDF9F8E7012B0AD1012AC8
:106B0000EC6B95F8401002D100F03EFEEEE708F085
:106B1000FBF9EBE70020EAE73817002008B5094B3E
:106B2000012883F82000084B06D0022808D040F640
:106B300075513E20F9F7A0FE0322C3F8102508BDC9
:106B40000422FAE7381700200010004008B5144B63
:106B500093F84D30D90721D59A0711D5114BD3F8A9
:106B6000002242F00102C3F80022D3F8503503F0AE
:106B7000F603022B12D140F20D613E20F9F77CFEA4
:106B80005B070BD5084B094AC3F8AC25A3F5B8330E
:106B9000D3F8403113B140F21461EEE708BD00BFF5
:106BA000381700200010004000F00140081000409D
:106BB00007B50B4A01AB92F9212000F037FE9DF991
:106BC000040000F0D9FD9DF8050000F0A3FE20B1FF
:106BD00040F2DE513E20F9F74FFE03B05DF804FBB2
:106BE0003817002008B503460F4863B92831C16043
:106BF0000E4900F077FE0130012814D940F23571BA
:106C00003E20F9F739FE012B0AD12931C16007492D
:106C100000F06EFE0130012805D940F23F71EFE728
:106C200040F24371ECE708BDE80400205C0103007A
:106C300008B50C4B9B78012B09D100F05FFE0130A9
:106C400001280ED94FF40A613E20F9F715FE022BF8
:106C500007D100F059FE0130012802D940F6A60103
:106C6000F2E708BD38170020044B03441A7E044B9A
:106C7000C3F80825C3F85405704700BF5C01030042
:106C80000010004038B50D460446FFF747FF284680
:106C9000FFF7EAFF29462046FFF78AFF04F0FEFAD5
:106CA00090B10A494FF08053D1F88825D3F82033AA
:106CB000022C0CBFC3F30663C3F3062322F4FE4287
:106CC00042EA0323C1F8883538BD00BF00100040F8
:106CD00010B50C46FFF722FF2046FFF7C5FF0E4B0D
:106CE0005A78012A03D1D8782146FFF761FF0B4C6F
:106CF000D4F8003243F48873C4F8003204F0CEFABA
:106D000040B904F0DBFA28B9D4F8683543F4C0235D
:106D1000C4F8683510BD00BF3817002000100040CF
:106D2000F8B53A4C0D461646074600284ED1104697
:106D300094F82210FFF7A6FF22780123A3709A424D
:106D4000334B4FEA46061E4430D1B6F840304FF47C
:106D50007A7203F5FA73B3FBF2F3ED1AA16A2D4AC6
:106D60002D4E2E4B0D44C6F84055C2F8A835636C25
:106D700043F4002363644FF40023C2F804352378FE
:106D8000002B3AD194F84D3043F0020384F84D3093
:106D90000124FFF7DBFEF464D6F84C359D4233D96D
:106DA00038462946FFF71EFF2046F8BDB6F84630A4
:106DB0004FF47A7103F5FA73B3FBF1F3ED1A002A7D
:106DC000CCD1144B164AC3F8AC25C7E701280FD124
:106DD00094F822101046FFF77BFF0223A37023785C
:106DE000012BBBD0293D002BB8D10A4B0D4AEAE755
:106DF0004FF4FB613E20F9F73FFD012BC8D194F819
:106E00004D3043F00403C1E70020CEE738170020DF
:106E10005C01030000F00140008000404081004020
:106E2000001000400410004010B5602200211948F5
:106E300004F0F2FBFFF73EFE04F0E6F960B1242215
:106E40001548FF2104F0E8FB4FF080430022C3F80F
:106E5000082EC3F8102E10BD04F0E0F90028EED182
:106E600004F0E6F90028EAD104F002FA08B1402261
:106E7000E6E704F0F3F904460028F8D10648382282
:106E8000FF2104F0C9FB4FF08043C3F8084EC3F85C
:106E9000104EE0E738170020000E0040024B03447C
:106EA000187E00F5166070475C010300014B93F8F3
:106EB0004000704738170020024BD86B9B6AC01AFD
:106EC000704700BF38170020094A936A906B92F808
:106ED0004010C01A074B03EB8103DA6C9B6D801ADC
:106EE00003F2F3134FF47A72B3FBF2F3C01A704754
:106EF000381700205C01030008B5FFF7E5FF034ADF
:106F0000D2E90C31C01841F1000108BD381700204A
:106F100008B50F4A92F84010012906D0022914D072
:106F20004FF42A713E20F9F7A7FC40F6B830936B76
:106F3000926A9B1A074A02EB8102D26C9B1A4FF4A9
:106F40007A72B0FBF2F0184408BD4FF4FA60EEE735
:106F5000381700205C01030008B5134B012983F8A2
:106F60004C0006D002291BD040F2E6213E20F9F762
:106F700083FC00230D4A43F4801340F0007043F477
:106F8000847340F44030C2F81435C2F81805D2F8C2
:106F9000503503F0F703032B05D140F2FD21E5E75F
:106FA0004FF08073E6E708BD38170020001000405E
:106FB00008B504F073F950B1054AD2F8743723F0DC
:106FC000807323F0010343F08073C2F8743708BD67
:106FD00000100040464B022270B5C3F88020BFF37A
:106FE0004F8FBFF36F8F434C0023C4F8FC3F012346
:106FF000C4F8FC3F04F062F928B1D4F83C3743F4FC
:107000008063C4F83C3704F01DF958B1D4F83C371C
:1070100023F0004323F0FF0343F0004343F09603C3
:10702000C4F83C3704F03AF9324C38B1D4F8403760
:1070300023F47F4343F4B053C4F840372E4BC4F8D5
:10704000783700F077FC38B14FF08053D3F8303305
:10705000591C18BFC4F84C374FF01023254C1B6E39
:107060005A1C09D0D4F88C251B0403F47F0322F4A6
:107070007F021343C4F88C3540F20313C4F834354F
:107080001E4D40F25B63C4F838350123C4F8303537
:1070900085F820300323C4F8103540F20123C4F8EA
:1070A00050360226164BC4F80062187C00F048FCEB
:1070B000144B154AC3F804250023A5F84030EB63B0
:1070C00085F84D3002F046FDC5E90C0102F050FD97
:1070D000074BA8621022C3F88061C4F804231E6025
:1070E0002B6E03B19847BDE8704000F0EFBB00BFC6
:1070F00000E100E0001000402C000089381700205B
:10710000E804002000F001400000020C014B83F86D
:107110002100704738170020034B020E0002C3F80D
:107120002425C3F81C0570470010004038B50446FC
:1071300000680A4DFFF7F0FF094B6268C3F83C2571
:10714000237A85F82230617AA07AFFF705FF607A0A
:10715000FFF7E4FCE37A85F8213038BD38170020CA
:1071600000100040014B83F82200704738170020C0
:10717000F8B5244E96F84D30DA0705460F4604D48C
:107180004FF4ED613E20F9F777FB1F4CD4F8002255
:1071900043F0020342F00102C4F8002286F84D30A9
:1071A00000BB96F822103846FFF76CFD174A012302
:1071B000B370D3642360154BD3F84C452846214661
:1071C000FFF710FDB06A241ACDB9114901EB47074A
:1071D0004FF47A71B7F8460000F5FA70B0FBF1F0A1
:1071E0002044F8BD0128E6D196F822103846FFF772
:1071F0006FFD0223B370054BDD646560DBE704F1CE
:107200002900EEE738170020001000400080004001
:107210005C01030008B5FFF783FD58B9064BC3F8BE
:107220004005A3F5E04301221A610220BDE80840B1
:10723000FCF7D2BE08BD00BF00800040244B13B550
:1072400010222449D3F80443C3F808230222C1F8CA
:1072500080212149C3F80022002281F84D201F49D6
:10726000C1F8402501F5B8314FF46020C1F8080598
:10727000D3F85015C9B204F01004D9B1FF218DF82C
:107280000710C3F8102101221A619DF8072012B1DE
:10729000D3F810213AB19DF807305BB940F68F0161
:1072A0003E20F9F7E9FA9DF80720013AD2B28DF8AD
:1072B0000720EAE7FFF7BCFC05490023C1F81031BD
:1072C000FFF7F8FB14B11023C1F8043302B010BD6E
:1072D0000010004000E100E038170020008000406E
:1072E00038B51B4D0024C5F84845C5F84445C5F8D8
:1072F0004045C5F84C45FFF7A1FF00F0EDFA154BEE
:1073000015495A6C5C6442F0446242F40032C1F8A0
:107310000825C3E90E441C76104BC5F848450222E7
:10732000C5F84445C5F84045C5F84C45C5F8484141
:10733000C5F84441C5F84041C5F84C41C3F8802028
:10734000BFF34F8FBFF36F8FC3F8802138BD00BFED
:10735000008000403817002000F0014000E100E00C
:10736000014BC3F83C0570470010004010B50FC832
:10737000014C84E80F0010BD9C170020064BC3F899
:107380000405064B93F84D20986442F0010283F8FF
:107390004D20FFF7DBBB00BF001000403817002076
:1073A00008B5134B9A6A1044DA6B824204D340F654
:1073B00006113E20F9F760FA0E4AD86101211976CC
:1073C0005164D2F84415884202D840F60F11F0E714
:1073D0000021C2F84411C2F844055A6C42F48002FC
:1073E0005A64054B4FF48002C3F8042508BD00BF62
:1073F000381700200080004000F0014010B50F4C0D
:10740000034694F8410094F84010022201282276A5
:107410004FF0960094F820200CD100F0D1F9084AE2
:10742000E0610023C2F84431E36BE1690B44C2F828
:10743000443510BD00F0DEF9F1E700BF3817002039
:1074400000800040044BC3F86005D3F8002242F0EE
:107450004002C3F80022704700100040054BD3F8EB
:10746000002222F04002C3F800220022C3F8602567
:10747000704700BF00100040044BD3F8483503F0BC
:107480007F035B4203700120704700BF0010004083
:1074900008B50D4B0246D97008460021197082B913
:1074A00001225A709A78022A0DD193F82210FFF720
:1074B0007FFB064AD2F8003243F48873C2F80032E8
:1074C00001E002225A7008BD381700200010004069
:1074D000024B0022C3F84025704700BF00800040E7
:1074E000044B30B5D3E914459B6DC0E900450B60F2
:1074F00030BD00BF381700202DE9F843924D934C62
:107500000123EB64A36AD5F84C7594F84C90FF1AEC
:1075100003F09AF80026C4E91406A765FFF788FB74
:107520008B4B626CC3F808258A4A6664D2F8003235
:1075300023F48E7323F00103C2F80032237E84F813
:107540004D6023B1D5F844319B1B18BF0123A178AE
:10755000012938D1D2F80C31002B0CBF00250825A9
:1075600015F00B0F7B4B04D1D3F810210AB145F075
:1075700010050022C3F80021C3F80C21C3F8102124
:10758000C3F80421C3F8082105F01803102B03D118
:10759000012908BF45F020056B4B6678D3F84825D4
:1075A000E263D3F84435A36394F8203084F8403084
:1075B00084F84110EEB9FFF77DFA2676EF0761D522
:1075C000636E98478EE0022911D1624AD2F80C010D
:1075D000D2F8002400280CBF00250225D20758BF8E
:1075E00045F00405002BBBD045F00105B8E70025A8
:1075F000B6E715F0110F21D12379B6F1010818BFB4
:107600004FF00108012B26781CD0022B2FD09BBBFA
:1076100096214046FFF756FA0146FFF74BFA012E36
:1076200007D13B378F422AD8474B26700022C3F838
:107630004021E2784046FFF7EDFD01E0FFF7FEFD57
:107640000026BBE74448FFF771FD94F8413023B9A9
:1076500040F25F713E20F9F70FF9012B04D1FFF7DB
:1076600057FC61690144D8E7FFF72EFCF9E73A4877
:10767000FFF75CFD6169D0E740F67F21EAE7354B13
:107680001E619BE7A80745D503F008FEE8B903F0A3
:1076900015FED0B92F4BD3F85034D90115D51A07A0
:1076A00005D013F0F00F02D013F4706F0DD1294AFA
:1076B000C3F304410129D2F8542406D1012A04D08D
:1076C000C3F34253022B7FF67BAFA36C5B784B4531
:1076D00088BF45F0040585F00400A36E3146C0F371
:1076E00080009847A378022B12D1237E83B1022B0E
:1076F000154A1DD1E36BE1690B44C2F84435636C54
:1077000043F480036364124B4FF48002C3F80425F2
:10771000BDE8F88315F0280F06D085F02001E36E50
:10772000C1F340113046DCE7EB06DBD5236F48E7B9
:10773000012B02D040F65F418CE7E369E16B8B429D
:10774000DBD84FF4466185E7008000403817002001
:1077500000F001400010004040170020024B03EBF6
:107760008003D86C704700BF5C010300014B53F8E5
:1077700020007047B4010300024BC0B2C3F80C05EF
:10778000704700BF00100040054B33F8113002383D
:107790004FF47A7203F2E733B3FBF2F31844704705
:1077A000CC010300054B33F811304FF47A7203F526
:1077B0007A73B3FBF2F31844704700BFCC010300A7
:1077C00038B51D460A4B33F8111003EB820305351B
:1077D0009C6821444FF47A7301F6B73103FB00141F
:1077E0001046B4FBF3F4FFF7B9FF2C44204438BD36
:1077F000CC01030070B5064608461546FFF7B6FFF4
:10780000094A02EB850293684FF47A7203F6B733A4
:1078100002FB06331C1A2846B4FBF2F4FFF79EFF66
:107820000530204470BD00BFCC0103002DE9F74FA7
:10783000244C074698460D46164600F0A3F82378D8
:10784000BB42814611D16378AB420ED194F902302C
:10785000B3420AD1E378834207D1A388A8F8003065
:1078600094F9060003B0BDE8F08F781EC0B203287B
:107870000ED8DFF854C00DF107031CF800003246A3
:10788000294600F085F8824638B13D21752002E096
:1078900040F26B410620F8F7EFFF28469DF907B04C
:1078A000FFF7FCFA534602464146584600F038F8C6
:1078B000B8F80030A071A38027706570A67084F8B6
:1078C0000390CDE700050020E0010300014B1B6899
:1078D0005B68184740070020014B1B689B681847EE
:1078E00040070020014B1B681B6918474007002018
:1078F000014B1B685B69184740070020014B1B6860
:107900009B69184740070020014B1B68DB6918473B
:1079100040070020014B1B68DB6A18474007002026
:1079200010B4034C2468E468A44610BC604700BF50
:1079300040070020014B1878704700BF881C0020CA
:1079400000220F4938B50446134644FA02F0C00736
:10795000D5B248BF581C02F1010244BFCD54C3B296
:10796000042AF2D1064DC3F10402042BD2B24FF027
:10797000FF0188BF0022E81803F04EFE2C7138BDCD
:10798000941C0020014B187D704700BFB0170020E9
:10799000042810B511D883B104280CBF1024282462
:1079A000A1420AD2064C54F8200018B141568A422E
:1079B000A8BF0A461A70002010BD6FF01500FBE743
:1079C000B017002030B50346114890F91C209A42A8
:1079D00019DD90F924209A4217DA9A1A846AA05C79
:1079E0000C4A15569D420DD00E32002918BF0130A9
:1079F0009442C0B206D129B1013BDBB2012B01D8C0
:107A00000130C0B230BD0D20FCE70020FAE700BF16
:107A1000B0170020E401030008B5054B93F91C30B2
:107A2000984203DAFFF7CEFF024B1B56184608BDFB
:107A3000B0170020E401030010B51C4C94F82C3062
:107A400073B9012384F82C3003F0F2FB48B1184BD2
:107A5000A362D823236284F824300823A361237708
:107A600010BD03F0FBFB0028F1D103F001FC00285E
:107A7000EDD103F0BFFB38B10E4BA362D8232362D4
:107A800084F824300423E9E703F0BEFB0028F3D197
:107A900003F0C4FB0028EFD103F0D4FB0028EBD1A6
:107AA0004FF4DF71742003F06BF900BFB0170020B2
:107AB0001F020300F20103004FF0804201235360D4
:107AC0000023C2F80031014A13707047DD1700200F
:107AD000014B01221A707047DD1700204FF08043E0
:107AE000D3F8003123B9034B187800F00100704738
:107AF0000120FAE7DD17002070B50A4D0126044683
:107B00002E70FFF7EBFF30B94FF080436E706C6062
:107B1000C3F8046370BD002CFCD0A04700236B6049
:107B2000F8E700BFE0170020024B00221A705A70DD
:107B30005A607047E017002010B5034C208100F018
:107B40002BFD608110BD00BFE0170020014B98891C
:107B5000704700BFE0170020014B1889704700BF35
:107B6000E0170020014B5889704700BFE017002044
:107B700008B509B3F8B14FF0FF331A46E0FB013204
:107B80000E498A4204D940F2D3116D2003F0F8F86F
:107B9000180D40EA0230C3F30F134FF22441B0FB3B
:107BA000F1F203EB0040064B03FB1200B0FBF1F0D7
:107BB00040EA0240013008BD0846FCE73F420F00A2
:107BC000000024F410B5EFF3108472B6064A937BDC
:107BD0000133DBB29373937B012B01D107F0E1F901
:107BE00004B962B610BD00BFE017002038B5FFF73A
:107BF000E9FFFFF773FF094C4FF0804540B107F0F4
:107C0000FAF901232B610423E3730023237438BDA5
:107C10000323E3730123C5F80433F6E7E0170020DC
:107C200010B5EFF3108472B6094A937B23B94FF471
:107C3000F8716D2003F0A4F8937B013BDBB29373E2
:107C4000937B0BB9FFF738FF04B962B610BD00BFD4
:107C5000E0170020024BD87B003818BF0120704786
:107C6000E017002073B51B4D6B7C63B9E86900F029
:107C7000030007F0B0F930B1EFF3108372B6EA7B7E
:107C80001AB103B962B602B070BD0122EA7303B93A
:107C900062B64FF080430822C3F808234FF42073E4
:107CA000ADF80630BDF80640A4B2631E9BB2ADF835
:107CB0000630002CF6D14FF080460748C6F80C413C
:107CC00007F02AFB85F82140FFF790FF0823C6F84C
:107CD0000433D8E7E0170020001800202DE9F04118
:107CE000384C94F82230002B69D04FF08043D3F801
:107CF0000071D3F8046157B10122C3F808236378F7
:107D00002BB16368002565700BB1984765604EB173
:107D10004FF080430022C3F804210222C3F8082355
:107D2000FFF7A0FF4FF080462748D6F80C8194F863
:107D30002150EDB207F0F4FA20B14FF423716D2019
:107D400003F01EF847B1E37B032B05D10423E37353
:107D500007F051F901233361B8F1000F16D04FF04D
:107D600080430022C3F80C21E37B042B02D040F2B5
:107D7000AA21E4E703F086FAC0B14FF08043002265
:107D8000C3F8342C0223E373FFF74AFF4DB10023FD
:107D900084F82130E37B022B01D1FFF727FFFFF7A7
:107DA0003FFFBDE8F041084807F0C9BA03F04AFABE
:107DB0000028E2D103F05CFA0028DED1E2E7BDE85A
:107DC000F08100BFE01700200018002010B5044C1F
:107DD000E06900F0030007F0FEF80028F8D010BDBD
:107DE000E0170020F8B5054650B10278042A07D8FC
:107DF000437842B9013B1F2B02D88378212B07D946
:107E00006FF0150077E0002BFAD18378002BF7D1C3
:107E1000814B0127C3F88070BFF34F8FBFF36F8F83
:107E20004FF08046C3F880717C4C4FF0FF33C6F8AA
:107E300008330023C6F80031C6F80431C6F80C3107
:107E4000A373AB88A38107F0B1F808B12770A773BB
:107E5000D6F80C24D6F80C34D20303D5DF0701D5AD
:107E6000FFF736FE4FF4AF60FFF766FE2B78A97878
:107E700063740022E261A1742274042B4ED8DFE8FF
:107E800003F005033B494B000123E36107F095F83C
:107E900000284ED007F098F8E36903F003039842F6
:107EA00047D1AB79002B3ED1FFF790FFA37C6BB19C
:107EB0002B785BB9FFF712FE054603F0E1F86FF08F
:107EC0000043002D00F0A580C4E905034FF0804376
:107ED000D3F80C24D3F80C34D20303D5DB0701D537
:107EE000FFF7F6FD4C4A01230020E07384F82230AE
:107EF000C2F880311360F8BDFFF764FE4FF0804395
:107F0000D3F80C14D3F80C24CE03F9D5D007F7D549
:107F10000223BAE7424BB8E7424BB6E74FF47F7112
:107F20006D2002F02DFF4FF080430222C3F804239E
:107F3000BCE74FF080430122DA600022C3F804213D
:107F4000E269C3F8182503F055F910B34FF08053D8
:107F50004FF08042D3F84432C3F34233C2F83C3589
:107F600003F048F910B34FF080430122C3F84C25C9
:107F70004FF0804301229A600222C3F80423AA79B9
:107F8000002A93D1D3F8042391071CD440F2B331D3
:107F9000C6E703F039F90028D8D103F03FF90028EB
:107FA000D4D103F04FF90028D0D1D9E703F02CF950
:107FB0000028D8D103F032F90028D4D103F042F9D7
:107FC0000028D0D1D4E7184A1669116941F0100190
:107FD0001161D3F8043106F010060BB907F0BCF9B3
:107FE0004FF08047D7F8043183B1FFF7EFFE26B991
:107FF0000D4A136923F0100313614FF080430222EE
:10800000C3F808230022C3F804214FE707F0A2F9C0
:10801000E8E7C4E9053059E700E100E0E017002097
:10802000010002000100030000ED00E010B50D4C5E
:1080300004F1200007F074F948B9E37B022B01D169
:10804000FFF7D4FDBDE81040074807F078B9074AAC
:10805000012384F82130BDE81040C2F80031FFF759
:10806000B1BD00BFE01700200018002000E100E0D3
:10807000064B1A7810B5044632B901221A70FFF780
:10808000A1FD2046FFF738FD002010BD0318002099
:1080900010B5054C23782BB1FFF746FD0023237064
:1080A000FFF7BEFD002010BD03180020034610B3EB
:1080B000007888B91A79012A1ED85A79012A1BD862
:1080C0009A680E49643A8A4216D8D8680C4B98428E
:1080D0002CBF00200120704701280CD11A79012AF9
:1080E00009D85A79012A06D8DA680449643A8A42DA
:1080F00001D89868EAE70020704700BF3C8601007D
:108100000040420F10B5054C236813B19847002377
:108110002360BDE8104001F08FBB00BF04180020B1
:1081200038B5044620B94FF4D5716A2002F028FE14
:1081300090F82850072900F2EC80DFE801F00446AF
:108140004676808AA39190F82630033B012B02D912
:1081500040F2B511E9E7052390F8241080F82630A5
:10816000002380F8293061BB714B0122C3F8401510
:10817000C3F84011C3F84415C3F84411C3F84815B7
:10818000C3F84811C3F84C15C3F84C11DA6006F077
:108190007AFF2378012B0FD101F0DCFCC4E9060142
:1081A000236A0021284698470146204606F082FFB0
:1081B000022840F0B18038BDD4E90423C4E9062385
:1081C000EEE7BDE83840FFF79DBF90F82630DA1E95
:1081D000012A02D94FF4EB71A7E790F824202AB1C5
:1081E00021462846BDE8384006F033BF042B0CBFBB
:1081F00002230123012980F82630036A0AD10521D0
:10820000284698470028D6D00378002BD3D040F2D8
:10821000EB118AE70621284698470028CBD003783F
:10822000002BC8D04FF4F8717FE790F82630052B6B
:1082300002D040F2F71178E7036A0221B2E790F822
:108240002630052B02D040F2FD116EE7036A0121B2
:10825000A8E790F82630052BB3D040F2032164E75D
:1082600090F82630052B02D04FF402715DE7036AC7
:108270000A21284698470146204606F01BFF40F297
:108280000B2152E790F82630052B07D090F82520D7
:108290000AB1032B02D040F20F2146E794F82420C4
:1082A000002A9DD194F8293093B1022384F8263016
:1082B00084F82920236A08212846984700283FF49B
:1082C0007AAF0378002B3FF476AF40F21B212CE706
:1082D00094F8252062B194F8270084F825302146CF
:1082E00001F03EFD00287FF466AF4FF408711CE7F3
:1082F000022384F826300721236A2846984700285D
:108300003FF459AF0378002B3FF455AF40F22721DB
:108310000BE74FF40B7108E720B1012805D1236A60
:1083200004213FE7236A03213CE740F23D21FCE6BC
:10833000008000402DE9F8438846074680B300F0EE
:1083400037F84FF0000905465FFA89F6AE420AD2C7
:10835000304600F033F890F8264009F10109002C6E
:10836000F2D1FF2E03D16FF00B00BDE8F883304649
:1083700000F024F80546848480F8264080F82860C0
:1083800001460A4801F0A0FB202885F827000AD002
:1083900001232F6285F82630204688F80060E4E744
:1083A0006FF01500E1E76FF02200DEE721810000A9
:1083B000014B1879704700BF08180020054B1A7947
:1083C000824283BF1B6800EB400003EB00100020DB
:1083D000704700BF0818002010B510F003040A46CB
:1083E0000BD107490A71086030B102EB4202120159
:1083F000214603F011F9204610BD6FF00D00FBE798
:108400000818002043F60952C0F3080302FB03F3E7
:10841000400A03F5807302FB00F000EB5320704725
:1084200043F6095CC0F3080210B50CFB02F2C0F37E
:108430004E24030E43EA01230CFB04F0090E02F55F
:1084400080724FEA411C00EB52205A01B2EB030E3E
:108450004CEAD36C6CEB01044FEA841C4FEA8E1299
:10846000B2EB0E024CEA9E6C6CEB040C4FEACC0CA7
:108470004CEA527CD200D31841EB0C01DA03C90359
:10848000801841EA534141F1000110BD430B48F20D
:10849000376C0CFB03F34FEA134C00B5104B43F65B
:1084A000095E0EFB1C0000FB03F35B0D0EFB03FEDD
:1084B00003EB4C230EF5745C0CF1080CB0EB5C2F55
:1084C00008D80EF5807EA0EB5E20C0B20B60107065
:1084D0005DF804FB013300200B6010705DF804FBB5
:1084E0006F0C0100F8B5274DA94246D8264E274FFC
:1084F000450F45EAC105A6FB0514C0F34F31A40B97
:1085000001EB054107FB1411A6FB0151890B41EA60
:1085100004411F4C04FB110448F2376C600B0CFB48
:1085200000F04FEA104C43F6095E1A480EFB1C455A
:1085300005FB00F0400D0EFB00FE00EB4C200EF59D
:10854000745C0CF1080CB5EB5C2F12D80EF5807E34
:10855000A5EB5E2E5FFA8EFE069D85F800E00D0607
:1085600028184FEA112141F1000118605960146088
:10857000F8BD01304FF0000EEEE796219B2002F08F
:10858000FFFB00BFFF7F841E83DE1B43000024F43B
:108590000080841E6F0C0100420B48F2376303FB1E
:1085A00002F2120C43F6095C074B0CFB120101FBB3
:1085B0000333013B5B0D0CFB03FC5002B1EB5C2F62
:1085C00088BF0130184470476F0C01001F2810B598
:1085D0009FBF054B182460431C189DBF1950626053
:1085E0000120002010BD00BF1018002008B5064B68
:1085F00093F80023202A03D12D21022002F0C0FB92
:1086000083F8280308BD00BF1018002008B5064BEA
:1086100093F80023202A03D13321022002F0B0FB7B
:1086200093F8260308BD00BF1018002010B5094AB2
:1086300092F80033202B03D13E21022002F0A0FB50
:1086400018214B43D018BDE81040D358406803218F
:10865000184700BF101800200C4B0D491B78012B48
:1086600014BF4FF4E0224FF4C022C1F8482318BFD2
:108670000023C1F80823074A99000A440021012B6E
:1086800042F8041B00D170470123F8E7481B002083
:1086900000B0004040B1004070B5EFF3108472B6F6
:1086A000094A0A4B0025D2F80415D2F804612EB10C
:1086B000596801315960C2F80451F4E75B6804B9A4
:1086C00062B6C0E9001370BD00B00040481B002036
:1086D000094BD3F80435C01A20F07F4323F001037F
:1086E0003BB120F07F40B0F5000F8CBF022000208E
:1086F00070470120704700BF00B0004008B5124B22
:10870000D3F8042522F00302C3F80425D3F8082582
:1087100042F00302C3F80825102292FAA2F2B2FA3C
:1087200082F2092A04DD094840F2913102F01EFB71
:10873000C3F810250122DA60054B4FF48072C3F8AC
:1087400080211A6008BD00BF00800040486D030012
:1087500000E100E0114B4FF40062C3F88020BFF34A
:108760004F8FBFF36F8FC3F880210D4B01225A60EA
:108770009A60D3F80425002AFBD10A49C3F80813EC
:108780004FF4E021C3F84813C3F84021C3F8442153
:10879000C3F84821C3F80421704700BF00E100E09E
:1087A00000B00040020007000D4B4FF48072C3F888
:1087B0008020BFF34F8FBFF36F8FC3F88021094B29
:1087C00001214FF0FF325960C3F808230022C3F89B
:1087D0004025C3F840211961034B1A72704700BF4E
:1087E00000E100E000800040481B00202448FF23F7
:1087F00010B54FF0FF32002443724FF0FF33C0E951
:10880000042304704460FFF7CFFFFFF7A3FF1D4A66
:108810001D4BC2F800424FF40061196080691B498A
:1088200030B901230B60194B0222C3F8042310BD99
:10883000174B184CC3F8A845C3F8AC05C3F85C192E
:108840004FF40021C3F804150521C2F84015012199
:108850001160D2F840110029FBD04FF40021C3F879
:10886000081501215160D1600021C2F84011C2F801
:108870004015C3F8A815C3F8AC15C3F8AC15D2E77A
:10888000481B00200080004000E100E000B00040F4
:1088900000F0014040810040014BD3E904017047E2
:1088A000481B0020014BD3F80405704700B000407E
:1088B00013B56846FFF7F0FEDDE90004FFF7A2FDFF
:1088C000024B0021E4FB030102B010BD0080841EB6
:1088D000B1F1FF3F08BFB0F1FF3F2DE9F041404C3F
:1088E00005460E4638D13F4DD5F800317BB33E4E9C
:1088F0003E4BC6F808354FF00008FFF7ADFE84F890
:108900000980FFF751FFFFF7F9FE394BC5F80081E9
:10891000384FC6F8A8354FF40023C6F8AC75C6F832
:10892000043506F0EBFCD5F800312BB10123C5F876
:1089300000817B60FB60F4E7013041F1000102231C
:10894000C4E904012370FF236370BDE8F08106F0E1
:10895000D5FCC51C41F10006D4E90473B34208BF3D
:10896000AF42F2D0204B214AC3F80825FFF774FE2E
:108970001C4A4FF4803125F07F480023C2F80813C9
:108980004046C2F84813C2F84031FFF7A1FE20B1BB
:108990004FF43F716C2002F0F3F9C2F84085C2F841
:1089A00044132378012B06D127F07F473846FFF781
:1089B0008FFE0128FAD000236372FFF7F5FEFFF760
:1089C0009DFE094A01234FF000412370C2F80415AF
:1089D00004226270034AC4E90456C2F84833B4E77B
:1089E000481B002000B0004000F00140000008805B
:1089F00000B100400080004037B540B1041FE4B230
:108A0000022C13D940F295316C2002F0B9F9214BB8
:108A10004FF48032C3F80823C3F84005C3F840017F
:108A2000D3F840310093009B03B030BD1A4D2B7832
:108A300093B16A7882420FD1184A1949C2F80815D1
:108A4000012B01D1FFF7B0FE00232B704FF0FF3256
:108A50004FF0FF33C5E90423124A4FF48033A3409B
:108A6000C2F80833C2F8483304F5A87352F823005B
:108A7000FFF72EFE012818BF0B4B22B24FEA8404E9
:108A80001CBF00211951084B53F822300193019B60
:108A9000CAE700BF00800040481B002000F00140F2
:108AA0000000088000B0004040B1004070B52C4B81
:108AB00030B1041FE4B2022C2AD94FF454710BE0F8
:108AC000D3E90401B1F1FF3F08BFB0F1FF3F06D188
:108AD0001B7A23B94FF44A716C2002F051F912B994
:108AE0004FF44B71F8E71F4B4FF480310120C3F86E
:108AF0000413C3F840255864D3F8441500248A426F
:108B0000C3F8444503D82046FFF776FF204670BDE2
:108B1000197829B15B78834202D14FF45371DBE7B6
:108B2000114B124E22F07F41A20013444FF48035C6
:108B3000A5400022C6F808530846C6F848531A60F4
:108B4000FFF7C6FD48B904F5A874012046F82410C3
:108B5000C6F80453C6F84453D9E71046D7E700BF18
:108B6000481B00200080004040B1004000B00040A1
:108B700008B5FFF771FD054B4FF0FF32C3F808232E
:108B80000022C3F84025C3F8402108BD0080004002
:108B900008B50122084B10B1C3F8442308BDC3F83F
:108BA0004823FFF701FE054B4FF0FF3118704FF0DF
:108BB000FF30C3E90401F1E700B00040481B00208A
:108BC000F8B5164D164E00244FF48037D5F804330F
:108BD00007FA04F21A4212D056F824307BB100236F
:108BE00046F8243004F5A87355F82300FFF770FD0C
:108BF00028B1201DC5F80823C0B201F007FC0134DC
:108C0000032CE3D1054BD3F8042132B10022C3F881
:108C10000421044A536801335360F8BD00B000409A
:108C200040B10040481B002010B51C4C637AFF2B5C
:108C30002DD0237883B10122022B227221D1184B2F
:108C40004FF40022C3F80825002323704FF0FF32B1
:108C50004FF0FF33C4E90423124BD3F80423D203AB
:108C60001BD5D3F84021C2B14FF480320020C3F8A5
:108C70000823C3F84001FF236372BDE8104001F0F0
:108C8000C5BB022360782370FFF7B6FEE4E7054B0F
:108C9000D3F804330BB10720EFE710BD481B0020C9
:108CA00000F00140008000402DE9F04F93B01C46D9
:108CB0000492CDE90201FFF7EFFD1823019106466A
:108CC000B849082004EB440213FB0404631801EBC9
:108CD000C202083265581F7BD3F8048093F80D90C8
:108CE00005970FCA0CAC25F07F4A84E80F00504668
:108CF000FFF788FBAC4B7C1C9842044400F288814F
:108D00009C4200F39380002C55DBFEF7E7FEB9F19F
:108D1000010F834608D0A54FD7E90223B3F1FF3FE7
:108D200008BFB2F1FF3F4BD006F086F9019B0690D9
:108D3000B3F1FF3F08BFB6F1FF3F03D0B54278EB78
:108D4000030378D2029B0322EB1A934269DBBBF147
:108D5000000F00F0E88000230793029BB5EB030BA4
:108D6000039B68EB030706F067F90930C2178345D8
:108D700077EB020380F0DB80049B012B00F0E180A5
:108D8000079B002B5AD1019BB3F1FF3F08BFB6F1FF
:108D9000FF3F53D0721B63EB0803042A73F10001F9
:108DA00080F22881012A73F100033ADADDF81CB061
:108DB00026F07F4A52E004F1F45404F59024A4E72D
:108DC0000028B1D106F038F9019B0690B3F1FF3FBE
:108DD00008BFB6F1FF3F00F0A380B54278EB030374
:108DE000C0F09E803B7C002B069B14BF00221A46DD
:108DF0003346EB1A9A4214DC01230793D7E9023277
:108E0000B2F1FF3F08BFB3F1FF3FA6D00699EB1ABE
:108E100068EB02028B4272F100039ED2B9F1010F9E
:108E20009BD00024204613B0BDE8F08F04F16144CC
:108E300004F5F70469E73346002285E728464146F2
:108E4000FFF746FD4FF0000BB8F1FF3F08BFB5F14B
:108E5000FF3F00F0E2802E46CDF804805046FFF739
:108E6000D1FA534B221A9A420DD3001B98427CD35D
:108E70004D4B9A4200F2B380984240F2D880C0F144
:108E8000614202F5F702D3170020FFF70FFE0446F8
:108E90000028C6D0454FB9F1010FD7E9022366D0AB
:108EA000BBF1000F40F08880B3F1FF3F08BFB2F183
:108EB000FF3F00F0A6800120FFF76AFE3B7C002BFD
:108EC00040F092806A1E68F100030620FFF7EEFD75
:108ED000002842D0B9694FF0804200230B60C2F8ED
:108EE0000835059B8DF83C3000238DF84030089301
:108EF0004FF0FF324FF0FF33CDE90C58CDE90A2394
:108F00008DF83D9008AE0FCE2A4D0FC50FCE0FC580
:108F100096E8030085E80300204613B0BDE8F08F13
:108F2000029BC21C65E7214FCDF81CB066E7B9F182
:108F3000010B2846414618BF4FF0010BFFF7C8FC54
:108F400082E7019BB3F1FF3F08BFB6F1FF3F73D04B
:108F500026F07F4A4FF0000B80E7BA694FF080415E
:108F60000123C1F808351360BBE742428BE7B3F138
:108F7000FF3F08BFB2F1FF3F24D1BBF1000F9DD0EE
:108F8000069BF21A019B4FF0050063F10003FFF707
:108F90008DFD002846D03B7C002B93D101233B74F0
:108FA00090E700BF10180020FF7F841E681B002080
:108FB0000040420F181B0020B3F1FF3F08BFB2F181
:108FC000FF3FDDD006F02EF84FF0FF324FF0FF33B9
:108FD000C7E90223BBF1000F3FF470AFD0E702F105
:108FE000F45202F590224EE70520FFF705FD00231D
:108FF0003B7467E728464146DDF81CB0FFF768FC84
:1090000022E706F00DF806F079F9C7E9020152E708
:1090100040F20F41702001F0B3FE40F21B7170204E
:1090200001F0AEFE40F22121702001F0A9FE40F2D5
:10903000D471702001F0A4FE40F27F61702001F035
:109040009FFE00BF2DE9F04F8D4F7C7C04EB440365
:109050003B4483B05D78202D48D08A4BE6B2640053
:10906000002B00F08980884BDFF82092002B5FD026
:1090700005EB461207EB420A4FEA46189AF81C30F5
:10908000013BDBB2052B34D8814A12F803B0BBF1A7
:10909000080F2ED0AFF30080EFF3108372B6344484
:1090A0003C449AF81D206270A278AA4204BF202294
:1090B000A27013B9AFF3008062B6A84405EB450572
:1090C00009EBC50207EB4808506859F83530012212
:1090D000594688F81C2098477C7C04EB44033B44A9
:1090E000E6B25D78202D4FEA4404C1D103B0BDE85B
:1090F000F08F40F24A61702001F042FE62B6A8444F
:1091000005EB450509EBC50207EB4808506859F81F
:1091100035300122594688F81C2098477C7C04EBA6
:1091200044033B44E6B25D78202D4FEA4404DDD091
:1091300005EB461207EB420A4FEA46189AF81C3034
:10914000013BDBB2052BD4D8514A12F803B0BBF176
:10915000080FCED0AFF30080EFF3108372B6344423
:109160003C449AF81D206270A278954204BF2022E8
:10917000A270002BC3D1C1E7434BDFF814B1DFF875
:109180000CA14FF02009002B4FD005EB461207EB46
:1091900042024FEA4618137F013BDBB2052BA8D8E9
:1091A0001BF803100829A4D0EFF3108372B63444DF
:1091B0003C44527F6270A278954208BF84F80290C6
:1091C000002B52D0A84407EB480805EB45050AEBF5
:1091D000C5025AF835305068012288F81C2098479B
:1091E0007C7C04EB44033B44E6B25D78202D4FEADF
:1091F0004404CAD17AE762B6A84405EB45050AEBF8
:10920000C50207EB480850685AF83530012288F843
:109210001C2098477C7C04EB44033B44E6B25D7819
:10922000202D4FEA44043FF461AF05EB461207EBF3
:1092300042024FEA4618137F013BDBB2052B3FF693
:1092400058AF1BF8031008293FF453AFEFF3108316
:1092500072B634443C44527F6270A278954208BF93
:1092600084F80290002BC7D1C5E70191AFF30080CD
:1092700062B6A844019905EB450507EB4808A6E747
:10928000681B0020000000000000000010180020F3
:10929000500203002DE9F04F85B0DFF80C810193F7
:1092A00001EB41034FF0200C18F803400391644593
:1092B000924682F800C073D04B01DFF8F09006466A
:1092C0009B4610E0727B012A02D0427D012A57D0D2
:1092D0000BEB040308EB43038AF800405B7F202B71
:1092E000A4465DD01C4604EB440009EBC000D0E965
:1092F000032387683568716813EB070E42F100029B
:10930000754571EB02024FEA4403DBD21D46019B17
:1093100083F800C0039B4FEA431B281909EBC000E8
:109320003768B368D0F808A07268C168DB1942F1E9
:1093300000029A4571EB020310D3437D012B02D04A
:10934000737B012B03D0012005B0BDE8F08F05F041
:1093500073FEAAEB070701308742F4DA019A25442D
:1093600009EBC5051470A97DB27B0BEB0403914298
:1093700008EB430310D95C7F202CE4D06500CCE7D8
:10938000029305F059FEED1B01308542A0DA029BE5
:109390009AF800C01D46BAE7002005B0BDE8F08F7E
:1093A000019B1C70CFE700BF681B00201018002035
:1093B0002DE9F04F83B00C4615461E469DF83070DF
:1093C000FFF7EAF822686368451946F100069542FE
:1093D00076EB030342D3DFF88C8005E05D4576EB46
:1093E00009033BD3C4E900B90DF107030DF10602EF
:1093F00039462046FFF74EFF88BB9DF8073003EB48
:10940000430308EBC303D3E902A01A691AF1030B63
:1094100040F1000012EB0B0B627B40F10009012AC6
:10942000DCD05B7D012BD9D105F006FEABEB0A0346
:1094300001308342D2DA9DF8073003EB430308EB97
:10944000C303D3E902B905F0F7FD013010EB0B0BB4
:1094500049EBE0795D4576EB0903C3D2002003B008
:10946000BDE8F08F101800202DE9F04715461C4686
:1094700012782F7A95F809C088B00023E360C4E918
:109480000033A7739DF8408084F80DC00646A360A2
:10949000E2730F46002A3AD1FEF7C2FFD5E9042C49
:1094A0003C4BC31841F1000E9A427CEB0E030AD3E9
:1094B000013E47F1FF37C4E900674FF47A73A360B8
:1094C00008B0BDE8F087263041F1000182427CEB14
:1094D0000103EDD3501E04F10C036CF10001009365
:1094E00004AA06ABFEF7FEFF049B686802330DF189
:1094F0000F0205A91844FEF7C9FFDDE905320799F7
:109500009B1A23F07F43C4E90021A360D8E72248D7
:1095100004F10C0206A9FEF7B9FF204B1B78202BA3
:1095200024D01F490B69D1E90521083342F1000A13
:1095300013EB01094AF1000A6B68207B18440230E2
:1095400005AA04F10801C4E9009AFEF79FFF286903
:10955000CDF8008032463B462146FFF729FF002820
:10956000AED1C4E9006708B0BDE8F087637B16F1AF
:10957000080947F1000A012BDED0FEF7AFFA0028F8
:10958000DAD105F059FD10EB090399464AF1000ABA
:10959000D2E700BF0040420FFF7F841E101B002057
:1095A000181B00202DE9F04700EB4003344DDFF895
:1095B000D480EC5C06464700FFF774F94FF0200CAE
:1095C0004FEA461E04EB440108EBC1010EEB040315
:1095D000D1F808A00A69AAEB000929F07F49B9F57A
:1095E000000F05EB43030DD812EB0A02121A22F00A
:1095F0007F42B2F5000F05D8BCF1200F0AD12046FA
:10960000BDE8F0875B7F202BA4461C46DAD1BCF175
:10961000200FF4D00CEB4613BA1905EB430315F8F1
:1096200002805B7FAB54710144464FF0040E0B196E
:1096300005EB430322469445204683F81CE05C7FFB
:10964000F5D1BB192B440A4493F802E0BEF1200F78
:109650005FFA8EFC18BF8C443E4418BF05EB4C0CDF
:1096600005EB4202354408BF83F801804FF0200328
:1096700018BF8CF81D80A87053772046BDE8F0878E
:10968000681B0020101800202DE9F04101EB410378
:109690004A4DEE5C202E82B00C4680464FEA4107D0
:1096A00040D1474B0BB1AFF3008005F027FEAB7CF8
:1096B0000191202B0AD0434BD3E904E210F1020CB4
:1096C00041F10003E64572EB030330D3202E0AD0AC
:1096D00042463346FFF7E8FA00283DD00220AE7438
:1096E00002B0BDE8F081D5E90223B3F1FF3F08BF26
:1096F000B2F1FF3F1FD12B7C43BB0420FFF77CF965
:10970000FFF736FA0020FFF743FAA9694FF08042CD
:109710002020A874002301200B60C2F8083502B095
:10972000BDE8F0810846FFF73DFF8642B9D0002032
:1097300002B0BDE8F08105F075FC4FF0FF334FF04B
:10974000FF32C5E902232B7C002BD6D00520FFF782
:1097500053F900232B74D0E73A1906EB441305EBB9
:10976000430315F802C05B7FAB54610162460420DD
:1097700013468A1805EB42029E421077527FF7D1BA
:109780003A192A443C449678F0B2202E18BF40186B
:10979000194418BF05EB400005EB4101254418BFF3
:1097A00080F81DC0AB704FF000004FF0200308BFE1
:1097B00082F801C04B7702B0BDE8F081681B002041
:1097C00000000000181B002038B5164A164D4FF057
:1097D000FF304FF0FF310023C2E90201C5E9020169
:1097E000202142F22000A970136082F82030A97471
:1097F0001C4628806B742B7405F11C0202F814308F
:109800000134202CFAD1094801F078FC084B094AB0
:109810001C70107001F062FDA861FEF7E7FF0123E4
:10982000EB7438BD181B0020681B00204590000019
:10983000101B0020401B00202DE9F04F83B005F0E5
:109840005DFDDFF8688206460C46FFF791F94FF0A0
:10985000FF334FF0FF32C8E9022398F82030D3B924
:10986000D8F81030D8F81820D8F8141090480233DF
:1098700041F100019B1802F5DF62A0FB02024FEAF2
:10988000922241F100019B1841F100019E4274EBCC
:10989000010380F0FB804FF0FF304FF0FF31FFF706
:1098A00017F8844A92F800B0BBF1200F00F0E9806D
:1098B000814D20231370AB746B7C0022C8F800200C
:1098C00003EB43025FFA83F9AF5C5B00202F009348
:1098D0000AD0DFF8E8A107EB47030AEBC3037A00DD
:1098E000D97D012900F0A880009BDFF8D4A103EB0B
:1098F00009062E444FEA49173478202C04D04846F4
:10990000FFF750FE8442F7D1BAF1000F01D0AFF358
:10991000008005F0F3FCAB7C202B09D0D8E90423B0
:1099200010F1020E41F1000C724573EB0C03E3D30E
:10993000202C34D023460122FFF7B6F9002852D05C
:10994000AC7407EB0B0305EB43031A7F022A1BD110
:10995000009A4A442A44062119779178CBB22029EB
:109960001CBFDB1905EB43035F4418BF83F81DB030
:10997000009B08BF82F801B04B442B4405EB47071E
:1099800083F802B020237B77FF23AB71009B4B440D
:109990001D446B78202B60D103B0BDE8F08FD5E972
:1099A0000223B3F1FF3F08BFB2F1FF3F07D005F03C
:1099B00039FB4FF0FF324FF0FF33C5E902232B7C18
:1099C000A3BB0420FFF718F8FFF7D2F80020FFF739
:1099D000DFF8A9694FF0804200232020A8740B60B3
:1099E000C2F80835ADE73B1905EB430330785B7FE0
:1099F0003370024604211346BA1805EB42029C421A
:109A00001177527FF7D1B178B370CAB220291CBF49
:109A1000D21905EB42023B4405EB430318BF5077D4
:109A20004FF0200208BF70705A7765E70520FEF7F7
:109A3000E3FF00232B74C4E75B7D012B14D10336B5
:109A400044F1000417440AEBC70ADAE90223B242E0
:109A5000A34128BFCAE9026446E71A4B187803B04D
:109A6000BDE8F04F01F076BB0192FEF737F8019A9E
:109A70000028E4D105F0E0FA8619019A44F10004C7
:109A8000E0E740F2B121702001F07AF9094B0B4A6E
:109A90001B78182101FB03F3D01807214068D35825
:109AA000984740F2A621702001F06AF9181B0020A7
:109AB0009300DC92101B0020681B0020101800206F
:109AC00000000000401B002038B50C46054605F09C
:109AD000B9FA11494B7C01F11C0C5FFA83FE0CEBC7
:109AE000831C002302E00133202B13D01CF8132029
:109AF000D8B2002AF7D1094A03EB4E1E03EB430309
:109B000001EB4E0142F8335002EBC30301220A7706
:109B10005C6038BD184638BD681B00201018002056
:109B20001F2808D80A494B7C00EB431301EB430381
:109B30001A7F012A01D0002070474B7C00EB4313B1
:109B400001EB43034FF0000C104683F81CC0704734
:109B5000681B002010B5054CD4E90401FEF760FC39
:109B6000237F0133181841F1000110BD181B00209C
:109B7000014BD3F840057047008000400378002B6C
:109B800040F0D7802DE9F04F6F4A5368C3F30803C4
:109B900089B08146002B40F0B8806C4E6C4FDFF8E6
:109BA000B4B106F11C0A27B1002140F23C40AFF3EA
:109BB0000080757CEDB24FF00003B37127B1002136
:109BC00040F24140AFF300800AEB851EBEE80F0073
:109BD0006C1C04F001080AEB881CACE80F00BEE81E
:109BE0000F00ACE80F00BEE80F00ACE80F009EE8E5
:109BF0000F0044468CE80F002DB227B100214FF42E
:109C00007370AFF3008005EB450504EB4404731952
:109C1000725B9B7832533444A37057B100214FF4E8
:109C20007470AFF3008027B1002140F24640AFF3DB
:109C3000008005F063FBCDF8008004AB4A46044683
:109C40000D46FFF711FC27B1002140F24D40AFF364
:109C50000080414B1B78202B3FD0DBF81030DBF825
:109C60001420DBF81810083342F100025B1842F1AF
:109C70000002DDE90401984271EB020CCDF800808E
:109C800022D3364822462B4604A9FFF791FB98B110
:109C9000DDE90401FEF7C4FB9DF81C3001331B18FD
:109CA00041F10001C9F81030C9F8141027B10021A2
:109CB0004FF48C60AFF30080B379002B7FF473AF67
:109CC000012009B0BDE8F08FCDE9043204A9224695
:109CD0002B462248FFF76CFBDAE79DF81D1014F1C4
:109CE000080345F100020129C3D0CDE90232FDF796
:109CF000F5FEDDE902320028BBD105F09DF9029B9B
:109D0000039AC31842F10002B3E7103B59B200298D
:109D100011DB01F1604101F5614191F80003400957
:109D20000028CED0094E0A4FDFF828B006F11C0AF1
:109D300039E70020704703F00F03043B1344187EFB
:109D400040090028EED1BCE700ED00E0681B0020D0
:109D500000000000181B0020101B00200040420FD4
:109D60002DE9F04FAC4A53688FB0C3F30803834624
:109D70000491002B40F0628108230393049B1B781D
:109D8000012B00F23D82A54E26B1002140F22E505B
:109D9000AFF300800023A24C05934FF0010926B1D8
:109DA000002140F23B50AFF30080B9F1000F04D125
:109DB0009C4B0BB1AFF3008062B6657CEDB24FF007
:109DC0000003A371039B002B40F09880A84626B1A6
:109DD000002140F24F50AFF3008005F08FFA049A53
:109DE00000950AAB8246FFF73FFB26B1002140F207
:109DF0005750AFF300800BEB481904EB49094FEAC9
:109E0000481799F81C30013B012B75D80A992AF0A4
:109E10007F4AA1EB0A0222F07F4323F00103002BCB
:109E200040F0BD8008EB4802224407EB0B0390781A
:109E300004EB43030421202819774FEA4803C1B2F9
:109E400000F09681394404EB410181F81DB0434490
:109E500023445F4404EB470783F802B020237B7759
:109E600000230593012726B1002140F25C50AFF397
:109E700000806D4B0BB1AFF30080EFF31088C1464B
:109E800072B6A379002B8AD1684B0BEB4B0C03EB1A
:109E9000CC0C0AAB0FCB0CF1080C8CE80F008FB187
:109EA000039B002B00F0EA80059B23B1604B1B78DD
:109EB000202B00F06081637CDB4303F001036374BB
:109EC000FF23A371B8F1000F04D1564B0BB1AFF3D0
:109ED000008062B626B1002140F29350AFF30080BB
:109EE000002F4AD126B1002140F29F50AFF30080ED
:109EF00038460FB0BDE8F08F0027B4E74D4B05F1B1
:109F0000010A0AF0010A03EB851E03EB8A1CBEE876
:109F10000F00ACE80F00BEE80F00ACE80F00BEE891
:109F20000F00ACE80F009EE80F002DB28CE80F0088
:109F3000D0460FFA8AF726B100214FF47370AFF3C1
:109F4000008005EB450507EB47076319625B9B78CB
:109F5000E2532744BB7056B100214FF47470AFF345
:109F6000008026B1002140F24550AFF30080A37974
:109F7000002B7FF414AF554629E7637C03EB4303C2
:109F80001C446378202BADD026B1002140F29A50BA
:109F9000AFF30080284B187801F0DCF8A2E722F03C
:109FA0007F42B2F5000F3FF63DAF0C9B5B18A3EB71
:109FB0000A0323F07F43B3F5000F3FF633AF0DF1F3
:109FC00027030DF1260229460AA8FFF763F9059039
:109FD00000285AD108EB480222440423907889F8DB
:109FE0001C304FEA48032028C1B2434418BFC919A6
:109FF00023445F4404EB470718BF04EB410183F897
:10A0000002B04FF0200314BF81F81DB082F801B0F8
:10A010007B77012727E700BF00ED00E0000000008C
:10A02000681B002000000000000000001018002045
:10A03000101B0020841B0020401B0020103B59B245
:10A040000029C0F28D8001F1604101F5614191F874
:10A0500000335B090393002B7FF490AE704B1B78A9
:10A06000202B00F0D280049B1B780393002B3FF43D
:10A070008AAE40F22751702000F082FEFF23A371C8
:10A08000B8F1000F7FF426AF1FE79DF826C09DF8BA
:10A0900027E0F44518D1BCF1200F00F09E8007EBBB
:10A0A0000C0304EB43035B7F89F81D30BC4404EBD5
:10A0B0004C0C00228CF81DB05F4404EB4703059F55
:10A0C000059203221A77CEE6BEF1200F00F0A2809F
:10A0D00007EB0E0304EB4303BCF1200F597F00F0A4
:10A0E000878007EB0C0204EB42024FEA4803507FE3
:10A0F000069051774FF0050A3A1804EB42020146E8
:10A100008E45814682F81CA0507FF5D103EB0802F2
:10A110002244079192F802A0BAF1200F5FFA8AFE5A
:10A1200063D0BE4404EB4E0E069A8EF81D2003EB5E
:10A1300008022244079982F80290394407EB0B0287
:10A140004FF0200E04EB410104EB4202F44581F88C
:10A150001DE05077AAD14344059A04F803B0ABE759
:10A1600003F00F03043B13441B7E5B09039372E768
:10A1700082F801B06BE629460220FFF785FA002835
:10A180007FF499AE637C03EB430020440BEB431256
:10A1900004EB420285780421DFB211775A015B009B
:10A1A000202DE9B23B4418BF891823445A4418BFF4
:10A1B00004EB410104EB420283F802B04FF02003AC
:10A1C00018BF81F81DB0059F08BF80F801B0537714
:10A1D000B8F1000F7FF47EAE77E608EB4803E35C4E
:10A1E00089F81D304FEA4803B5E7069951709EE79C
:10A1F00008EB48024FEA4803A05C0690A15479E7B7
:10A2000040F22B51702000F0BBFD40F22451702031
:10A2100000F0B6FD40F2CB11702000F0B1FD00BFA0
:10A22000101B00202DE9F84F734CDFF8D081054654
:10A230004FF0010A04F11C0BB8F1000F04D000210B
:10A2400040F2B150AFF30080BAF1000F04D16C4B73
:10A250000BB1AFF3008062B64FF00003A371B8F109
:10A26000000F04D0002140F2B650AFF30080667CAE
:10A270000BEB861EBEE80F0006F1010909F001078D
:10A280000BEB871CACE80F00BEE80F00ACE80F003A
:10A29000BEE80F00ACE80F009EE80F00B9468CE85E
:10A2A0000F00B8F1000F04D000214FF47370AFF32A
:10A2B000008006EB460607EB4707A319A25B9B78D5
:10A2C000E2532744BB70B8F1000F04D000214FF4D3
:10A2D0007470AFF30080A37903F0FF01002B7CD1F1
:10A2E000B8F1000F03D04FF4B860AFF3008005EB76
:10A2F000491304EB43034FEA49161A7F032A6AD134
:10A3000009EB4902A75CBD4271D0202F63D03B46C8
:10A3100001E0202B5FD0F21804EB42021946537F74
:10A320009D42F6D1202D56D07319314404EB4303DE
:10A3300004EB41015B7F4B77B8F1000F0CD000219B
:10A3400040F23E30AFF30080B8F1000F04D000219E
:10A3500040F2C550AFF300802E4404EB46060123C3
:10A360003377B8F1000F04D0002140F2CE50AFF3A4
:10A370000080244B0BB1AFF30080EFF3108A72B66C
:10A38000A379002B7FF458AFBD4203D11E4B1B783D
:10A39000202B1AD0637CDB4303F001036374FF239B
:10A3A000A3710124BAF1000F04D1154B0BB1AFF327
:10A3B000008062B6B8F1000F04D000214FF4BE60F7
:10A3C000AFF300802046BDE8F88F49460220FFF732
:10A3D0005BF90028DED10024E4E7B8F1000F3FF478
:10A3E00033AF002140F2BC50AFF3008024E7202DB2
:10A3F000F1D05B7FA3549FE7681B002000000000A2
:10A400000000000000000000101B002070B586B0A6
:10A4100007280DD8DFE800F0310C0C0C0C1D040EE1
:10A420005F4B4FF080419A690123C1F808351360F2
:10A4300006B070BD5B4B5C4A1B7803EB430302EB39
:10A44000C30052F833304068042106B0BDE87040C4
:10A450001847534C237C002B48D0D4E90223B3F196
:10A46000FF3F08BFB2F1FF3F00F084800120FEF7FC
:10A470008FFB0023237406B070BD494CD4E902233E
:10A48000B3F1FF3F08BFB2F1FF3F55D0454E012069
:10A49000FEF77EFB3378202B55D0444D6A7F012A8E
:10A4A0003BD0FDF71BFB0346002835D194F89C20D8
:10A4B0000132D2B2312A84F89C206CD84FF47A72DF
:10A4C00030786946CDE90032CDE90233CDE9043375
:10A4D000FFF746FC002859D095F82040012385F865
:10A4E0002030FFF7A9F985F82040A1E72D4B2E4A2F
:10A4F0001B782E4903EB43034FF0FF344FF0FF3539
:10A50000C1E9024502EBC30152F833304868052126
:10A5100006B0BDE8704018473378234A03EB430385
:10A5200002EBC30052F833304068002184F89C10DD
:10A5300006B0BDE87040184704F072FD04F0DEFE7E
:10A54000C4E90201A2E7637C03EB4301DAB2635C76
:10A55000202B16D003EB421204EB4202507F6054D2
:10A56000FF21A171114D337002211177002285F86E
:10A57000202093E704F054FD04F0C0FEC4E902017A
:10A5800074E740F24221702000F0FAFB40F21961BA
:10A59000702000F0F5FB40F21561702000F0F0FB38
:10A5A000681B0020101B002010180020181B002022
:10A5B00070B5224B1A78202A86B035D0204CD4E9C9
:10A5C0000213B3F1FF3F08BFB1F1FF3F31D11D4E80
:10A5D00002EB420206EBC2060546D6E90201FDF790
:10A5E0001FFF337D00225B195241013342F100020B
:10A5F000181842EB01010DF10B0204AB009203AA03
:10A60000FDF770FF9DF80B20DDE904130F2A94BFBE
:10A6100000220122521843F100030520C4E902235D
:10A62000FEF744FA06B070BD40F2AF71702000F042
:10A63000A7FB4FF4F661702000F0A2FB101B002076
:10A64000181B002010180020FEF72CB938B5254B38
:10A6500093F800E0BEF1200F3FD0234D6B7C95F8BE
:10A6600011C003EB43035FFA8CFCEB5C202B25D07D
:10A670001E4C4FEA4C1C05E0634405EB43035B7F33
:10A68000202B1BD003EB430204EBC202917D8142DD
:10A69000F2D80EEB4E0E04EBCE04D4E9021320697F
:10A6A00040189168D26843F10003C41C43F10003D1
:10A6B000A14272EB030304D2002038BD4FF0FF30FB
:10A6C00038BD0B4B081A03381C68FDF79BFE04F1DC
:10A6D00032038342F0D8001B38BD40F2E471702091
:10A6E00000F04EFB101B0020681B002010180020FB
:10A6F000181B00202DE9F04F8C4B1D7887B0202DC2
:10A70000019000F00D81DFF82892DFF8288299F897
:10A71000113003EB43030646D8F8000019F8034054
:10A72000D8F8103003930DF11302D8F818300293C3
:10A730008B46304405A9FDF7A9FE7F4BA6F13202F6
:10A740009A426AD8DFF8F4A1059BD8F8146005EBAB
:10A7500045050AEBC505A8681B182869D8F81050EC
:10A760001818401B20F07F43B3F5000F55D899F817
:10A770001120C8F81800202C88F81EB0D2B200F0C2
:10A78000C2805201DC462021934604EB440240196A
:10A790000AEBC20246F1000ED2E90263864273EB75
:10A7A0000E034FEA440746D3537D012B03D098F89C
:10A7B0001D30012B35D005200091FEF71DF90099C1
:10A7C00099F811004FF0FF324FF0FF332029C8E90C
:10A7D0000223C0B240F0958000EB4000202419F81D
:10A7E0000030524A99F81110127802EB411209EB2D
:10A7F00042025377D8F80030019A1344C8F8003069
:10A80000FF2389F80630202C35D04D4B187800F006
:10A81000A1FC002007B0BDE8F08F012007B0BDE823
:10A82000F08F009104F008FC751B013085420099FF
:10A83000C1DA98F81EC027440AEBC707BB7D634501
:10A840000DD90BEB040309EB43035B7F202B16D0E0
:10A850002146D8E90456D8F818001C4695E7DDE9EA
:10A860000231D8F810205B189B1A0220C8F8183063
:10A8700007B0BDE8F08F002007B0BDE8F08F0520DD
:10A88000FEF7BAF84FF0FF324FF0FF3399F811009E
:10A89000C8E90223C0B204EB401309EB43034600AE
:10A8A0005A7F00EB4003410119F803A009F8032087
:10A8B0004FF0050C5346CF1809EB47071A46944250
:10A8C0001D4687F81CC07B7FF5D137184F440A44DA
:10A8D00097F802E0BEF1200F5FFA8EFC18BF8C449F
:10A8E000304418BF09EB4C0C09EB420248444FF0CE
:10A8F000200114BF8CF81DA087F801A08570517746
:10A900006FE70C46C7E70520FEF776F899F81100C7
:10A910004FF0FF324FF0FF33C8E90223C0B25BE7CC
:10A9200040F60D01702000F02BFA00BF101B002034
:10A93000681B0020181B0020CE3F420F101800207B
:10A94000401B00202DE9F84F9A4C637C00EB431329
:10A9500004EB43031B7F002B00F02781677CDFF8AB
:10A9600058820546FFB2B8F1000F04D0002140F62E
:10A970004C00AFF300807E0105EB471704EB47075F
:10A98000B8F1000F40F0D980771904EB47073B7FFF
:10A99000012B08D0043B022B40F2C58004F0DAFC06
:10A9A0003B7F012BF6D1DFF814A24FF0010BB8F179
:10A9B000000F04D0002140F66300AFF30080BBF12C
:10A9C000000F04D17E4B0BB1AFF3008062B64FF0A5
:10A9D0000003A371B8F1000F04D0002140F6680015
:10A9E000AFF30080667C0AEB861EBEE80F0006F11E
:10A9F000010909F001070AEB871CACE80F00BEE86B
:10AA00000F00ACE80F00BEE80F00ACE80F009EE8B6
:10AA10000F00B9468CE80F00B8F1000F04D00021F8
:10AA20004FF47370AFF3008006EB460607EB470761
:10AA3000A319A25B9B78E2532744BB70B8F1000FC7
:10AA400004D000214FF47470AFF30080A37903F0B9
:10AA5000FF01002B40F08580B8F1000F03D040F6D5
:10AA60007200AFF3008009EB490323444FEA490B1E
:10AA70005E78B54200F08F80202E2CD04FEA49112D
:10AA800001E0202E27D08B1904EB430332463746D2
:10AA90005E7FB542F5D1202D1DD00A44294404EB38
:10AAA000410104EB42024B7F5377B8F1000F04D011
:10AAB000002140F23630AFF300800BEB0903234452
:10AAC0009B789E425AD0B8F1000F0CD0002140F282
:10AAD0003E30AFF30080B8F1000F04D0002140F603
:10AAE0007600AFF30080374B0BB1AFF30080EFF38C
:10AAF00010839B4672B6A279002A7FF458AF84F87F
:10AB00001190FF22A27123B92D4B0BB1AFF300803E
:10AB100062B6B8F1000F04D0002140F68800AFF310
:10AB20000080BDE8F88F731904EB43030122DFF8BE
:10AB30008CA01A774FF0010B39E73B7F012B3FF4D4
:10AB400032AF043B022B16D9002140F65800AFF378
:10AB5000008004F0FFFB002140F65C00AFF30080B2
:10AB60000EE7B8F1000F3FF42AAF002140F66E0067
:10AB7000AFF300801BE701233B77ECE7B8F1000F50
:10AB800004D0002140F23930AFF300800BEB090311
:10AB900023449F7097E7202D9DD005EB491204EBCD
:10ABA00042022027527F5A707FE740F6430170200F
:10ABB00000F0E6F8681B002000000000841B002065
:10ABC000000000000000000070B586B063BB0646C0
:10ABD00010460D46FDF716FC0DF10B0304460093DD
:10ABE00003AA04AB29463046FDF77CFC039A1349BF
:10ABF000A31A8B420BD3121B8A420ED310498B42ED
:10AC00000DD88A4215D9C2F1614303F5F7030A9AB8
:10AC1000A2F10F00C01A06B070BD5342F7E703F16E
:10AC2000F45303F59023F2E740F68E01702000F014
:10AC3000A7F840F2D471702000F0A2F80040420F53
:10AC4000FF7F841EBFF34F8F0549064BCA6802F48D
:10AC5000E0621343CB60BFF34F8F00BFFDE700BF3F
:10AC600000ED00E00400FA05094B01225A604FF0A4
:10AC7000FF32C3F80823074B4FF48042C3F880200B
:10AC8000BFF34F8FBFF36F8FC3F88021704700BFB2
:10AC900000E0004000E100E0094B01225A604FF063
:10ACA000FF32C3F80823074B4FF48052C3F88020CB
:10ACB000BFF34F8FBFF36F8FC3F88021704700BF82
:10ACC00000C0004000E100E0084B0022C3F8FC2F68
:10ACD0000122C3F8FC2F064B0222C3F88020BFF3E9
:10ACE0004F8FBFF36F8FC3F8802170470010004073
:10ACF00000E100E0F8B51B4E337805460C461746D8
:10AD00006BBB00F06BFAFCF797FE174B7760002DDA
:10AD100008BF1D4628463472FFF7D6FFFFF7BCFF79
:10AD2000FFF7A2FF04F08AF90546B0B9FEF74CFD23
:10AD300004F086F904F033FA002C0CDB04F01F0257
:10AD40006409A40004F1604404F5614401239340C4
:10AD5000C4F880312360012333702846F8BD4FF0DA
:10AD6000FF35FAE7081C00205602030008B572B64A
:10AD7000024B5B6803B19847FFF764FF081C002093
:10AD80001FB572B6134B5D688DB9FFF75BFFB2FB61
:10AD9000F6F2DCB20133002AF9D104F110036B445E
:10ADA00003F80C2C0A2234B901A8A847EDE70246A3
:10ADB00000230A26EDE7631E04AEDCB256FA83F3E5
:10ADC000B0FBF2F602FB1600303003F80C0C3046F4
:10ADD000E9E700BF081C0020074B93F90830002B5F
:10ADE00009DB5A09012103F01F0301FA03F3403282
:10ADF000024941F822307047081C002000E100E0C1
:10AE0000014B1878704700BF081C00202DE9F84F4F
:10AE1000DFF8C4A0314C324DDFF8C8900746012658
:10AE20009AF800805FFA88F8FF238AF80030B8F1BA
:10AE3000000F01D08AF80130EFF3108272B60023C0
:10AE40006660C4F80031C4F80431C4F804752660A3
:10AE50003AB962B605E0D4F8043133B92B69DB06A0
:10AE600020D4D4F80031002BF5D0D4F80431002BD5
:10AE7000E2D1B8F1000F13D19AF80130DBB28AF8B1
:10AE8000018003214FF48042C4F80813C4F8048100
:10AE9000C4F80081C9F880218AF80080002BBFD156
:10AEA000BDE8F88F4FF48043C9F88031EFF3108B81
:10AEB00072B60323C4F80433D4F8003113B9D4F8BC
:10AEC00004311BB1BBF1000FCBD1C2E704F042FA51
:10AED000BBF1000FC5D1BCE7141C002000E000400E
:10AEE00000ED00E000E100E070B51646DA078CB036
:10AEF0001D4686468C4640F1A280C37B8DF800300B
:10AF0000837B8DF80130437B8DF80230037B8DF815
:10AF10000330C37A8DF80430837A8DF80530437A94
:10AF20008DF80630037A8DF80730C3798DF8083034
:10AF300083798DF8093043798DF80A3003798DF8DB
:10AF40000B30C3788DF80C30837842788DF80D3053
:10AF500003788DF80F308DF80E20CA7B8B7B8DF82F
:10AF600010208DF811304A7B0B7B8DF812208DF864
:10AF70001330CA7A8B7A8DF814208DF815304A7AFE
:10AF80000B7A8DF816208DF81730CA798B798DF8E9
:10AF900018208DF819304A790B798DF81A208DF820
:10AFA0001B30CA788B788DF81C208DF81D304A78BC
:10AFB0000B788DF81E208DF81F306C462046FFF769
:10AFC00025FFAB0731D59DF82F009DF82E109DF879
:10AFD0002D209DF82C30307071709DF82B009DF85D
:10AFE0002A10B270F3709DF829209DF82830307136
:10AFF00071719DF827009DF82610B271F3719DF8CC
:10B0000025209DF82430307271729DF823009DF840
:10B010002210B272F3729DF821209DF82030307317
:10B020007173B273F3730CB070BD0DF1200CBCE8FA
:10B030000F0030607160B260F3600CB070BDDEF87C
:10B040000410DEF80820DEF80C3000686C46A646D6
:10B05000AEE80F00DCF80000DCF80410DCF8082093
:10B06000DCF80C30AEE80F00A8E700BF10B50024F4
:10B0700082B0CDE90044FFF737FF02B010BD00BF3A
:10B080001B4B4FF4805270B5C3F88020BFF34F8F35
:10B09000BFF36F8F174D184C0021C5F80011C3F88E
:10B0A00080212669236943F0100323610123C5F839
:10B0B000043306F010062B60D5F80031A3B11EB999
:10B0C000236923F0100323610A4B0122D3F80805FA
:10B0D0005A60C3F808230022C3F80021044B4FF440
:10B0E0008052C3F8802170BD04F034F9E4E700BF5A
:10B0F00000E100E000C0004000ED00E038B50C4980
:10B10000024605200138C0B2FF2803D1482169203A
:10B11000FFF736FE01EBC0031D7905F0FF04002D9B
:10B12000F0D141F8302001225C719C711A7138BD58
:10B13000181C0020042808B503D94F216920FFF707
:10B140001FFE034B03EBC0000023037108BD00BFCB
:10B15000181C0020042808B503D958216920FFF7DE
:10B160000FFE094B03EBC0000379012B01D05921DD
:10B17000F4E7437982790133DBB29A4218BF437115
:10B18000BDE80840FFF728BE181C002070B5124C1F
:10B1900006250026013D15F0FF0500D170BD94F88D
:10B1A000281004EBC1031A79012A09D158799A7938
:10B1B000904205D05A79D2B29A7154F831309847FA
:10B1C00094F828300133DBB2042B94BF84F8283084
:10B1D00084F82860DEE700BF181C00204FF0805282
:10B1E000034BD2F830111960D2F834215A607047FD
:10B1F000441C0020034B1868A0F10F03584258412B
:10B20000704700BF441C0020034B1868A0F10A03DC
:10B2100058425841704700BF441C0020034B186837
:10B22000A0F10E0358425841704700BF441C002053
:10B23000034B1868A0F1100358425841704700BFF3
:10B24000441C0020044B1868062803D0431C5842B5
:10B250005841704701207047441C0020034B186878
:10B26000A0F10D0358425841704700BF441C002014
:10B27000034B1868A0F1080358425841704700BFBB
:10B28000441C002008B5FFF7BFFF20B1024B5868EF
:10B29000B0FA80F0400908BD441C002008B5FFF753
:10B2A000D1FF38B1044B5868063810F1080F94BF2D
:10B2B0000020012008BD00BF441C002008B5FFF796
:10B2C000C1FF38B1044B5868063810F1080F8CBF25
:10B2D0000020012008BD00BF441C002008B5FFF776
:10B2E00089FF70B9FFF790FF58B9FFF797FF40B992
:10B2F000FFF7A8FF044A054B002808BF134618466D
:10B3000008BD024BFBE700BF00E701400C05004011
:10B3100008B5FFF797FF08B3EFF3108072B6104A35
:10B320001369116941F010011161A2F5406203F047
:10B330001003D2F80011D2F804210A4300D040BF14
:10B3400020BF00BF00BF00BF00BF23B9044A13697C
:10B3500023F01003136100B962B608BD20BFFCE7FB
:10B3600000ED00E0914270B53BD2B2FA82F33BB1FE
:10B37000C3F1200420FA04F49940214398409A40F4
:10B38000160CB1FBF6FC06FB1C1424041FFA82FE0B
:10B39000030C85B204EB10400CFB0EF4844206D97A
:10B3A000201A90428CBF02200120ACEB000C03EB72
:10B3B00001410CFB1211B1FBF6F006FB101105EB7D
:10B3C000014100FB0EFE8E454FEA0C4C06D9AEEB58
:10B3D000010E96458CBF02220122801A40EA0C0021
:10B3E00070BD73219620FFF7CBFC00BF2DE9F84319
:10B3F0001C4652EA040349D0074615460E467CB95E
:10B40000914208D321463046FFF7ACFF04462A4656
:10B41000384604FB1561FFF7A5FF2146BDE8F88318
:10B42000B4FA84F9B9F11F0F34DC4FF0010808FABF
:10B4300009F2A2FB051320FA08F002FB043226FAF7
:10B4400008F140EAC670FFF78DFFC9F11F03D8402D
:10B450004FF0000118D0431E8C4661EB010105FB43
:10B4600001F203FB042280461846A5FB033EFB1AAB
:10B47000724466EB02061F46AF4276EB040324BF1C
:10B4800040466146BDE8F8838446F5E7CA21962028
:10B49000FFF776FCE7219620FFF772FC10B5441AFF
:10B4A00094422BD34AB34B1CC31A022B31D9531EDF
:10B4B000072B2ED922F003048C4686460C445CF8F8
:10B4C000043B4EF8043BA445F9D122F003039A4211
:10B4D00002F0030400EB030C01EB030E0DD0CA5C79
:10B4E000C254012C09D09EF801308CF80130022C96
:10B4F00003D09EF802308CF8023010BD002AFCD038
:10B500008B18024413F801CD02F801CD8B42F9D11A
:10B5100010BD4B1E0244014613F8014F01F8014BC8
:10B520009142F9D110BD00BF81EA00039B072DE9CC
:10B53000F0415DD187075FD0002A57D0034601E074
:10B54000002A53D011F801CB03F801CB9E0702F17A
:10B55000FF32F5D1032A28D941EA0305141F6D07EC
:10B560004FEA940E4AD12B2C48D90EF101084FEA2C
:10B57000580C03EBCC0CA1F108051C46F5E9026759
:10B58000E4E802676445F9D118F0010F28F00104DE
:10B5900003D051F8245043F824500EF1010402F076
:10B5A000030203EB840301EB8401FAB1541E022C65
:10B5B00020D922F003058C460D449E465CF8044BCE
:10B5C0004EF8044BAC45F9D122F00304A2422344C7
:10B5D000214402F0030509D00A781A70012D05D024
:10B5E0004A785A70022D1CBF8A789A70BDE8F081A3
:10B5F0000346DAE71546EFE70346ABE70EF101072E
:10B6000001EB87071D1F0C4654F8046B45F8046FC7
:10B61000BC42F9D1C1E700BF2DE9F04184075FFAD0
:10B6200081FE5FD0002A59D0034601E0002A55D0A0
:10B6300003F801EB990702F1FF32F7D14EEA0E242D
:10B64000032A44EA04443ED9151FAE08172D06F11B
:10B650000106C3F3800147D99846002940D048F835
:10B66000044B771A03EB810C79080CEBC101CCE990
:10B6700000440CF1080C6145F9D127F0010C08EBEE
:10B680008C016745CCEB8C7805EB880517D02F1F14
:10B69000032F0C6013D9A5F10807032F4C600ED9B6
:10B6A000A5F10C07032F8C6009D9A5F11007032F12
:10B6B000CC6004D9143D032D0C6188BF4C6102F0AD
:10B6C000030203EB86034AB1013A83F800E005D098
:10B6D000012A83F801E018BF83F802E0BDE8F08199
:10B6E0001546BEE70346A9E719461546CFE700BF52
:10B6F00053B94AB9002908BF00281CBF4FF0FF31D9
:10B700004FF0FF3000F00CB8ADF1080C6DE904CE3D
:10B7100003F04EFEDDF804E0DDE9022304B07047DB
:10B72000704700BF1FB5014601A800F006F801A848
:10B7300002F098FC05B05DF804FB0B88C3F30B0323
:10B7400083804B88C380002242724B78C3F301137D
:10B75000012B02D0022B18BF134604310372016083
:10B76000704710B58B880370437803F0F003437083
:10B770008A88C2F3032213434370CA888270CA883E
:10B7800003F0CF03120A4370C2700A7A120102F06A
:10B790003002134303F03F0343704A7A43EA8213B3
:10B7A00043700C4609680430814205D0E288FB2AC8
:10B7B00028BFFB22FFF7B8FEE0880430C0B210BDFE
:10B7C00010B48B880370437803F0F00343700A468B
:10B7D0008988C1F303210B434370D1888170C178FC
:10B7E00001F0C001C170D488C4F30524214303F0E3
:10B7F000CF034370C170147A240104F03004234352
:10B8000003F0BF034370547A43EA841301F03F010D
:10B8100003F07F034370C17011680430814203D08C
:10B82000D28810BCFFF780BE10BC704770B50B7893
:10B83000192B05460C461ED82BB3013B182B22D8DA
:10B84000DFE813F03A003E002100B100B700BD0070
:10B85000C300C900CD00CF00DF00E50024002100B7
:10B8600021004200D300D900E900EF00F500FB0001
:10B87000010107010D01822B4FF0FF0200F0F5805E
:10B88000832B00F0F68040F2322112E00E23B1F853
:10B8900003200B7042F283039A4209D1062363709E
:10B8A00066780236324621462846FFF73DFE51E0D3
:10B8B0003121C720F4F7E0FF0C230B700823EEE7DB
:10B8C0001A230B700123EAE72920F5F717FA30B1A4
:10B8D0003E232370222363702923A370E0E70A200C
:10B8E000F5F70CFA3E2305F1080204F108012B706C
:10B8F00090B30A23AB70E378EB70A3882B71A38815
:10B900001B0A6B71A379AB71E379EB71A368AB6030
:10B910008B889380D4F80E30C5F80E30638A6B8222
:10B9200063696B61238B2B83638BAB76638B1B0A01
:10B93000EB76A38B2B77A38B1B0A6B77E38BAB7711
:10B94000E38B1B0AEB7794F8203085F820301F2614
:10B950006E700236304670BD0123AB70E378EB7039
:10B96000A3882B71A3881B0A6B71A379AB71E37950
:10B9700003F00103EB71A368AB608B889380638B4A
:10B98000AB73638B1B0AEB73A38B2B74A38B1B0A08
:10B990006B74E38BAB74E38B1B0AEB7494F820306D
:10B9A0002B751326D4E73E230B7004234B7014230E
:10B9B00093E73E230B700C234B7004238DE73E234B
:10B9C0000B700A234B70032387E73E230B700D2374
:10B9D0004B70052381E70523237004235FE70823C9
:10B9E000FAE730230B70032359E73E230B700B2338
:10B9F0004B70072371E73E230B7006234B700C231B
:10BA00006BE713230B708B789B00013347E75723B9
:10BA10000B70022343E73E230B7006234B70122367
:10BA20005BE73E230B7009234B70132355E73E233E
:10BA30000B7005234B7020234FE73E230B70092327
:10BA40004B70212349E7FF230B700B234B70A2237C
:10BA500043E7FF230B7005234B70A3233DE7FF2330
:10BA60000B700D234B70802337E70A700D22627034
:10BA700033E70A700222FAE708B510B1FFF752FE69
:10BA800010B96FF0150008BD0020FCE710B50C469A
:10BA900048B141B1F5F786F80028207014BF0020A6
:10BAA0006FF0220010BD6FF01500FBE708B5F5F749
:10BAB00003F9002008BD01F0EEB908B5F5F70EF95D
:10BAC000002008BD01F0D3BC01F0E1BC0346022216
:10BAD0001A709A702D225A7179229A716FF05E0253
:10BAE000DA716FF037021A726A225A72402200200D
:10BAF0009A726FF048025870D8701871DA727047F5
:10BB000001F019BA38B54FF080530446D3F8A0209D
:10BB1000D3F8A410013106D1D3F8A8304FF6FF7145
:10BB20009BB28B423ED0D3073CD54FF08055D5F821
:10BB3000A420D5F8A830A4F80530C3F3072363F098
:10BB40003F03C4F80120A371D5F89030013323D00E
:10BB5000D5F8943001331FD0D5F8983001331BD07D
:10BB6000D5F89C30013317D00020F7F71FFC98B9A7
:10BB7000D5F89000D5F89410D5F89820D5F89C30D9
:10BB8000C4F81330C4F80700C4F80B10C4F80F2031
:10BB900001232370002038BD10220021E01DFFF793
:10BBA0003BFDF5E70023F4E770B54FF08055102218
:10BBB00000210446D5F8A060FFF72EFD10220021D9
:10BBC000A018FFF729FDD5F8803001330BD1D5F847
:10BBD0008430013307D1D5F88830013303D1D5F84B
:10BBE0008C3001330BD0D5F88000D5F88410D5F80F
:10BBF0008820D5F88C30E36120616161A26100206A
:10BC0000F7F7D4FB08B9F3071DD44FF08053D3F8EE
:10BC1000902001320BD1D3F89420013207D1D3F810
:10BC20009820013203D1D3F89C2001320BD0D3F8F5
:10BC30009000D3F89410D3F89820D3F89C30E360A8
:10BC400020606160A260002070BD10B50446FFF75F
:10BC500017FAB0F5007F09DA10F5007F08DD031E42
:10BC6000B8BF03339B102370002010BD7F23FAE779
:10BC70006FF07E03F7E7012070470120704701F065
:10BC800066BC0078003818BF012001F066BAF7F7EB
:10BC9000C3B98178008801F025BC01F041BC37B5FB
:10BCA00005460C4600880DF1060101F05BFA2B8871
:10BCB0002380BDF80630638003B030BDF7F7B4B918
:10BCC00001F060BC01F0D1B801F02AB908B5F5F770
:10BCD0000DF8002008BDF6F793BF01F041B9F7F762
:10BCE00021B901F009B901F060BB01F02ABB01F0F4
:10BCF00071BB01F013B801F018B801F064B801F09D
:10BD000076B801F03EB901F03ABA01F000B901F09D
:10BD1000BCB803880B8001F08FBB03880B8001F057
:10BD200099BB01F055B9F6F7C1BFF6F7A7BF01F00F
:10BD30000AB801F02BB801F086B801F092B801F012
:10BD400072B801F067B801F071B901F09AB9F6F76D
:10BD5000B7BF01F0D7B901F0BEB801F077B901F073
:10BD6000FFBBF6F757BFF6F7D9BFF8B5941C0C44E4
:10BD70006343B3F5004FA8BF4FF0FF330E4610F0FA
:10BD80000301054617469CB203D0AD211420F4F7F9
:10BD900073FDB4F5004F01D9AE21F7E7102204304E
:10BDA000FFF73AFCEF746C802E80F8BD70B5068802
:10BDB000C58803898E42C5F30E02C3F30E0403D275
:10BDC000CF211420F4F758FD5D40C5F30E030BB9E5
:10BDD0002D0409D4A24209D2C37CA41A0233E41A66
:10BDE000A14203DD00238374184604E014320123CA
:10BDF00081528374104470BD023101444A43B2F54C
:10BE0000004FA8BF4FF0FF3290B2173020F0030070
:10BE1000B0F5004F34BF00B24FF0FF30704740889C
:10BE2000173020F00300B0F5004F34BF00B24FF0E0
:10BE3000FF3080B2704738B503888B4204D240F29D
:10BE400007111420F4F718FD857C65B1C388C3F38E
:10BE50000E031433C25A8A4207D3C152811DF4F72C
:10BE600071FF00238374284638BD0025FBE7034695
:10BE7000F0B59C88A5B2C4F30E06DC88AC4200F194
:10BE8000140002D10020D881F0BD5F89DC7C855B85
:10BE90003C4402343444ED1B20440C88ADB2AC4227
:10BEA00088BF0D805C89B4FA84F4640914700A8830
:10BEB000DA81E9E7F8B58288C389002604460D4691
:10BEC00092B20E60CBB1C2F30E02418914328718D0
:10BED0000B44825A9BB29342438104D94FF4AA7116
:10BEE0001420F4F7C9FC04D1011DF4F72BFF46819F
:10BEF0002F600023E3810120F8BD1846FCE770B5F0
:10BF0000044604F11406A38822899BB29A4208468B
:10BF1000C2F30E050DD021B1A91CE27C3144FFF71C
:10BF200003FB04F108012046755BF4F70BFF28467C
:10BF300070BD0025FBE78388C0889BB2C31A5842B6
:10BF400058417047828873B5C48895B2AC42C2F339
:10BF50000E0202F1140212D04189C689835A31447B
:10BF600099420EDB0DF10601ADF80650F4F7EAFE3A
:10BF7000BDF80600001B18BF012002B070BD0020F4
:10BF8000FBE70120F9E770B50589C488C4F30E0604
:10BF90006C40C5F30E02C4F30E050346143025B9F8
:10BFA000240402D50020188270BDB2421C8806D934
:10BFB000DD7C921B0235521B9442A8BF14469D891A
:10BFC0000DB1825BA41AA142ECDCDA7C1982023248
:10BFD00035442A441044E7E738B5038ACBB18B4295
:10BFE00017D3C3888489C3F30E031433C5180CB95F
:10BFF000C4546C700C448481C45A2144C15222B18F
:10C00000811DF4F79FFE002383810023038201201A
:10C0100038BD0020FCE78388C2889BB29A4206D0D4
:10C02000428922B9C3F30E03143318447047002029
:10C030007047C37C088802330B441360704702309A
:10C04000704738B58388C2889BB29A4209D0438929
:10C050003BB9C5893DB9011DF4F774FEC5810120C6
:10C0600038BD0020FCE71846FAE703881380C38830
:10C07000C3F30E03143303440B60808970470368D5
:10C08000002223B9C0E90132031D036070475968DB
:10C090001B680A44F5E7072938B5034604D84FF46E
:10C0A000EC711520F4F7E8FB0068A8B1D0E9002492
:10C0B0008C4212D02AB901F10805AC4204D21046D4
:10C0C0000AE003461046F1E742501A684518126824
:10C0D000641A6C6042501D6038BD1A60FCE7002392
:10C0E000C1E9003203680B600160704730B590B160
:10C0F0008478B1FBF4F304FB131300EB4302528981
:10C100008A4201D1D8B230BDC27822B900F10A0307
:10C11000D0B2844201D8FF20F5E733F8025BA94290
:10C1200002F10102F4D1EEE78278038805324B4335
:10C1300003EB42031844704713B50023CDE90033E5
:10C1400004468DF806006846F4F7DAFF08B102B03D
:10C1500010BDBDF804002146F4F7AEFF0028F2D070
:10C1600040F215211720F4F787FB70B50D46092121
:10C170001E46FFF741FE3246044609212846FFF7D6
:10C180003BFE002C03DB002801DB204470BD4FF098
:10C19000FF30FBE7012303707047F8B505460846FA
:10C1A000002811461E4614BF00240224FF23AB7052
:10C1B0002B191B7D012B04D001342B191B7D012B66
:10C1C00019D105EB44073B8B3A8C9819904204DD5A
:10C1D0002C44002038832075F8BD05EB84043246DA
:10C1E00060681844FFF7A0F93A8B16443E83002399
:10C1F000AB700120F0E70020EEE7002910B514BF76
:10C2000000230223FF218170C1180C7D012C07D16E
:10C210000C3320F8132002230B750023837010BD0C
:10C220000133C1180C7D012CF2D04FF48C71092020
:10C23000F4F722FB30B50246837803F0FF00F3B930
:10C24000137D022B19D0537D022B19D103460120F7
:10C2500089B1D5180C3300242C7522F8134013181B
:10C2600003241C7502EB80035B680B6000F10C0378
:10C2700032F813308B80012002E00123E8E7002030
:10C2800030BD30B58378E3B9837D022B17D0C47DF0
:10C29000022C16D1032381B105190C3400222A7512
:10C2A00020F81420C2180324147500EB83020C3309
:10C2B000526830F813300A608B80012002E00324BA
:10C2C000E9E7002030BD037D012B01D1008B7047D1
:10C2D000437D012B0CBF408B00207047837D012BD9
:10C2E00001D1808B7047C37D012B0CBFC08B002018
:10C2F0007047038B23B9408B003818BF012070476B
:10C3000001207047838B23B9C08B003818BF0120F0
:10C31000704701207047027D022A01D1008B7047CF
:10C32000437D022B01D1408B7047032AF6D0032BAB
:10C33000F9D000207047827D022A01D1808B70479E
:10C34000C37D022B01D1C08B7047032AF6D0032B8B
:10C35000F9D000207047F5F739B8012808B506D0A4
:10C36000022806D040F22B410620F4F785FA00207F
:10C3700008BD0120FCE7F5F775B870B50D46064617
:10C38000FBF7F4F904463046FBF7E8F9743504F599
:10C39000234328444FF47A72A133B3FBF2F31844D9
:10C3A00070BD10B5044690F86900FBF7DFF900F5A1
:10C3B0005F4141314FF47A70B1FBF0F1204601F555
:10C3C0008771BDE8104001F066BF7FB5044618B91B
:10C3D000A6213020F4F750FA072900F2FB80DFE8AD
:10C3E00011F008003E003E003900F900E500ED00C4
:10C3F000F70090F808321BB3B0F80632B0F8882086
:10C40000934217D1B0F8BC21A0F88820D31AA0F825
:10C41000BE31D4E988232046C4E98A23FAF718F804
:10C4200094F8C331002B00F0AC8004B0BDE870403C
:10C4300002F031BD9A1AA0F8BE21A4F88830E8E7CE
:10C44000B0F80432B0F888209B1AA0F8BE31B0F8DA
:10C450000432F2E704B0BDE87040FBF74DB802F0DB
:10C460004BFFD4E98A23801A61EB0301012871F1A3
:10C47000000302DA40F20661ABE76FF0010383428A
:10C480004FF000038B4102DA40F20761A1E7A36994
:10C490000BB1B0FBF3F394F88F10B4F806220D291A
:10C4A00034D10132A4F80622B4F84232B4F88850EC
:10C4B0000133A4F84232B4F8C4301D44B4F8C23099
:10C4C000013DED1AADB202AEB4F806126B1A1B04B0
:10C4D00036D594F892300394002B0CBF3E230823EA
:10C4E00084F8B130304601238DF80830F7F7B6FFF5
:10C4F000204602F0D2FC002384F8F43194F80B02B9
:10C50000FDF70EFB202384F80B323AE0B4F88810D4
:10C510000B449BB2D11A090454BF531C01339BB284
:10C52000A4F8063294F80932002BBDD1B4F8BC311E
:10C53000B4F80622934204BF0133A4F80632B3E7ED
:10C54000002300961A462046F5F7EEFCB8B1012804
:10C5500012D1B4F80622B4F8B811BDF8083013446B
:10C56000521A12049BB204D5EA1A12F4004F18BFF3
:10C570000B46A4F80632A7E740F2546129E7236F7F
:10C580000BB904B070BDB4F8BE10B4F806325B1A33
:10C590001BB2002BF5DDB4F874201344013BB3FB50
:10C5A000F2F313FB0213A4F8BE30EAE70120FCF714
:10C5B0001DF804B0BDE87040FFF7DDBE90F8F4311F
:10C5C000042B01D0C52104E7002380F8F431D8E71B
:10C5D000CB21FEE6CF21FCE613B5002380F8F43131
:10C5E000A0F840321A46009319460446F5F79CFC21
:10C5F00020B140F2F3113020F4F73EF9012284F823
:10C60000F421C4F8F001C4F8E801A4F80602A4F883
:10C61000040284F80902B4F88820A4F84202013A1E
:10C62000A4F8882002B010BD70B5044690F82031FF
:10C6300003F0FF01E3B9D0E946526FF000439A429C
:10C6400008BFB5F1FF3F01D1002070BDD0E94456CD
:10C6500002F0C0F9D4E94632DB305B1B62EB060224
:10C660001B1A62F10002002AEEDA2046F8F780FF7A
:10C670000120EAE7F8B5044618B9D7213020F4F7CD
:10C68000FBF8072900F2AA80DFE801F0043E3E3AF9
:10C69000A82E9EA6F8F764FFD4F80401CB38FDF766
:10C6A00087FF10B940F25121E8E7204602F06EFA08
:10C6B0000546F0B90146204602F08CF900F1DB0690
:10C6C000D4F80401B04209D2301A322838BF3220DF
:10C6D0000321FEF70FF8051E18BF0125C4F80461F9
:10C6E000204602F06DFA35B12046BDE8F84002F070
:10C6F00068BA0025F4E7D4E94423C4E93C23F8BD33
:10C70000BDE8F840FAF7F8BE02F06FF9002384F8AC
:10C71000003184F80931D4F8D43005460E46EBB127
:10C7200050EA01031AD00721A5FB012301FB0633C0
:10C73000D4E93C10521843EB0003D4E9440182428F
:10C740008B410BD2012304F5807784F808313846F9
:10C75000FDF714FA20B940F292618FE70223F2E765
:10C760002046FFF761FF034694F8D00033B93946FD
:10C77000FDF7F6FA38B940F296617FE7FDF7D0F998
:10C78000002384F8F830D4E94401D4E93A328342F2
:10C7900072EB0107B3D255EA0607B0D0C01A61EBBD
:10C7A000020133462A46FEF721FE05FB01F300FB9A
:10C7B0000633A5FB00500344D4E93A02451943EB84
:10C7C0000203C4E93A539AE790F8D000FDF7A8F9BC
:10C7D000002384F8F83092E7F4214FE7F8214DE781
:10C7E000D0F8D400704710B5044690F8F830EBB19B
:10C7F000FF2380F82031012102F0E5F994F8F830A8
:10C80000A3B194F8D000FDF70DFD94F8D000FEF729
:10C8100099F894F8D000FDF783F920B940F2DF11C0
:10C820003020F4F729F8002384F8F830002010BDF8
:10C8300010B590F8202142B990F8D82042B1D0E943
:10C840003731994202D9F8F793FE0022104610BD05
:10C850000122FBE708B540F28D2101F024FD40F6EE
:10C860004803984228BF184680B208BD7FB50446E9
:10C8700090F8C33103F0FF05002B45D190F8F43157
:10C88000032B41D102F038FDD4E98A23801A61EBF1
:10C890000301012871F1000336DB6FF001038342CD
:10C8A00075EB010304DA40F2AF513020F3F7E4FFF7
:10C8B000A269B4F888300AB1B0FBF2F20133134434
:10C8C0009BB2A4F80432B4F80422B4F8BC319B1A29
:10C8D0001BB2002B18DD94F80B02FDF7A3FC98B1F6
:10C8E000FF2384F80932B4F8C430B4F888501D44EA
:10C8F000B4F8C230013DED1AADB20DF10E06B4F838
:10C900000432EB1A1B0401D504B070BDB4F8041254
:10C9100000960023012289B22046F5F705FB002886
:10C92000F2D0012809D1B4F80432BDF80E2012FA71
:10C9300083F39BB2A4F80432E1E740F2F651B4E786
:10C94000F8B5044621B1012930D040F29F712AE0A8
:10C95000C68C36B1F7F7E8FBE58CB0FBF5F606FBC5
:10C9600015062046D4E93A5702F03FF82D1847EB58
:10C9700001010023AD1941F1000184F800310223C7
:10C98000C4E94451C4E93A51A4F808312046FFF7FC
:10C990004BFE70B994F8D00004F58071FDF7E0F912
:10C9A00038B940F2E9613020F3F766FF002380F8E0
:10C9B000D830FAF795FCBDE8F840FCF73DBF90F899
:10C9C000F800003818BF0120704713B50023CDE9E7
:10C9D000003301238DF806306846F4F791FB08B167
:10C9E00000200AE0009C2046FFF7E9FF0028F3D072
:10C9F000204601F0FDFF0028EED002B010BD07B5C3
:10CA00000023CDE9003301238DF806306846F4F7A2
:10CA100077FB08B1002004E00098FFF7D0FF002862
:10CA2000F4D003B05DF804FBFFF7E9BF07B50023BE
:10CA300040F6881201A9FAF773FF03B05DF804FB12
:10CA400010B5044638B1F6F7A3FB34EA00030CBF77
:10CA50000120002010BD0120FCE738B5054601F09B
:10CA6000B4FFF0B12846FFF7AAFF08B9002038BD8F
:10CA70002846FFF7B5FE04462846FFF7B4FE0546F4
:10CA800088B9002CF2D02088F6F7ECFB20882946E4
:10CA9000F4F712FB0028E9D041F6C9113920F3F769
:10CAA000EBFE4220E3E70C20E1E72DE9F843B0F884
:10CAB0005A60B0F85C50804630300F46FFF7CAFE2F
:10CAC0000221044601F04BF802218146204601F084
:10CAD00046F84E4528BF4E46B6B21B2E38BF1B2621
:10CAE000FB2E28BFFB26854228BF0546ADB21B2D75
:10CAF00038BF1B25FB2DB8F800303B8028BFFB2535
:10CB0000B4F5A47F38BF4FF4A47440F648039C42A8
:10CB100028BF1C467E80FD80BC803C81BDE8F88338
:10CB20002DE9F04186B0054601A9008800F0CDFF4F
:10CB30000446002873D1029A92F85631003B18BF80
:10CB400001238DF80230D2F8803099064ABF9DF853
:10CB50000230034683F0010303F001038DF8033034
:10CB600092F8E2309B0603D49DF80330002B5CD092
:10CB7000EB881B3B9BB2E02B59D82989A1F5A47304
:10CB80009BB244F24810834251D86B881B3B9BB246
:10CB9000E02B4CD8AA88A2F5A4739BB2834246D856
:10CBA00040F64807B94244D8BA4242D8029E4FF0F4
:10CBB000FF0886F82B819DF80230A3BB03A93046FD
:10CBC000FFF773FF6A88BDF81230E888934228BFE8
:10CBD0001346A6F83031BDF81430AA88BB4228BFEE
:10CBE0003B461946BDF80E30834228BF0346A6F8DF
:10CBF0002C31BDF810302889BB4228BF3B46834208
:10CC000028BF03468A42A6F82E31134628BF0B469A
:10CC1000A6F8323186F82A81002386F82B31204687
:10CC200006B0BDE8F0813A24F6E71A24F7E71224AB
:10CC3000F5E71124F3E710B5F5F7A6FE044601F079
:10CC4000A1FF40B9204601F099FF80F00100C0B279
:10CC500000F0010010BD0020FAE72DE9FF41074672
:10CC60008846008802A900F030FF054618BB039CE7
:10CC700094F8693103F0FF051BB1B8F1020518BF44
:10CC8000012594F88F30222B94F8E33043EAD30344
:10CC90000CBFC5F10102002203F00103134333D09E
:10CCA000BE7816B9F6F774FA0646F87870BBF6F750
:10CCB0006FFA26B90925284604B0BDE8F08100289E
:10CCC000F8D0FF2384F83531E5B994F8343103F016
:10CCD000FF05BBB984F8370184F8348184F83661E4
:10CCE0003B797A798DF8050043EA022301A92046B1
:10CCF0008DF80460ADF8063000F055FF002384F88D
:10CD00003531D8E73A25F9E71A25D4E7002ED8D1EE
:10CD1000D0E708B5F6F716FA002008BD10B50446AE
:10CD2000F7F732FE2070002010BD10B5FFF74DFE62
:10CD3000044630B9F7F722FE2046F6F7B5FC204648
:10CD400010BD0C20FCE710B50378012B044601D977
:10CD5000122010BDFFF768FE58B9207810F0FD00D2
:10CD60000DD104F11703E21D611CBDE81040F6F778
:10CD7000A1BCF6F733FD0028EFD00C20E9E7A3793A
:10CD800003F0C003C02BE3D10120EAE710B503781C
:10CD9000012B04460DD8FFF747FE60B9214611F874
:10CDA000013B13F0FD0F14BF0120002000F06AFECC
:10CDB00038B9122010BDF6F711FD0028EED00C2076
:10CDC000F8E70020F6E710B50446FFF7FEFD50B97E
:10CDD0002078012809D8611CF7F7DCFD002814BF72
:10CDE0000020072010BD0C20FCE71220FAE738B520
:10CDF0000546FFF7EAFD044640B92878012803D824
:10CE0000691CF7F7F7FD18B9122038BD0C20FCE7B4
:10CE10002046FAE708B50088F6F7E6FC00280CBFC4
:10CE20003020002008BD38B50546FFF7FDFD04465B
:10CE300038B92878003818BF0120F6F7C9FC204619
:10CE400038BD0C20FCE708B5FFF7EEFD18B9F6F782
:10CE5000AFFC002008BDF6F7C1FC0028F7D00C207D
:10CE6000F8E7082303700020704710B503460E242E
:10CE700004706B2110220020DC70592459709A70C4
:10CE80001C7158719971DA7110BD08B50821F3F75A
:10CE90007BFE002008BD73B506460C460088694637
:10CEA00000F013FE0546A0B9B3786BB9019B93F867
:10CEB0006C30A370338894F902002380F6F70EFEDD
:10CEC000A070284602B070BD7F20FFF7AFFDA070B4
:10CED000F0E70225F5E710B504466FF07F00FFF795
:10CEE000A5FDF6F7FBFD20707F20FFF79FFDF6F70D
:10CEF000F5FD6070002010BD10B50446F5F744FD47
:10CF000001F039FEF6F7EAFD2070002010BD08B5EB
:10CF10000A46072300F11001FEF7A8F8002008BD1B
:10CF200010B5014604460020F6F728FA08B920603B
:10CF3000A080002010BD10B50446F6F7FDF828B912
:10CF400000202146F6F702FA002010BDFFF757FD3A
:10CF50000028F5D0FFF76FFE0028F1D10C20F4E790
:10CF600010B50446FFF74BFD28B901202146F6F71E
:10CF7000EDF9002010BDFFF75EFE0028F5D10C2072
:10CF8000F8E7F7B50C4605466946008800F09DFDB8
:10CF9000A21C034690B9019901F1970781F8EA3084
:10CFA00038681060387910712888208091F8EA601C
:10CFB00006F0FF00002EF1D103B0F0BD0023C4F84D
:10CFC00002300220137123706370F5E7FFF7A8BDEC
:10CFD0001FB5838844F29022934217D840F6480246
:10CFE000934228BF13460288ADF804204088ADF86C
:10CFF0000600ADF80A000A8001A8ADF80830ADF8C7
:10D000000C30FFF78DFD05B05DF804FB1220FAE748
:10D0100037B50D46694600F058FD044618B9019829
:10D020002946FFF742FD204603B030BD10B5034648
:10D030006FF004040020482108221C705870997079
:10D04000DA701C7158719971DA7110BD10B504460F
:10D05000FFF7EAFC78B92146E27911F8013B13F0B9
:10D06000FD0F14BF01200020F6F782FC002814BF3A
:10D070000020022010BDF6F7B1FB0028EBD00C20F9
:10D08000F8E737B505460C460088694600F01DFDF7
:10D09000F0B9019B014683F86A1093F86820012AD1
:10D0A00006D0022A04D040F217310620F3F7E4FB41
:10D0B000A27093F86920012A01D0022AF3D1E2700C
:10D0C00093F86A2002F0FF00002AE4D12B88238025
:10D0D00003B030BD10B58388022B044610D8C07849
:10D0E000FFF7AEFC08B9112010BDA078FFF7A8FC2F
:10D0F0000028F8D020460121BDE81040FFF7ADBD63
:10D100001220F1E713B58378C178027903F00104A6
:10D1100051EA040C03F002031DD052EA030C1AD0AA
:10D12000002C18BF0021002B18BF00228DF803200F
:10D13000037842788DF8021043EA0223ADF80030FC
:10D1400043798279684643EA0223ADF80430FFF759
:10D15000C1FF02B010BD1120FBE708B5F4F71EFCBB
:10D16000002008BD13B50C46694600F0AEFC20B99E
:10D17000019BB3F888300133238002B010BD07B59E
:10D180000088694600F0A1FC48B99DF80020019B89
:10D19000012A07D093F83B2102F0FF016AB103B0E6
:10D1A0005DF804FB93F8F421D2B293F8B01011B9F2
:10D1B00012F0FB0FEED10220F1E7FF2283F83B21B2
:10D1C0000846ECE72DE9F341054647780078012150
:10D1D000F3F75CFF044600285FD001F0BDFCEE7859
:10D1E000864228BF0646042FB6B23DD0206BFFF71B
:10D1F0006AF8304480B21F2803D9122002B0BDE87B
:10D20000F081FB1E012B2CD8204601F0C9FC6B7865
:10D21000032B2CD107F0FD08B8F1010F39D12046BE
:10D2200001F0BEFC002831D1012F08BF4FF00208E9
:10D23000216B42466846F4F75FF86A68206B334614
:10D240000121FEF7AAFF50B36B78023B012B22D8D5
:10D25000206BFFF738F801210246206BFEF7CDFF67
:10D2600019E0002ED0D1C8E7002ECDD0C5E70028A8
:10D27000C3D1042BCED12046FFF7A1FB0028BCD0A0
:10D28000206BFFF736F80028C4D1B6E74FF000084E
:10D29000CEE7042FD1D10020B0E74220AEE707202F
:10D2A000ACE72DE9F74380464578C778007801213F
:10D2B000F3F7ECFE0446D0B101F064FC0028206BCB
:10D2C00008BF0027FFF70AF8C619B6B21F2E1FFACB
:10D2D00087F910D8042D0ED0032D12D05FB120464F
:10D2E000FFF76DFB58B10C2002E0042212E042204F
:10D2F00003B0BDE8F0831220FAE70720F8E7012D1C
:10D300000CD1204601F04CFC0028EED1012D0CBFC1
:10D3100006220522216B6846F3F7EEFFD8F80420B9
:10D32000206B4B460021FEF738FF0028E5D0023D78
:10D33000012D04D8206B32460021FEF75EFF00204D
:10D34000D6E713B50446F5F71FFB4FF44073ADF86D
:10D35000003000238DF80230684614F8013B8DF848
:10D3600003300194FFF79DFF02B010BD38B50121D5
:10D3700005460078F3F78AFE0446A0B1FFF71FFBCD
:10D3800028B92046691C01F038FB002038BD204632
:10D3900001F0F8FB08B10C20F8E7204601F0EEFBA5
:10D3A0000028F8D1EDE74220F0E713B50446F5F781
:10D3B000EBFA14F8013B8DF803304FF44073ADF8ED
:10D3C0000030684600238DF802300194FFF7FAFE22
:10D3D00002B010BD73B50546F5F7D6FA2B780446B2
:10D3E00063B100230DF1010101208DF80030F5F744
:10D3F000C5FF18B16846FFF7B9FFA0B9002620465F
:10D400008DF8006001F0C2FBB04214BF80233346A8
:10D41000ADF801302B788DF80360012B05D16946FA
:10D420002046F5F76DFB02B070BD1BB92046FFF733
:10D4300014FBF8E71220F6E710B500210446008837
:10D44000F3F724FE20B1A11CBDE81040F9F7D8B8CD
:10D45000022010BD08B500880021F3F717FE20B1A7
:10D46000BDE808400021F9F7CBB8022008BD37B568
:10D4700005460C460088694600F027FB28B92B8832
:10D480002380019BB3F8BC30638003B030BD37B557
:10D4900003880B80044698B2638813B9122003B046
:10D4A00030BD694600F011FB0028F8D16488019A6C
:10D4B00042F21071A3B24B43158C916905FB011127
:10D4C0008B42EBD395699169A942FBD10025013BC1
:10D4D0000B44C2F8B450B3FBF1F3A2F8BC40C2F85D
:10D4E000B830DCE710B50C460021F3F7CFFD88B16A
:10D4F000022C11D804F00103C4F3400480F8C531B4
:10D5000080F8C44123B190F8C2313BB1FFF7AEF9C6
:10D51000002010BD0220FCE71220FAE71846F8E7C9
:10D5200010B504460078FF280AD00121F3F7AEFDBC
:10D5300058B16378A27843EA0223C384002010BD67
:10D54000B4F80100F5F786F9F8E74220F7E708B5E7
:10D550000078003818BF0120F5F75AF8002008BD00
:10D5600010B50446F5F710FA6178C1F3400201F0F6
:10D57000010101F02BFB002010BD0820F5F7F4BDE0
:10D5800001F098BC1220704710B5044604B910BDD4
:10D59000236898476468F9E703680BB9016070472E
:10D5A0001A465B6813B18A42FAD170478A4218BFA3
:10D5B0005160704708B50020FEF7BEFDF3F72AFE64
:10D5C000F5F744FEF4F78AF820B14FF48571012095
:10D5D000F3F752F908BD08B5F4F7C6FFF7F74AFEAE
:10D5E00020B14FF495710120F3F746F9BDE80840EA
:10D5F0000120FEF7A1BD08B5FFF7EDFF01F042FCE9
:10D6000020B140F23F110120F3F736F908BD01F0D7
:10D610000FBD0B46122203F8032BD0F80920C1F8E6
:10D620000320427B1A71704730B585B004460D4621
:10D63000F6F722FB80B36FF4B0731C4402A9208874
:10D64000ADF8000000F041FA18B12E217E20F3F76A
:10D6500013F9039B93F864208DF80220022193F8BC
:10D660006520B3F866308DF803206846ADF80430C5
:10D67000FFF7F3FA08B14421E8E78DF808009DF8B8
:10D6800008308DF80900002063F307009DF8093089
:10D6900063F30F2005B030BD18232B70D4F8093088
:10D6A000C5F8033004238DF80830E8E708B543686F
:10D6B00093F88E201AB185217E20F3F7DDF8202221
:10D6C00083F88E2008BD034610F0010005D19A07AB
:10D6D00002D403F004007047022070472DE9F84F90
:10D6E000074608469246884600F08BFC8146404635
:10D6F00000F089FC8346FFF7E6FF05464846FFF742
:10D70000E2FF45EA0006F6B2003E044618BF0126D5
:10D71000F5F73EFD00EA0B03DBB2002B08BF002546
:10D72000F5F736FD00EA090097F86830C0B2002826
:10D7300008BF0024AB4208BF00258AF8005097F8C4
:10D740006930A34208BF002455EA04038AF8014067
:10D750000CD1404600F059FCB7F88830DB43184440
:10D7600080B247F6FD73984288BF00263046BDE878
:10D77000F88FF8B5446894F88F50A5F12003062B74
:10D7800006460F463ED92E2D3CD0CDBB94F88E30A8
:10D79000252B37D0084600F029FC28B939463046F9
:10D7A000BDE8F84000F0D1BD7B7903F0070384F8B1
:10D7B00061303B7903F0070384F8603094F8353129
:10D7C00093B994F83431012B0ED094F8602094F87A
:10D7D00069309A4210D194F8612094F868309A42E6
:10D7E0000AD1022384F83431222384F88F30304662
:10D7F00000F07DFD2846F8BD3046F5F713FDF3E750
:10D800000125F7E72025F5E72DE9F743456895F869
:10D810008F3095F88E80232B04460F462CD18F3500
:10D82000384600F0F4FB00284CD0384600F0E9FB05
:10D830008146384600F0E7FB0146FFF744FF666883
:10D8400048B396F86830984225D096F83421012ADA
:10D850000CBF96F8362196F86420114232D0B8F108
:10D86000210F18D096F86120114214D153B940F21B
:10D8700003210620F3F700F8B8F1210F40F0B28041
:10D880008E35CDE7032B01D0032831D1984294BFC8
:10D8900000200120B0B94846FFF715FF002849D005
:10D8A00096F86930834245D096F83431012B0CBF8D
:10D8B00096F8373196F8653019EA030F14BF012343
:10D8C0000023BBBB636893F83421012A19D11E21C0
:10D8D0002046F5F77FFCB8F1210F1FD1FA78636875
:10D8E000182A83F8192110D040F269217E20C1E75F
:10D8F000042BCBD00428C9D098422CBF0020012093
:10D90000C8E7002283F83421E5E7092283F88E2056
:10D9100093F8CC3093BB40F27121E7E70023204617
:10D920002B7000F0EEFC3946204603B0BDE8F04312
:10D9300000F00BBD304601AA3946FFF7CFFED4F800
:10D9400004800646F8B998F83431012B18D1014605
:10D950002046F5F73FFC2E70636803F18F02954275
:10D9600002D1002283F88F20636803F18F02954271
:10D970004FF0000533D1204600F0C3FC002032E018
:10D9800088F83401E8E7384600F03FFB6368A8F800
:10D990005402B3F85422B3F88810013A521A92B2E2
:10D9A00047F6FD718A4206D9282283F8B120204625
:10D9B000F6F754FDD8E793F88F200D2A02D00A3AE3
:10D9C000012A01D82A22F0E79DF8042083F8562284
:10D9D0009DF8052083F8572225232B70C4E783F890
:10D9E000CC50CBE7022003B0BDE8F08308B5436814
:10D9F00093F88F20222A05D022B14FF461717E2046
:10DA0000F2F73AFF232283F88F2008BDFF234371EA
:10DA10000023037103604371704743791BB90368A6
:10DA20000BB101221A607047F5F710BC704730B592
:10DA300042400C7818785D78444048786840044447
:10DA40009D78887868400444DD78C878684004444C
:10DA50001D7908795B794979684004444B40234437
:10DA6000D3420CBF0120002030BD03460020013905
:10DA7000C9B2FF2900D170475A5C82F001021044FC
:10DA8000C0B2F4E708B5F5F79FFC082807D0F5F712
:10DA9000BFFC082803D0F5F7D1FC012008BD002009
:10DAA000FCE708B5F5F790FC082803D0BDE808406E
:10DAB000F5F7AEBC08BD08B501F009FA18B1BDE82C
:10DAC0000840F8F78FBE082008BD10B50C460021AD
:10DAD000F3F7DCFA606018B101232370002010BD59
:10DAE0000220FCE701440023884203D1B3FA83F00B
:10DAF0004009704710F8012B1343F5E7F8B5D0E95A
:10DB0000047605460C46FCF739F820B94FF48171CC
:10DB10002920F2F7B1FEF4B1D5E90431DA1B61EB4B
:10DB20000603012A73F100014FF0000115DB6FF0CD
:10DB30000100904271EB030302DA4FF48671E7E7CC
:10DB4000631E1344B3FBF4F35C43E41946F100068F
:10DB5000C5E904461C462046F8BD0C46FBE7CB1E33
:10DB6000012B10D8032914BF4FF41673962303F525
:10DB7000BC7314BF40221022984212D9C01A90FBE5
:10DB8000F2F080B27047022905D13C2809D93C380F
:10DB9000C0F38F007047702803D97038C0F3CF00EE
:10DBA000704700207047034608685866704701298F
:10DBB00008B5024606D002290CD040F27D1129207A
:10DBC000F2F75AFE40F6C41340F2E240002A18BFB2
:10DBD000184608BD40F6C410FBE7C3B293FAA3F39E
:10DBE000000A90FAA0F01B0E000E43EA00207047D6
:10DBF0000131F8B5C9B2821D0023012512F8010BCD
:10DC0000884216D312F8066C002405FA04F737424E
:10DC10001CBF01F1FF31C9B2E0B269B10134082C77
:10DC2000F3D10133DBB2052BE8D199214620F2F77D
:10DC300023FE091AC9B2F4E700EBC300C0B2F8BD75
:10DC40000B6870B5C0F801300B7903F01F03437106
:10DC500000230446C372451C861D15F8010B00F015
:10DC60002CFB2871E37AB5421844E072F5D170BDFF
:10DC700070B581EA114189B2C57A0446032682EA69
:10DC80000100FFF7AAFF013E00EB00100A1816F092
:10DC9000FF0690B2F5D141402522B1FBF2F302FB21
:10DCA0001313C3F3C4022244D8B2567803F0070317
:10DCB000012202FA03F31E4207D169432046C1F351
:10DCC0000741BDE87040FFF793BF70BDF8B590F80D
:10DCD00021506B1E242B044656D8002A56D0807D36
:10DCE00018B1012846D01F2019E094F8231094F8A9
:10DCF000223002FB03132522B3FBF2F102FB1133A6
:10DD0000DBB204EBD30284F82330D17D012603F08B
:10DD1000070206FA02F2114202D084F82430F8BD5C
:10DD2000B3FBF5F205FB12330133024604F11C018B
:10DD3000D8B211F8013B834219D311F8067C0023B5
:10DD400006FA03FC1CEA070F1CBF00F1FF30C0B24B
:10DD5000DDB220B905EBC20284F82420DFE70133ED
:10DD6000082BEDD10132D2B2052AE2D1BBE7C01AAD
:10DD7000C0B2F7E72289C96904F11600FFF778FFFE
:10DD800084F824000020CAE71220C8E71046C6E73E
:10DD90000B68C0F803308B88A0F8073070470B6819
:10DDA000C0F809308B88A0F80D30704703788901DE
:10DDB00023F0400301F040010B43037070470378E8
:10DDC00003F07F0343EAC113037070471F2A38B57D
:10DDD0000546144603D9BF212A20F2F74DFD09302C
:10DDE0000634FDF7A1FB6C7038BD1F2A38B5054617
:10DDF000144603D9E1212A20F2F73EFD093006340A
:10DE0000FDF792FB6C7038BD30B5037803F00F035B
:10DE1000032B024640D0052B1FD1C37F90F8200072
:10DE2000034392F82100034392F82200034392F83F
:10DE3000230020F01F0018432DD05378222B0CD143
:10DE4000B2F81930B2F81740907D41B1B3F5506F78
:10DE500005D940F607518B420ED900201BE0991FCF
:10DE600089B240F67A45A942F7D8411E0729F4D86D
:10DE70008342F2D9A342F0D3B2F81B30B3F5FA7F54
:10DE8000EBD2B2F81D000A3880B240F676439842D1
:10DE90008CBF0020012030BD4078A0F10C03584217
:10DEA0005841F8E7037801F0030123F003030B4323
:10DEB00003707047007800F0030070471B2A08B514
:10DEC00004D940F252412A20F2F7D6FC4270BDE854
:10DED00008400330FDF728BBB0F807007047B0F8E2
:10DEE00009007047B0F80B00704770B5B0F8073004
:10DEF000B0F80950B0F805600479B0F80B0091B1A2
:10DF0000B3F5506F0FD940F60752934218D8B5F5C4
:10DF1000FA7F15D20A3880B240F6764398428CBF19
:10DF20000020012070BD9A1F92B240F67A418A42C9
:10DF300006D8621E072A03D89C4201D29E42E5E71A
:10DF40000020EFE743680B60037A0B717047B0F86D
:10DF500009007047007970470B6843604B68836025
:10DF6000704743680B6083684B60704783890B8000
:10DF70007047D0F80E300B60D0F812304B6070470D
:10DF8000D0F816300B607047FFF7E6BF0B68C36030
:10DF90007047007970470171090A417170478171BA
:10DFA000090AC17170470172090A41727047817292
:10DFB000090AC172704780887047C088704700891D
:10DFC00070474089704703891A2B0DD94389B3F5EF
:10DFD000A47F09D383881A2B06D9C088B0F5A47F03
:10DFE00034BF0020012070470020704703790246AB
:10DFF00013F0070004D0507910F0070018BF01207B
:10E0000070470079704740797047C088704702793F
:10E01000437902F0070203F00703511E0A40591E1C
:10E020000B4013430CBF0120002070470171704763
:10E03000007970474171704740797047FB2908B5F6
:10E0400004D940F2E6712A20F2F716FC417008BDAF
:10E05000406890F8C23123B1002380F8C231FEF746
:10E0600005BC704708B5017A19B101290DD000200F
:10E0700008BD0368C28802218088F5F7AFFD00283B
:10E08000F6D1F5F79BFF0120F2E70368C288F3E7BA
:10E0900002230B7001238B707047F5F709BF10B591
:10E0A00021B94FF41C711020F2F7E6FB4A600B72A5
:10E0B000EFF3108472B6031D0B6042681AB1127A36
:10E0C000012A08BF036003681960016004B962B6E1
:10E0D000BDE81040F5F734BF0222F5F75DBF03221B
:10E0E000F5F75ABF0422F5F757BF0222F5F798BF9C
:10E0F00011230B706FF4A27318440388A1F8033046
:10E10000838FA1F80530B0F84030A1F80730C38FF5
:10E11000A1F80930B0F84230A1F80B30704701295E
:10E1200008B503D10E30C00080B208BD022902D16B
:10E130000F308000F8E740F265210620F2F79CFBE3
:10E1400030B587B004460D46F5F79EFDA0B3002319
:10E150002372A4F5A774694624882046FEF758FF69
:10E1600018B1D6212C20F2F787FBBDF80630ADF8A8
:10E170000E30BDF80830ADF81030BDF80230ADF803
:10E18000123003A8BDF80430ADF80C40ADF81430DF
:10E19000FEF71CFF08B1DF21E4E78DF80C009DF8C5
:10E1A0000C308DF80D00002063F307009DF80D3052
:10E1B00063F30F2007B030BD2B46172203F8032B63
:10E1C000D4F80920C5F80320D4F80D205A60B4F81B
:10E1D00011201A8104238DF80C30E0E74068704765
:10E1E000C08A704710B58A880B89CC884988A0F806
:10E1F0005010A0F85440A0F85220A0F8563010BD9E
:10E200008383BDF8003001834283C383704738B5F0
:10E21000C38B458C04469D42007A28BF1D46FFF7FC
:10E220007EFF6389AB4228BF2B46984238BF184611
:10E2300080B238BDF8B50546808F16460F46FFF709
:10E240006EFF3946044605F13000FFF7E0FF8442D7
:10E2500028BF04463146B5F84400FFF760FFB5F823
:10E2600046308342A4B228BF034614FA83F09C30A0
:10E27000F8BD90F8692090F86810FFF7DBBF38B55B
:10E280000D461446FFF7F5FF96342044A84294BF8C
:10E29000281A002038BD38B504460D46FFF7E9FFBF
:10E2A0002844606338BD006801F19C03984283BF35
:10E2B000401A9C3840080020704700F05503400881
:10E2C00000F05500184400F03303800800F03300DC
:10E2D000184400F00F0303EB10107047436800224E
:10E2E00083F88E2083F8CC20A3F8C82070474368B9
:10E2F0000022A3F8CE2093F8D020013283F8D0205A
:10E30000704708B5426892F8D030013B5BB2002BF1
:10E3100082F8D03003DA34214A20F2F7ADFA08BD92
:10E32000436883F81B1183F81A217047A0F10A0390
:10E33000042B08D9A0F12003062B04D9A0F12E0349
:10E34000584258417047012070474268D2F88030E7
:10E3500010B513F008040AD143F00803C2F8803066
:10E36000CB7882F81831FFF7C2FF204610BD01209C
:10E37000FCE738B50C460546B1F85410FFF70BFE24
:10E38000B4F822112846FFF70AFEB4F850102846C8
:10E39000FFF709FEB4F820112846BDE83840FFF722
:10E3A00006BE37B530F8024C7CB100238DF804303E
:10E3B0008DF805309DF80430002063F307009DF8C8
:10E3C000053063F30F2003B030BD30F8A85CA1F82E
:10E3D000035008220A708C70427A4A7150F8940CEB
:10E3E000FDF7A9FD18B9B2216320F2F745FA2846D6
:10E3F000F4F738FF21462846F2F75EFE04238DF835
:10E4000004308DF80540D5E710B5446894F8903095
:10E41000063B012B07D90846FFF79CFD062384F82D
:10E42000910084F89030002010BD426892F890303E
:10E43000063B012B84BF072382F890307047F8B564
:10E44000476897F88F6004460D4616BB0846FFF7ED
:10E450007EFD6168A7F85402B1F85432B1F8882003
:10E46000013B9B1A9BB247F6FD72934207D92823C2
:10E4700081F8B1302046F5F7F1FF3046F8BD01F2E2
:10E4800056212846FFF75EFD63680A2283F88F2035
:10E49000F3E70126F1E70B46062203F8032BD0F839
:10E4A0000920C1F80320D0F80D205A60427C1A726E
:10E4B0000023CB707047F8B5436893F88F6005462A
:10E4C0000C46002E48D131462046FFF70EFD28B9F4
:10E4D00021462846BDE8F840FFF737BF6A68B4F820
:10E4E0000D30B2F88810A2F85432C9430B449BB2E5
:10E4F00047F6FD718B4207D9282382F8B1302846B0
:10E50000F5F7ACFF3046F8BD2046FFF7E5FC6F6835
:10E5100040F2E2425043C7F85C022379C3EB431157
:10E5200003EB810303EB83035B00A7F85632B4F8D7
:10E5300005305343C7F858322046FFF7D0FCA7F800
:10E54000600220466F68FFF7CDFC6B68A7F8620297
:10E550000D2283F88F20D5E70126D3E708B543685D
:10E5600093F88E201AB124214520F2F785F91D2257
:10E5700083F88E2008BD2DE9F743456895F88E3065
:10E580001D3B022B06460C462CD80846FFF71BFD08
:10E5900000B32046FFF713FD07462046FFF70BFDAB
:10E5A00080462046FFF70DFD81462046FFF705FD1A
:10E5B0004B4600904246394605F13000FFF720FEF9
:10E5C0007168284601F24511F5F74CFD7068062187
:10E5D000F4F732F8002085F8CC0085F88E0003B0FF
:10E5E000BDE8F0830120FAE74268D2F88030D9060E
:10E5F00010B5044603D49A214520F2F73DF9990657
:10E6000001D59B21F8E723F01003C2F88030FFF713
:10E6100078FE60680621BDE81040F4F70DB80923C4
:10E620000B70D0F80930C1F8023070470B460A224F
:10E6300003F8022BB0F809204A80C27A9A7070471A
:10E6400038B5436893F88F40054634B1113C0B2C24
:10E6500094BF08240124204638BD93F89430002B41
:10E66000F9D0FFF744FE6B68112283F88F20F2E7A0
:10E6700008B5436893F88F20152A04D040F2791129
:10E680001F20F2F7F9F8012283F8D120162283F82F
:10E690008F2008BD436893F88F20122A03BF1322EE
:10E6A000002083F88F200220704710B5436893F84C
:10E6B0008F30182B044607D1FFF723FE63681C2216
:10E6C00083F88F20002010BD0220FCE708B54368C6
:10E6D00093F88F20112A04D04FF4D1711F20F2F744
:10E6E000CBF8012283F8D120122283F88F2008BDB5
:10E6F00008B5436893F88F20162A04D04FF4D571DB
:10E700001F20F2F7B9F8182283F88F2008BD0B46B6
:10E71000052203F8032BD0F80920C1F80320D0F814
:10E720000D205A60B0F811201A81C27C9A7270478D
:10E7300008B5436893F88E201AB1BC211C20F2F76B
:10E740009BF8042283F88E2008BD4268D2F880101E
:10E7500008B5CB0703D4C9211C20F2F78DF892F835
:10E76000D030013B5BB2002B82F8D03001DACB21F4
:10E77000F2E721F00101C2F8801008BD0C23A0F5DA
:10E780009E700B7003884B807047436893F88E200F
:10E790000F2A01BF002283F8C02083F8CC2083F821
:10E7A0008E200020704738B54568D5F8803013F0CA
:10E7B000040409D1FFF79BFDD5F8803043F0040332
:10E7C000C5F88030204638BD0120FCE74268D2F809
:10E7D000803023F00403C2F88030FFF792BD08B503
:10E7E000436893F88E201AB171214B20F2F744F858
:10E7F0000F2283F88E2008BD10B5D0E90D43A34247
:10E8000004D30A8C1B1B05329A4202D3012380F8E1
:10E81000403010BD01230B7000238B7030F8D43CC6
:10E82000A1F80330437A4B714389CB8083890B81F4
:10E83000704708B5436893F8D32091070ED493F836
:10E840008E201AB174214020F2F716F8012183F8C6
:10E850008E1083F8CC10A3F8C82008BDD3F8801020
:10E860008A070DD593F8D020013A52B2002A83F8D6
:10E87000D02001DA8621E6E721F00201C3F88010FA
:10E88000002283F83A21E8E710B50B794C790A6841
:10E89000012843EA042108BF41F48031104610BD2D
:10E8A00007B5FFF7F1FF0DF10702F6F711F803B016
:10E8B0005DF804FB0B46042203F8032BB0F8092093
:10E8C000A1F80320C27A9A7070470B46142203F80D
:10E8D000032BD0F80920C1F80320D0F80D205A608E
:10E8E000704738B50B46102203F8032B0C4600F195
:10E8F0000902293052F8041B43F8041B8242F9D163
:10E9000012781A70A5880123A37100212846F2F716
:10E91000BDFB70B1E37863B10088F4F7A3FC00217C
:10E920002846F2F7C9FB20B140F227212D20F1F74C
:10E93000A3FF38BD0121F6F7A3BBFFF7FBBF90F89B
:10E9400082300BB10120704790F8BA2002F0FF032B
:10E95000002AF7D190F8AC201846704737B5044626
:10E960000D464FF494720021FCF756FEFF232370EE
:10E970001323638042F21073E384F2F791FC0022C8
:10E98000014620636846F2F7B7FC206B00220121A4
:10E99000FDF733FC216B68460422F2F7ADFC002240
:10E9A000206B1146FDF729FC04F12800A57400F046
:10E9B00045F904F1680003B0BDE83040FFF726B820
:10E9C000FF23086B0B70FDF7E5BB0078FF3818BF1D
:10E9D0000120704710B50446283000F085F96188A1
:10E9E0002822F6F7F7FD6D3010BDD0E9020170471F
:10E9F000C07C003818BF012070470B68C0F8153084
:10EA00008B88A0F819300123C37670472DE9F04FA9
:10EA100006460D4607460FCE91B006AC0FC40FCE8A
:10EA20000FC496E803000DF1100884E80300404687
:10EA300000F004F995F814906E7895F80AA095F80E
:10EA400000B0B9F1010F06F07F0607D0B9F1020F4F
:10EA500004D040F229310620F1F70EFF697A4046D2
:10EA600000F0F3F82B7DAA7E022B08BF697D02F12E
:10EA7000010206BF0131C9B20121D2B2404600F005
:10EA8000E6F816F0080364D14046019300F02CF933
:10EA900028223146F6F79EFD40F271212A79019B2A
:10EAA00000F2D720B0FBF1F401FB04F0EC7844EA6B
:10EAB00002246A7944EA02444C43A0420BD9EC791F
:10EAC000AA7942EA04222C7A42EA044201FB02F4C7
:10EAD000A04200D804462A7E0393531E5A425A414C
:10EAE000A97C386B02910192FDF715FC386BFDF79C
:10EAF00022FC039B019A0299ADF81A6008948DF8E4
:10EB000028208DF82B108DF82CA08DF818B08DF8DA
:10EB10001C90099306AE0FCE3C460FC40FCE0FC417
:10EB200096E8030084E8030098E80300B862B9851A
:10EB3000EB7A13F0FD0F14BF0123002387F8573041
:10EB4000EB68BB652B8AA7F85C30002011B0BDE8EC
:10EB5000F08F00242346BEE7438813F0040F0CBF58
:10EB60001F20002070470023C38543881D2B08BF4A
:10EB700000214174704790F912007047408800F0FE
:10EB8000010070474088C0F3400070474088C0F3E0
:10EB9000C000704708B5006BFDF7B4FB012008BD4D
:10EBA000012070470120704790F8503001624B728D
:10EBB000D0F85130C1F80A30B0F85530CB817047E9
:10EBC0007047F5F7B9BF80F87810704780F82410C7
:10EBD00080F825207047C0F34002C0F3800313443F
:10EBE00000F0010018447047022808B507D0042837
:10EBF00007D0012807D039212E20F1F73DFE26202D
:10EC000008BD2720FCE72520FAE78278034612F0AA
:10EC1000010002D0D978C9070FD5900702D5D9785D
:10EC2000890709D512F0040007D0DB7813F0040F30
:10EC300014BF002004207047022070470023C0F852
:10EC4000023001234370037070478170704710B524
:10EC50000170427080781446FFF7BDFF10FB01F190
:10EC600004FB01F2FE2A03DD5C212E20F1F704FEF5
:10EC700010BD0023C37043710371704710B5044683
:10EC8000FFF7C3FF637962780133DBB29A426371A5
:10EC90000FD1E378A1780343DBB29942E37008BF58
:10ECA00023794FF0000208BF0133627104BFE270A4
:10ECB0002371BDE81040FFF797BF38B50146807853
:10ECC000FFF789FF0446C8784D78FFF784FF0A797B
:10ECD0000B789B1A13FB05F34A7913FB04F39B1A79
:10ECE00000FB1530C0B238BD08B501468078FFF78B
:10ECF00072FF4B780A7813FB02F313FB00F0C0B2EB
:10ED000008BD40F2EF20704740F25A335843704735
:10ED100038B553680E3814460D4693F88E200928EE
:10ED20003FD8DFE800F0053E3E3E0F3E173E3E2650
:10ED3000042A05D12046FFF7D1FA2046F5F7FCFC5E
:10ED4000002038BD0F2AFBD120460021BDE8384005
:10ED5000FFF71BBD1D2AF3D12046FFF7BFFA002D98
:10ED6000EED0626892F8E23023F0200382F8E230BD
:10ED7000E6E793F88F20232AE2D1002583F88F500D
:10ED80002046FFF7BEFA636893F83431012B03D1B4
:10ED900029462046F4F71EFA6368002283F83421DE
:10EDA000CEE74FF40F713120F1F766FD08B54368E7
:10EDB00093F88F20162A04D040F2E4413120F1F775
:10EDC0005BFD1A2283F88F2008BD08B5436893F8CD
:10EDD0008F20312A06D1002283F88F20BDE8084019
:10EDE000FFF78FBA162A03D11A2283F88F2008BDA5
:10EDF00040F2F9413120F1F73FFD037D63B9C37B58
:10EE000090F85200A3F11002032A05D928B11C2B57
:10EE10008CBF0020012070470120704770B5426808
:10EE200092F8E23043F00403044682F8E2300846E8
:10EE30000D46FFF701F906462846FFF7F9F8224686
:10EE40003146BDE87040F6F7C9BC38B50C460546FA
:10EE5000D1E90401F2F7CAF994F80B0220280BD08B
:10EE6000FBF770FD94F80B02FAF75AFE20B940F652
:10EE700039013120F1F700FD28460221BDE8384074
:10EE8000F2F71AB90020704708B5F5F797F9BDE811
:10EE90000840F5F747BBF2F765BD0022A0F88E20C9
:10EEA00080F8922090F8C33113B10221F3F7C4BB6C
:10EEB0000321FBE7F5F7F6B908B5F7F7B5FFF7F764
:10EEC000ABFDF7F717FCBDE80840F7F79FBC08B5A6
:10EED000C821F7F76DFC022807D1013911F0FF01B5
:10EEE000F7D1F5213B20F1F7C7FC431E58425841AA
:10EEF00008BD10B504460846F8F738FC4FF47A739D
:10EF0000B0FBF3F0201A10BD10B504460846F8F720
:10EF10002DFC023C4FF47A7300F2E730B0FBF3F0C3
:10EF2000201A10BD08B5FCF759F9BDE80840F8F7FC
:10EF300083BD801A00F3070038B540B20D4659B2C0
:10EF40001446F8F769FD0023287020446B7040B226
:10EF500038BD0023036070477047002070474FF0B2
:10EF6000FF3070474FF0FF30704770470020704708
:10EF70004FF0FF307047002070470020704700239B
:10EF8000037070470022FFF7D4BF002070474FF096
:10EF9000FF3070474FF0FF3070474FF0FF30704741
:10EFA00070474FF0804301221A6070474FF0804352
:10EFB000D3F8080400F0010070474FF08043D3F805
:10EFC000140400F0010070474FF08043D3F81C0494
:10EFD00000F0030070474FF080410246D1F818045A
:10EFE000D1F8181410F4803004D001F00300831A13
:10EFF00058425841704708B5FCF744F928B14FF022
:10F0000080430222C3F8342C08BDFCF71BF900280A
:10F01000F5D1FCF72DF90028F1D1F5E7F8F7A8BDF7
:10F02000F8F7D0BDF8F7FCBDF8F714BEF8F7FEBF4F
:10F03000F8F78CBDF8F790BDF8F794BDF8F7D2BE9D
:10F04000F8F710BEF8F7C2BE08B5F8F775FD002056
:10F0500008BD38B5054691F827000C46FAF760FD63
:10F0600018B9E8216A20FBF78BFE0023A38484F8FB
:10F0700026300921236A2846984718B103780BB136
:10F08000EC21EFE738BD426808B5034611441A7811
:10F090005960012AA1F1500006D1FBF789FA40B965
:10F0A000CC216A20FBF76CFEFBF782FA08B9D1216C
:10F0B000F7E708BDF8B504460E4619B9012384F8F0
:10F0C00029303BE00D78032DF8D8DFE805F0390250
:10F0D00012154868C72802D800252846F8BD042123
:10F0E000FBF708FB0028F7D171682046FFF7CBFF3C
:10F0F000F3E7F9F707F8F0E790F82470F7B94D68EF
:10F100002846F8F7D3FF0028D8D02B78D3B90122AE
:10F1100022702B79003B18BF012363726B79002B9F
:10F120000CBF022304232372AB686F336360EB6868
:10F130002361032384F8263084F82520F8F7E2FFC2
:10F140000225CAE794F82630052B04D04FF4C87185
:10F150006A20FBF715FE27702B7994F82700003BF7
:10F1600018BF012363726B79002B0CBF02230423A9
:10F170002372EB68A9686F336360D4E906325B18C9
:10F1800042EBE172C4E90432042384F826302146BC
:10F19000FAF7E6FD0028D1D14FF4C971D8E770B570
:10F1A000F9F706F9002405462646E0B2854200D864
:10F1B00070BDF9F703F90134868480F82660F4E71E
:10F1C000F8B504460D46F9F7F3F800270646F8B2FD
:10F1D000864204D8082D0CD96FF0150008E0F9F725
:10F1E000EDF890F826300137002BF0D04FF0FF30CB
:10F1F000F8BD2CB129462046BDE8F840F9F7ECB837
:10F2000021462046F8E738B50546F9F7D7F8014614
:10F2100088B190F824408CB990F8263073B1013B46
:10F22000012B04D82846FFF714FF204638BD0123E0
:10F2300080F82430F9E76FF00100F7E76FF0220063
:10F24000F4E770B50D46F9F7B9F80446002848D040
:10F2500090F82660731E012B49D8002D44D0284613
:10F26000F8F724FF00283FD02B78FBB90123237047
:10F270002B79003B18BF012363726B79002B0CBF05
:10F28000022304232372AB686F336360EB6823614E
:10F29000032394F8270084F826302146FAF760FD0E
:10F2A00040BB40F2BD216A20FBF76AFD022E1ED151
:10F2B000002323702B79003B18BF012363726B7905
:10F2C000002B18BF04262672EB68A9686F336360B1
:10F2D000D4E906325B1842EBE172C4E9043204233C
:10F2E000D7E76FF0010070BD6FF01500FBE76FF01E
:10F2F0002200F8E70020F6E7F9F7DABA07B5684622
:10F30000F9F7CAF9DDE900024FF080730021E2FB52
:10F31000030103B05DF804FB03460020187070473A
:10F32000EFF3108272B603780121DBB2017002B9EB
:10F3300062B6012B0CBF6FF0220000207047EFF384
:10F34000108372B60022027003B962B600207047C3
:10F35000FBF71CBFFBF7DCBFFBF7DABF00280CBFD5
:10F360006FF01500002070470020704707230370DE
:10F3700000207047002070470020704710F8012BD4
:10F3800011F8013B012A28BF9A42F7D0D01A7047E2
:10F39000034611F8012B03F8012B002AF9D170471D
:10F3A000034613F8012B002AFBD1181A01387047C5
:10F3B0002DE9F04786468C460846089E1546744659
:10F3C0001946002B40F0C2808542B2FA82F245D93C
:10F3D0004AB1C2F1200300FA02FC2EFA03F3954071
:10F3E00043EA0C0C94404FEA154EA8B2BCFBFEF861
:10F3F000230C0EFB18CC08FB00F943EA0C4399459B
:10F4000028D9EB1808F1FF3704D2994502D9A8F1A1
:10F4100002072B44A3EB0903A4B2B3FBFEFC0EFBD3
:10F420001C330CFB00F044EA0344A04214D92C190D
:10F430000CF1FF3304D2A04202D9ACF102032C44F8
:10F44000241A43EA07401EB1D4400023346073609D
:10F45000BDE8F0874746DDE76346F1E792BB431B13
:10F4600001214FEA154EAFB2B3FBFEFC200C0EFBA0
:10F470001C330CFB07F840EA0343984562D9EB18AC
:10F480000CF1FF3004D2984502D9ACF102002B44B4
:10F49000A3EB0803A4B2B3FBFEFC0EFB1C330CFB76
:10F4A00007F744EA0344A7424ED92C190CF1FF3365
:10F4B00004D2A74202D9ACF102032C44E41B43EA74
:10F4C0000040C0E7C2F1200320FA03F195409040CC
:10F4D0002EFA03F303434FEA154EAFB2B1FBFEFC25
:10F4E0000EFB1C10190C0CFB07F841EA0041884583
:10F4F00004FA02F422D969180CF1FF3004D28845CD
:10F5000002D9ACF102002944A1EB08019BB2B1FB86
:10F51000FEFC0EFB1C110CFB07F743EA01439F4264
:10F520000ED9EB180CF1FF3104D29F4202D9ACF195
:10F5300002012B44DB1B41EA004192E76046E3E70E
:10F540006146F7E76046A3E76346B7E7834206D91B
:10F5500016B9002108467BE7C6E900E0F9E7B3FAEF
:10F5600083F78FB9834201D3724508D8BEEB0204FA
:10F5700060EB030301209C461EB9002168E7384672
:10F58000FAE7C6E9004CF8E7C7F1200CBB4022FAC5
:10F590000CF41C432EFA0CF120FA0CF3B840014392
:10F5A0004FEA14490EFA07F5B3FBF9F81FFA84FE87
:10F5B00009FB18300B0C08FB0EFA43EA00439A458E
:10F5C00002FA07F240D9E31808F1FF3004D29A4555
:10F5D00002D9A8F102002344A3EB0A0389B2B3FBCA
:10F5E000F9F809FB183308FB0EFE41EA03418E458A
:10F5F0002CD9611808F1FF3304D28E4502D9A8F145
:10F600000203214443EA0040A0FB0298A1EB0E0153
:10F610004145CE46434602D306D14D4504D2B9EB0F
:10F62000020E68EB04030138002EA6D0B5EB0E02E3
:10F6300061EB030101FA0CFC22FA07F34CEA030325
:10F64000F940C6E9003198E74046C5E74346D9E7A7
:10F65000F0B583B000AF3A1D002140F6034006F03C
:10F660000DFE0446002871D17868C3681B788BB9F9
:10F67000BFF35B8FC34B1A68BFF35B8F02F00902C5
:10F68000BFF35B8F53E8001F43E80024002CF9D13F
:10F69000BFF35B8F05F04AF93A1D002141F20300E8
:10F6A00006F0ECFD0446002850D17A68B64DD168CA
:10F6B000D1F80100D1F8051005F1780303C3104615
:10F6C00005F034F921463A1D41F2010006F0D6FD5D
:10F6D000044600283AD17868C3685A7885F87020C3
:10F6E0005A88A5F872201A7985F87120B3F8072096
:10F6F000A5F87420B3F80530A5F8763005F016F9B2
:10F7000021463A1D41F2020006F0B8FD0446E8B970
:10F71000D7F804C0DCF80C2005F18006531C4132F8
:10F7200018685968344603C4083393422646F7D113
:10F73000604605F0FBF895F87C305A060AD4934AE7
:10F74000934801211CF0ABFF6FF0120420460C37E8
:10F75000BD46F0BD3A1D002142F2030006F08EFDC9
:10F7600004460028F2D17B688A4EDA68D2F801009C
:10F77000D2F8051003C6184605F0D8F821463A1D00
:10F7800042F2020006F07AFD04460028DED17C68D1
:10F79000E368B3F8012091B249B1D97839B1A5F83D
:10F7A0000421DA78114606F128001FF0C7FE204632
:10F7B00005F0BCF895F87C601F2316F02006A5F82C
:10F7C000203118D1022140F66D4006F0AFF9044611
:10F7D000002800F0C98002210C3005F0D5F9012382
:10F7E000037046702146324640F66D4006F046FDF5
:10F7F00004460028AAD195F89C301B0712D53A1D63
:10F80000002142F21C0006F039FD044600289DD17B
:10F810007868C368D3F80120D3F80530C5E93823E8
:10F8200005F084F895F8D8309E0621D5B91C3846E5
:10F8300006F02AFE0446002888D1042142F2240062
:10F8400006F074F90646002800F08E8004210C3082
:10F8500005F09AF93B8803807B8843802246314635
:10F8600042F2240006F00AFD044600287FF46EAF41
:10F8700095F8D8305C0610D53A1D002142F22A00D6
:10F8800006F0FCFC044600287FF460AF7868C3688B
:10F890005B7885F8223105F049F8082142F2010031
:10F8A00006F044F9044600285ED008210C3005F02B
:10F8B0006BF995F8D81011F0400F024640F2022380
:10F8C00008BF032388074CBF43F02C0043F00C0013
:10F8D0008B0695F8D93048BF40F0400013F0090F6F
:10F8E00095F8A23018BF40F4006003F00603CE077D
:10F8F00048BF40F01000062B08BF40F4C070002144
:10F900001CF0EFFE2146002242F2010006F0B6FC98
:10F91000044600287FF41AAF95F87C30B5F804113E
:10F92000980624D4C9B93A1D41F2050006F0A6FC98
:10F93000044600287FF40AAFB5F804317C684BB95F
:10F94000E368B3F80120A5F804219A88124811460B
:10F950001FF0F4FD204604F0E9FF082140F60140C5
:10F9600006F0E4F80446D8B96FF06804EEE6002922
:10F97000F3D10A4A064801211CF091FE6FF00404FD
:10F98000E4E600BF5C080020880700208A2F0300FF
:10F9900064FE02006008002090080020AE2F0300E3
:10F9A00008210C3005F0F0F895F8D830D907024658
:10F9B0002AD461484FF000511CF093FE21460022EA
:10F9C00040F6014006F05AFC044600287FF4BEAE23
:10F9D00001463A1D4FF6014006F050FCC0B1574AAF
:10F9E000574802211CF05BFE1DF053F80446002826
:10F9F0007FF4ACAE09F016FA044600287FF4A6AEF8
:10FA000006F0B4FA0446A1E649A1D1E90001D3E722
:10FA10007B68DC68B4F80130032B96BF494A4A4939
:10FA200052F823106E468AB06A464848D3614FF4B4
:10FA300000731384464BC2E9050142F8103F404869
:10FA40004FF413511CF03EFEB4F80120B4F803301B
:10FA5000022AB54649D1052B47D83E4A52F8231011
:10FA60006E468AB06A463C48D3614FF400731384F3
:10FA7000374BC2E9050142F8103F4FF413513048AB
:10FA80001CF020FE637994F806C0D4F80900032B1B
:10FA9000B54698BF314AB4F8076094BF52F82310B6
:10FAA00029496C468CB06A46DFF8B4E0C2E9073CED
:10FAB0004FF4007393852B4BC2E905E1C2E909605D
:10FAC0004FF4735142F8103F1D481CF0FBFDA54652
:10FAD000786804F02BFF3A1D00214FF6024006F033
:10FAE000CDFB044618B1204A7AE71749B8E7786891
:10FAF000C368B3F80130A5F8C13004F017FF95F8DA
:10FB0000C1305B077FF570AF3A1D21464FF60340C9
:10FB100006F0B4FB08B1154A62E77868C3685B7801
:10FB200085F8C03004F002FF5EE700BFAFF300804D
:10FB3000908800020080002010880002D12F03006E
:10FB400064FE0200B0040300572D0300F52F0300EC
:10FB500004000001980403000E3003008804030031
:10FB60002630030007000001533003007C300300FF
:10FB700070B586B003788DF8043043788DF8053081
:10FB800083788DF80830C3788DF8093003798DF8C3
:10FB90000A3043798DF80B3083798DF81030C379B2
:10FBA0008DF811300024037A8DF812302146437A03
:10FBB0008DF81330102201A88DF806408DF80C4006
:10FBC0008DF814401AF05CFC21460546102202A86C
:10FBD0001AF056FC074E1022306021460DEB020051
:10FBE0001AF04EFC32680346294603481BF0CBF955
:10FBF00006B070BD340900207A0D030010B5064A26
:10FC0000064802211AF075FFBDE81040044840F292
:10FC10006762002315F048B9990D030034FF020014
:10FC2000201D002008B530201FF05EFE38B10023F3
:10FC30008385011DBDE8084003481AF05FBFBDE899
:10FC40000840FFF7DBBF00BFC8FB020070B50378B8
:10FC50008AB004460E4607AD032B20D8DFE803F038
:10FC600002191B1D11492846FFF792FB0595637881
:10FC70000493A3780393E378029323790193637940
:10FC80000093A3790A4A1E2130461AF0CDFB0AB030
:10FC900070BD0849E7E70849E5E70849E3E7084A8E
:10FCA0000A2128461AF0C0FBE0E700BFC20D03009E
:10FCB000E40D0300C90D0300D00D0300DA0D0300AD
:10FCC00051490300F0B589B000AF0D4614461DF050
:10FCD000C3F83946FFF7BAFFACB96C468AB06A463A
:10FCE000144BD561C2E905374FF400731384124BEE
:10FCF00042F8103F11484FF413511AF0FCFEA5468C
:10FD00002437BD46F0BD6E468CB06B460C4A0B489E
:10FD1000C3E905270B4A5A620B4A9A621A46C3E99D
:10FD200007540A4B42F8103F4FF462511AF0E3FEB9
:10FD3000B546E5E7070E03000400000134FF0200AA
:10FD4000250E03009C2603000002030506000002A6
:10FD500090B589B000AF0C461DF07EF83946FFF72C
:10FD600075FF8AB06A46094BD461C2E90537084B72
:10FD70001362084B5362084B42F8103F07484FF498
:10FD800043511AF0B8FE2437BD4690BD4C0E030017
:10FD90009C260300000202040500000234FF02005A
:10FDA00090B589B000AF0C461DF056F83946FFF704
:10FDB0004DFF8AB06A46094BD461C2E905374FF45A
:10FDC00000731384064B42F8103F06484FF413515A
:10FDD0001AF091FE2437BD4690BD00BF720E03009D
:10FDE0000400000134FF020090B589B000AF0C465A
:10FDF0001DF032F83946FFF729FF8AB06A46094BF1
:10FE0000D461C2E905374FF400731384064B42F8FE
:10FE1000103F06484FF413511AF06DFE2437BD46CB
:10FE200090BD00BF940E03000400000134FF0200E7
:10FE3000B0B588B000AF0C461DF00EF83946FFF79C
:10FE400005FF6D468AB06A46124BD461C2E9053798
:10FE5000114B1362114B5362114C124B124842F872
:10FE6000103F4FF443511AF046FE2068AD4618B1DA
:10FE700008F036F9002323600C4C206830B108F0FC
:10FE80002FF90023012023601FF0E3F82037BD463F
:10FE9000B0BD00BFA90E03009C26030000020204AF
:10FEA000EC3200200500000234FF0200F032002096
:10FEB000B0B588B0044600AFB1B16C468AB06A46AE
:10FEC000194B1A48C2E90531194BD36140F201338D
:10FED0001384184B42F8103F4FF411511AF00BFEE7
:10FEE000A5462037BD46B0BD1CF0B6FF3946FFF72A
:10FEF000ADFE6D4688B06A460F4B0C48C2E9053727
:10FF00004FF4007393830D4B42F8103F4FF4E651CA
:10FF10001AF0F1FD2046AD4608F01EF8084B1860B7
:10FF200001201FF093F8DCE7CC0E030034FF020041
:10FF30009C26030004000001ED0E030003000001F5
:10FF4000F032002080B588B000AF1CF085FF394644
:10FF5000FFF77CFE88B06A46084B0948C2E90537BE
:10FF60004FF400739383074B42F8103F4FF4E65170
:10FF70001AF0C1FD2037BD4680BD00BFFA0E030058
:10FF800034FF0200030000012DE9F04788B000AF04
:10FF900004468846154600211A22381D39601FF094
:10FFA000CFFC20461CF058FF3946FFF74FFE6C4649
:10FFB00088B06A462B4B2C48C2E905374FF40073D2
:10FFC00093832A4B42F8103F4FF4E6511AF093FD09
:10FFD0002748A5462A4641461AF0D5FF0A2D02D1E8
:10FFE0004046FFF7C5FDDFF88C90DFF88CA00026B7
:10FFF000AE4209D030201FF077FC044640B91F4ABA
:020000040001F9
:10000000194802211AF075FD2037BD46BDE8F0877A
:10001000AA1B272A94BF92B22722031D828508EBD0
:10002000060118461FF064FCA28D1644B6B2B54214
:1000300003460AD108EB050111F8011C0D2904D172
:10004000A1180A2001320871A285A28D19464846DE
:100050001AF05DFD0028CBD0214650461FF055FA1E
:10006000C6E700BF100F030034FF020003000001C9
:10007000270F0300C8FB0200F80D0020380F030013
:10008000B0B588B000AF0C46054607F065FF124BCF
:10009000186028461CF0E0FE3946FFF7D7FD6D4694
:1000A0008AB06A460D4BD461C2E905370C4C4FF457
:1000B000007313840B4B42F8103F20464FF413514A
:1000C0001AF019FD084AAD46032120461AF011FD29
:1000D0002037BD46B0BD00BFEC320020940E0300B7
:1000E00034FF020004000001630F03002DE9F0411A
:1000F0000B780C46052B57D8DFE803F003922A73E0
:1001000084588B68002B4FD0486800284CD04E4A4A
:100110001368DBB1181F002313604C4A13601FF0F3
:10012000DCFB4B480022002314F04EF800283BD0A3
:10013000828D011D47481AF0EAFC002834D0464A57
:100140004648BDE8F04102211AF0D3BC0438E6E786
:10015000434D444E2F68CA684968F0191FF0C8FB28
:10016000E268636840481344174413F8011C2F6089
:100170001AF009FF3D4B1B78B3B92B68002B13DD38
:10018000F21812F8012C0A2A01D00D2A0CD132786B
:10019000302A07D17278312A04D10B2B02D1314891
:1001A000FFF7E6FC00232B60BDE8F0812F4B002415
:1001B00030201C701FF098FB30B18485011DBDE814
:1001C000F04124481AF09ABC294A244802211AF026
:1001D00090FCBDE8F041274840F26762002314F02C
:1001E00063BE30201FF080FB014648B100238385A9
:1001F00018488368BDE8F0411B692822043118477C
:100200001B4A9DE74B68191F1B8D23B1BDE8F041C8
:1002100019481FF07AB9BDE8F04108461FF05DBBF0
:10022000094A13680BB94B6813600849A36808684A
:1002300003440B60116807480A8DBDE8F041D21AEB
:1002400019441AF064BC00BFE8320020E4320020F8
:10025000F80D0020C8FB0200920F030034FF0200DB
:10026000E0320020D5470020B00F0300D447002023
:10027000990D0300201D0020DC0D00202DE9F04326
:100280008DB04FF0FF324FF0FF332848284FDFF892
:10029000A480DFF8A49014F043F8302200216846CF
:1002A0001FF04EFB4FF0FF334FF0FF32384613F094
:1002B0008BFFBDF82C40838DC4F128049C42054679
:1002C00028BF1C4600261CB928461FF006FBE9E79C
:1002D000BDF82C00311D04302246294468441FF02B
:1002E00007FBBDF82C20224492B2272AADF82C201F
:1002F000264408D802F130036B4413F82D3C0A2B36
:1003000001D00D2B0CD101A9002003F031F820B150
:100310004246022148461AF0ECFB0023ADF82C308F
:10032000AC8DA41B282C28BF2824CCE77C0D0020F2
:10033000DC0D0020B30F030034FF0200F8B51E4CA3
:100340000546206800AF002833D00D40EA0716D5D7
:100350001CF0ACFD6E4688B023686A461749184801
:10036000C2E90513032342F8103F4FF4C6511AF0B7
:10037000C2FBB546206807F0B3FE00232360AB073D
:1003800017D520681CF09AFD6D4688B023686A4630
:100390000C490B48C2E90513032342F8103F4FF400
:1003A000C6511AF0A8FBAD46206807F099FE00235D
:1003B0002360BD46F8BD00BFEC320020DB0F030018
:1003C00034FF0200F20F0300F0B5534889B010F07B
:1003D000CDFA034620B1514A514801211BF034FCAB
:1003E00010F08EFA034620B14E4A4D4801211BF011
:1003F0002BFC4D4E30461EF0FFFFA8B130201FF001
:1004000073FA044680B1002585854849484814F0B0
:100410002FFCB3681B684BB920461FF05EFA454AB3
:100420003F4801211AF065FB1AF079FB42492A4640
:10043000304698470028EFD130201FF055FA054686
:1004400070B3031D3D491846FEF7A2FF2622014660
:10045000AA8530461AF05BFB074660B120461FF0C4
:100460003CFA28461FF039FA354A2D483B4601210F
:100470001BF0EAFBD8E7211D30461AF03FFB03468C
:1004800048B9304808F09CFC70B12F481AF07BFD49
:10049000002009B0F0BD2D4A214801211BF0D4FBFA
:1004A00020461FF01AFABFE7294808F0A3FC08B15C
:1004B0002848EBE706F032F80028B5D1264A18485C
:1004C00003211AF016FB254813F0E8FE1BF053FC3D
:1004D000234802F041FF034628B1224A1048012177
:1004E0001BF0B2FBD4E7204D0FCD03AC0FC42B683B
:1004F000236001241D4B1E490094022203A807F02B
:1005000023F8034608B11B4AE8E74FF0FF314FF0EC
:10051000FF3015F031FEF8E73D0301000A1003003B
:1005200034FF020028100300C8FB020025FC000075
:10053000201D002043100300ED00010063100300A4
:100540008A1003001C090020DA100300B310030016
:100550000C09002007110300391103007C0D002055
:10056000000900204F110300F0FF0200B802030051
:10057000C00203007B11030010B5094C0A449142EC
:1005800000D110BD11F8013B584003090001E35CA4
:10059000C0B2434018091B01205CDBB25840EEE7B3
:1005A000D8110300F8B50F4600293BD00668304645
:1005B0001AF0F8FA01220146044630461AF0BAFA57
:1005C000C3070DD4184A19491948AF231AF0F1FC92
:1005D000394618481AF0EDFCAF2113481AF0E0FC38
:1005E000214630461AF0BCFA25182946002230462A
:1005F0001AF0A0FA2D1AAC420BD00B4A0E490C4847
:10060000B7231AF0D6FC39460C481AF0D2FCB721B1
:10061000E3E7214630461AF0A9FA2146BDE8F84042
:100620001AF0E5BBF8BD00BFE81103000B12030090
:100630001C12030039120300711203009712030009
:100640002DE9F84306681446B2680F464B1EB2F512
:10065000004F34BF042108213B4010D0C7F10009EE
:1006600009EA0709494503F1FF3028BF4946184206
:100670000CD11F46DCB900252846BDE8F8838F421F
:1006800013D82146BDE8F8431AF0F3BB2E492F4A90
:100690002F484FF4A2731AF08CFC2E481AF089FCF4
:1006A0002A484FF4A2711AF07BFC9946E2E7B2EBBC
:1006B000D40FE0D9E319591A10461AF07DFA014611
:1006C00030461AF0D3FA80460028D4D0B368B3F588
:1006D000004F34BF0423082309EBC0051D443544F3
:1006E0007B1E1D44B5FBF7F57D43A5EB09052946A7
:1006F00030461AF057FA2C44073424F00704A41BA0
:10070000804507464FEAE40408D202464146304697
:100710001AF0E6FA414630461AF027FB39463046D1
:100720001AF01EFA3844844208D23946304622462E
:100730001AF0D6FA214630461AF017FB0122394644
:1007400030461AF013FA97E7D3120300E8110300BA
:100750001C120300EE120300B2F5802F2DE9F041C8
:1007600010D2042A28D84349434A44484FF4F97325
:100770001AF01FFC42481AF01CFC4FF4F9713E4875
:100780001AF00EFC0823D21ACC1D114424F00704E1
:1007900021F00701091B17294FEAD1060ED8394964
:1007A000354A364840F2FB131AF003FC34481AF07D
:1007B00000FC40F2FB11E2E70423E4E700270460B9
:1007C0003146A660E76030461AF0FFF90121421D6C
:1007D000804630461AF0F0F99200D51DED08284405
:1007E000B0423AD8B8F1FF3FA2F110023946B8BF83
:1007F0003A4604F110001FF0A3F82A463946204675
:100800001AF0CCF93B463A46394620461AF09DF993
:10081000A6EB05082046394601221AF0A7F9424600
:1008200029461AF0BBF92B463A46294620461AF0CB
:100830008CF9314620461AF0B1F943463A46314622
:1008400020461AF082F93146204601221AF08EF92C
:100850002946BDE8F0411AF088BA0B49064A074814
:100860004FF403731AF0A5FB05481AF0A2FB4FF4EE
:10087000037184E70B130300E81103001C1203004B
:100880002C130300451303006E1303002DE9F04FF2
:1008900097B000AF8946D7F880B0FA623B62044651
:1008A00058B9A849A84AA9484FF466731AF081FBC1
:1008B0004FF46671A4481AF073FBCBF3C00390F8B1
:1008C00002A0BB6141B9457800780AEB8000204462
:1008D0004D4517D8A0EB0409E378FB61BAF1000F8E
:1008E00002D01BF0010F16D1FB6953BBFB6A1BB191
:1008F0003A6A4946204698474D4628465C37BD46E9
:10090000BDE8F08F461C3046FEF74AFD013030440A
:1009100009F10109DCE7237862687A62FA6A9900D2
:10092000796104EB8301002A40F001814D460E46B7
:1009300001EB0A094FF000084E454CD101EB0A06C5
:1009400010E01BF0020FD1D023789A007A61626820
:100950007A62FA6A04EB8301002A77D14D4601EBF3
:100960000A0690461BF0050F0CBF02230123FB6211
:10097000FB6906EB430A0BF00203BB625645BCD091
:1009800016F8021B16F8013C54F82390704B994559
:1009900002D3704B994536D3BB69002B40D0786A9F
:1009A0001AF0CAFA00283BD0E9468AB06A466A4B78
:1009B00053617B6AC2E906314FF400731384674BBD
:1009C00042F8103F664800234FF4125101F0A0FE98
:1009D000023DCD46D2E716F8013BF96254F82300F8
:1009E000FEF7DEFCD7F88430F96A01304BB1D7F856
:1009F000883098453EBFD7F8843023F8180008F1B6
:100A00000108054498E7BB6923B1786A1AF094FAA3
:100A10000028C9D11BF0010F05D1FB6AED1AADE723
:100A2000BB6A002BAAD04846FEF7BAFCD7F8843040
:100A300053B1D7F8883098453FBFD7F88420431C7E
:100A400022F8183008F10108054497E7BAF1000FC1
:100A500073D01BF0040673D0D046002607F148007F
:100A600052463B61B9621EF043FFB96A3B6901EB34
:100A70000A02BA62FA69F9695200FA60BA6A02EBCC
:100A800041023A610BF00202BA60BA6A39698A42DD
:100A900068D162787A621BF0020F32440CBF4FEAD1
:100AA000580100211BF0010FD2B240F0E4801BF08E
:100AB000040F14BF40460020BB616270A070E1705B
:100AC0003A6A7969FB6A20469847051EFFF615AF1A
:100AD000BB6923707B6A6370FB69E37041463A6AC5
:100AE000FB6A84F802A007F148009847B0F10008BB
:100AF000C0F2EF807B693A6AA9EB0A01C91AFB6868
:100B0000C91AD7E90A0398470028C0F2E480A8442C
:100B100008EB00054FF0000B07F1380AB345C0F0B1
:100B2000AC8000213A6AFB6A08469847E5E65646DB
:100B30004FF0000807F1380092E75646D04696E796
:100B4000B04694E72E140300991303001C1203000F
:100B500080FA02008C6D03004914030004000001B8
:100B6000BCFE0200BA6A12F8021BBA6212F8015CFB
:100B70005A4A54F82500904202D3594A904218D359
:100B8000BA693AB1786A7B601AF0D6F97B680028B6
:100B90007FF47BAFBA68002A4CD00F2E40D9514960
:100BA000514A524840F24C431AF003FA40F24C4189
:100BB00080E6BA693AB1786A7B601AF0BDF97B6861
:100BC00000287FF462AF1BF0010F0BD00F2E27D946
:100BD0004449454A454840F242431AF0EAF940F296
:100BE000424167E61BF0040F3FF44FAFB8F10F0F1F
:100BF00009D93F493C4A3D4840F245431AF0D9F9EA
:100C000040F2454156E608F1280207F1300008F1AC
:100C1000010102EB000808F8105C5FFA81F834E784
:100C200006F1280207F13000711C161806F8205C46
:100C3000CEB22AE7B8F10F0F09D92D492A4A2B481D
:100C400040F24F431AF0B5F940F24F4132E608F155
:100C5000280207F1300C08F10100944407F1580212
:100C600052FA80F008F102080CF8101C5FFA88F8BC
:100C700000F8105C09E700201EE71BF80A3087F82F
:100C8000373054F82390D7F88430FBB133F81B8009
:100C90003A6AFB6A012107F13700984700281ADBFE
:100CA0000544B8F1000F06D14846FEF779FB00F184
:100CB00001081FFA88F83A6AFB6A41464846984795
:100CC000002808DB05440BF1010B27E7D7F88480E7
:100CD000DEE7454611E605460FE600BF80FA020052
:100CE0008C6D0300EC140300991303001C12030025
:100CF0000B150300014B1B68184700BF3809002083
:100D0000014B1860704700BF3809002030B585B02E
:100D100004460D461022002168461EF011FE0223F3
:100D20008DF802302A46044B01932146684619F09B
:100D300083FC05B030BD00BFF50C010080B5054651
:100D40000E461746984615F04DFA03461EF08EFEE5
:100D5000DFF81890044649F80030424630463946DC
:100D6000A84754F8090002F0FFFF00BF0800000088
:100D700038B50D460446202200211EF0E1FDEB6847
:100D8000E361AB68A3612B6823626B686362002236
:100D9000A2622A6923B1591E194208BF42F001021A
:100DA00022610122002104F12C001EF0C7FB48B192
:100DB00005490648064A2F231AF0FBF804482F215C
:100DC0001AF0EEF838BD00BF621503001C120300D4
:100DD0003C1503002DE9F04F89B0CDE90123436AAA
:100DE00000278B420446884605970797BA4655D395
:100DF00000F114064FF0400BEFF3118300938BF3D7
:100E00001288BFF36F8F3046DDF8009015F0A6FB17
:100E100058B94B4A4B494C4888231AF0CAF8314616
:100E20004A481AF0C6F8882160E0304615F0BAFB4F
:100E3000079A2AB1394620461AF09AF900230793F7
:100E400006A920461AF0C2F80699414505462ED358
:100E50002268236A13F8221021F0030103F82210FC
:100E600003EB820A2168424620461AF0D3F8E36871
:100E70002060984216D00025304615F07DFB40B327
:100E800089F31188BFF36F8F059929B1A2690AB15F
:100E90002046904700230593002DADD1504609B060
:100EA000BDE8F08F236943F008032361E3E718B13D
:100EB00020461AF0C9F8DFE7DDE90132134337D0E5
:100EC00003911EF0B0FB039990BB304615F054FB24
:100ED00078B91B4A1E491C4840F231131AF069F8D0
:100EE00031461C481AF065F840F2311114481AF0E6
:100EF00057F8009B83F31188BFF36F8FDDE901235F
:100F000004F12C0013F00CFA0546EFF311898BF372
:100F10001288BFF36F8F304615F020FB00283FF496
:100F200078AF3046B5FA85F515F03CFB6D09A3E7BF
:100F300007AB05AA204627681AF0A3F805469BE7E9
:100F40006B150300981503001C120300AD15030078
:100F5000C3150300DA1503002DE9F0410446C36907
:100F600008460E46984704F114050746EFF311882A
:100F7000402383F31288BFF36F8F284615F0EEFAF3
:100F800068B91B4A1B491C4888231AF012F82946E5
:100F90001A481AF00EF8882115481AF001F8284668
:100FA00015F000FB337843F00103337061683A4673
:100FB00020461AF02FF8606020461AF0F4F8284610
:100FC00015F0DAFA68B90A4A0D490B4840F23113B4
:100FD00019F0EFFF29460B4819F0EBFF40F23111F1
:100FE000DAE788F31188BFF36F8FBDE8F08100BFA7
:100FF0006B150300981503001C120300AD150300C8
:10100000C3150300DA1503002DE9F843044600F187
:101010001407EFF31188402383F31288BFF36F8F17
:10102000384615F09BFA054668B9354A35493648C1
:10103000882319F0BEFF3946344819F0BAFF8821D9
:101040002F4819F0ADFF384615F0ACFA2369A268B5
:1010500013F0080F02D163689A4200D9636A9B1AA1
:10106000002B3FD0216A11F8223013F0030001EB6E
:1010700082093AD0022803D151F82260B60805D17E
:10108000D8071FD4E369484698470646A168324608
:10109000204619F0BFFF3146A060204619F0C8FF76
:1010A000384615F069FA10BB154A1949164840F23E
:1010B000311319F07EFF3946164819F07AFF40F2D5
:1010C0003111BDE743F0020301F822304846E369DD
:1010D000A568984729460246204619F09BFF00253F
:1010E000A060DDE71D46A946DAE70546FBE788F381
:1010F0001188BFF36F8F002D8BD14846BDE8F88370
:101100006B150300981503001C120300AD150300B6
:10111000C3150300DA1503002DE9F0410446C36945
:1011200008460D46984704F114060746EFF3118868
:10113000402383F31288BFF36F8F304615F00EFA09
:1011400068B9284A28492948882319F032FF3146CE
:10115000274819F02EFF8821224819F021FF304638
:1011600015F020FA2B786FF300032B7023699B078F
:1011700005D5E268236A03EB82039D4222D12B78D6
:101180006FF341032B70D4E90231994204D13A46FE
:10119000204619F03FFFA0603946204619F048FF6D
:1011A000304615F0E9F990B90E4A12490F4840F25D
:1011B000311319F0FEFE31460F4819F0FAFE40F2E5
:1011C0003111C9E72B6867F39F032B60E8E788F3C9
:1011D0001188BFF36F8F04F12C00BDE8F04113F0CC
:1011E0005DB800BF6B150300981503001C120300C7
:1011F000AD150300C3150300DA15030070B50446EE
:1012000000F11405EFF31186402383F31288BFF336
:101210006F8F284615F0A2F968B91B4A1B491C4874
:10122000882319F0C6FE29461A4819F0C2FE882103
:10123000154819F0B5FE284615F0B4F92369A068E1
:1012400013F0080F02D16368984213D9646A241A14
:10125000284615F091F978B90B4A0F490C4840F22D
:10126000311319F0A6FE29460C4819F0A2FE40F2EF
:101270003111DDE71C1AEBE786F31188BFF36F8F9E
:10128000201E18BF012070BD6B15030098150300C8
:101290001C120300AD150300C3150300DA1503008B
:1012A0002DE9F84F04460846A38B1907154612D4BA
:1012B000022803F0070165D1204619F0FAFF88B132
:1012C0000138042800F23781DFE810F05C003501B6
:1012D0008200D400040101280CBF43F0100143F048
:1012E0002001A1831434204615F046F9002840F06F
:1012F0009D819A499A4A9B4840F2311319F059FE50
:101300002146B1E003F00702501F01281ED800203B
:10131000062A2768C4E9000014D13A4603E0E08BAE
:101320000130E0831268002AF9D123F0070343F06B
:101330000202A283204619F0BCFF90B342F02002C3
:10134000A2832EE023F007039AB2F2E7042A33D1F6
:1013500023F007039AB2A283204619F0AAFF10B126
:1013600042F02002A283A38B03F00709894540F0D5
:10137000EC80A18BCA0640F1508121F01003A383B9
:1013800001F00701D4F81880A38BB8F1000FB9DA87
:101390000022276823F00703C4E9002243F0010379
:1013A000A383A38B03F00709894540F0CF80002F6A
:1013B000DFD00026B24644E06B496C4A694840F2EF
:1013C0001B1319F0F6FD40F21B11684819F0E8FDF7
:1013D00049B16749654A63484FF4AB7319F0E9FDB9
:1013E0004FF4AB71F1E723684BB962495F4A5D483E
:1013F00040F2571319F0DDFD40F25711E5E723697C
:101400001E684EB95C49594A56484FF4AD7319F0FD
:10141000D0FD4FF4AD71D8E7A38B23F0070343F061
:1014200006039BB2A3830F4688464FF00609A268C5
:10143000002A40F08D80002F40F08D80002E98D043
:10144000BA4643F0080304F1140BA383584615F081
:1014500093F8002840F09A804049414A414840F2C0
:10146000311319F0A6FD5946444819F0A2FD40F287
:101470003111ADE0022909D041493C4A394840F2D6
:101480005D1319F096FD40F25D119EE7E78B4FB1B9
:101490003C49364A33484FF4AF7319F08AFD4FF494
:1014A000AF7192E723695E684EB933492F4A2D48E0
:1014B00040F2611319F07DFD40F2611185E7A38BC5
:1014C00023F0070343F004039BB2A383B8464FF015
:1014D0000409ACE7012909D02B49244A21484FF4DB
:1014E000B27319F066FD4FF4B2716EE723684BB921
:1014F00020491E4A1B4840F2651319F05AFD40F27C
:10150000651162E723699E684EB91B49174A154861
:101510004FF4B47319F04DFD4FF4B47155E7A38B3C
:1015200023F0070343F005039BB20027A383B846CB
:101530004FF005097BE70C490C4A0A4840F26B134F
:1015400019F037FD40F26B113FE7002700266EE7E8
:101550004FF0010A75E7924673E700BFC315030019
:101560006B1503001C120300C2540300EF150300A7
:10157000141603002016030043160300DA150300B7
:101580005A160300701603007F16030085F31188B6
:10159000BFF36F8FBAF1000F1CD177BB16B126498C
:1015A0002046B047EFF31185402383F31288BFF341
:1015B0006F8F584614F0D2FF38BB204A204921488B
:1015C000882319F0F6FC59461F4819F0F2FC8821CF
:1015D0001A48FBE6A1680029DFD00D680029DCD09D
:1015E000D1F804A043464A462046D0471DB12B6897
:1015F00029461D46F2E72B46FAE7394643464A4656
:1016000020463F6819F081FEC7E7584614F0CAFF2C
:10161000A38B23F00803A383ABE68B067FF562AEB2
:1016200021F02003A38301F0070145E685F311882B
:10163000BFF36F8FBDE8F88F4D1601006B150300E7
:10164000981503001C120300AD150300F8B50446FD
:101650000D4600F11406EFF31187402383F312883F
:10166000BFF36F8F304614F079FF68B90C4A0D490B
:101670000D48882319F09DFC0C48314619F099FC5F
:101680000748882119F08CFC304614F08BFFA561C7
:101690003A4620460121BDE8F840FFF701BE00BFF1
:1016A0006B150300981503001C120300AD15030011
:1016B0002DE9F04704460F4619F017FE051E68DBBA
:1016C00004F11409EFF3118A402383F31288BFF366
:1016D0006F8F484614F042FF804660B9384A394956
:1016E0003948882319F065FC4946384819F061FCEF
:1016F0008821334842E0484614F054FFE38BA68B20
:101700004FF6FF72934206F0070645D0022E15D120
:101710000133E3833546484614F02EFF002841D1BB
:10172000274A2B49284840F2311319F042FC494618
:10173000284819F03EFC40F23111DAE7062E13D8A2
:10174000DFE806F0092D1212090409006FF0850583
:101750004FF00008DFE700233B60636883B9C4E90A
:10176000007786B13546F3E71B4917481B4A4FF40B
:10177000E47319F01EFC19484FF4E47119F010FCE1
:101780001F606760EDE7524602212046FFF788FDA3
:1017900035462846BDE8F0876FF00A05D8E76FF0B8
:1017A0000405D5E78AF31188BFF36F8FB8F1000FF6
:1017B000EFD0002332463946204619F0A6FDE8E76F
:1017C0006B150300981503001C120300AD150300F0
:1017D000C3150300DA1503007F160300EF1503009D
:1017E00008B54268816002F00302022A03460AD06B
:1017F000032A4FF0000103D0012A0AD1596006E004
:101800001868596008BD186800225A6058B900204D
:10181000F8E706490648074A452319F0CAFB054878
:10182000452119F0BDFB15F065FDF0E7C25403003A
:101830001C120300951603002DE9F04F1F46826924
:10184000036804468DB0806B4FF0000A07FB023836
:1018500083689B687BB341469847054680B9E36B34
:10186000D4F818901E685979764206F020060DF1DA
:10187000100B324658461EF063F8B9F1000F03D141
:1018800028460DB0BDE8F08F4E45314628BF494689
:101890000191CDF800B052463B462046039119F025
:1018A0008FFD58B90399A9EB010911EB0A018A468A
:1018B00047F10007E1E76FF05705E1E7044A054803
:1018C000434601211AF0C0F96FF00505D8E700BFC3
:1018D000C2160300F4FE02002DE9F04FA1B0044649
:1018E00002AF00F1240840461DF0EFFDA06B8368B5
:1018F000DB6898470246E06358B98C4A8C4801215E
:1019000019F05CFD6FF0150B58467C37BD46BDE8FD
:10191000F08F102119F0B2FD20641368013B1F2BDA
:1019200001D9844AEAE7A06B216807F11C021CF088
:1019300082FF08B1804AE1E7A2693AB13B6AB2FB93
:10194000F3FA03FB1A2ABAF1000F01D07B4AD5E75C
:10195000236C03EB83039A4204D2794A7448012131
:101960001AF072F9E369012B01D8764AC6E7002222
:101970000023C7E90223C7E904234FF0FF324FF0E9
:10198000FF3340464FF0000912F024FA07F14805F2
:10199000C7F8049007F15806E36999450BD3E3694A
:1019A000534551D17A68002A4ED1404619F070FD56
:1019B0006FF02C0BA8E7226CA1695000884294BFFD
:1019C0004B46A9F10103A1EB4202C7E902232046DD
:1019D000CDE9006519F0E8FDB0F1000B47DB97F8A1
:1019E000593084F82030BBF1010F2AD17B6E03F40B
:1019F0007F42B2F5844F0AF1010A0ED1DBB2012B0E
:101A00000AD0514A59464A4819F0D8FC404619F0C4
:101A10003FFD6FF0070B77E77B6007F10801204679
:101A200019F0C1FCCDE900652046D7E9022319F081
:101A3000BBFDB0F1000B1ADB97F8593084F8203069
:101A4000ADD009F10109A7E799455ED1D7E9022395
:101A5000216C07F13805521A4FF0100101910095E1
:101A600063F10003204619F08EFC834618B140460E
:101A700019F00EFD48E794F82010284619F0D9FC1B
:101A800020B907F10801204619F08DFCD7E9029A28
:101A900007F1480307F15805019300954A4653465C
:101AA000204619F05DFD83460028E0D1284619F054
:101AB000D1FC58B17B6E03F47F42B2F5844F15D14F
:101AC000DBB2012B12D0204A01219CE74A46534643
:101AD0002046FFF7B1FE83460028C8D14A46534648
:101AE000204619F06FFE83460028C0D104F1200380
:101AF00000934A465346204619F014FD10F1020F98
:101B0000834610D1002384F8203007F1100207F13A
:101B10000801204619F0BEFC0546B8B1404619F050
:101B2000B7FCAB46F0E60028EFD0A0E707170300AC
:101B3000F4FE020029170300461703005E17030096
:101B4000721703009D170300DE170300D7E9022375
:101B5000C4E90223D7E90423C4E90423102607F1CA
:101B60002805D4E90223D4E90401824273EB010180
:101B700010D3CDE90056204619F005FC8346002815
:101B80007FF475AF94F82010284619F052FC002815
:101B900040F0BC80226CA369E16852009B1A61F19D
:101BA0000001C7E90231204607F1080119F0FBFBEB
:101BB00007F14803019307F158030093D7E9022383
:101BC000204619F0F1FCB0F1000BFFF650AFBBF16D
:101BD000010FD4E90236256C54D197F8592084F8C6
:101BE0002020ED1846F100064FF0100A07F16809B1
:101BF000226CA369A3EB42039D42C7E9025619D2A6
:101C0000CDE9009A2A463346204619F0BCFB8346AC
:101C100000287FF42CAF97F86910484619F009FCAA
:101C2000002800F08480B7F86A30002B7FD1FB6E6B
:101C300001337CD1484A4948032119F0BFFBD4E95C
:101C400002232046FFF7F8FD834600287FF40FAFFC
:101C5000D4E90223204619F0B5FD834600287FF41D
:101C600006AF226CA36902EB42029B1AE2681B18C2
:101C7000C4E90402A360204619F067FE83460028E9
:101C80007FF4F5AE236CA269A16803EB4303D21A7B
:101C9000914252D0404619F0FBFB012384F82130D9
:101CA000D4E906232D48009203212D4A19F0D6FFCE
:101CB000E9468AB0D4E9023202ADA8460026294995
:101CC00069614FF0060AC5E90626C5E9083648F8F5
:101CD00010AF2248334642464FF4435100F018FDFE
:101CE000CD46D4E904328AB01F496E62C5E90512B7
:101CF000C5E90763C5F810A01848334642464FF4BB
:101D0000435100F005FDB346CD46FDE5D4E902326E
:101D1000D4E904018A4208BF834201D1798DB9B95F
:101D2000216C5B1A62F10002C4E9023219E7236CEC
:101D30005B191D4646F100065AE7204619F07FFD63
:101D40008346404619F0A4FBBBF1000FA5D0DBE5AC
:101D50006FF01C0BF5E700BFFB170300F4FE020059
:101D600022180300391803004F1803002DE9F04F23
:101D70001E4690F821308FB005468946904653B9EB
:101D8000684A6948012119F019FB6FF00C042046DC
:101D90000FB0BDE8F08FC06B314619F06FFB2B6CB4
:101DA000AA6903EB8303D21A9642074600F2B78072
:101DB000B6F5803F80F0B3801EB1B8F1000F00F09F
:101DC000AE80D5E9022304A9039106A90291CDE9C9
:101DD000002349462846CDE9042319F050FC041E8F
:101DE000D5DB64D0082EBDF81A100FD9089A059BD0
:101DF00004928E4206D1CDE90086284619F0E0FA19
:101E0000041EC4DD47B12B6C1F4406E0002E41D0F8
:101E1000B14243D0002F51D1002705F1240B4FF0E0
:101E2000FF324FF0FF33584611F0D4FF4FF0000A55
:101E3000EB69534570D0D5E90231002B55D0D5E977
:101E40000442381942F10002834291414DD32A6C79
:101E5000934201D1002E48D1102200210AA81DF082
:101E60006FFD95F82030CDF82C90082EADF82A6043
:101E70008DF8293024D90AA80C9419F0D1FA3246E9
:101E80004146284619F048FD0446F8B1584619F075
:101E9000FFFA7CE70029BDD1344678E73246414657
:101EA00008A81DF055FD04460028B3D16FE7002EA9
:101EB0003FF46DAF002FAFD0082EA4D82F6CACE745
:101EC000731E072B0BD90AA819F0AAFA0AA92846EB
:101ED00019F05FFC002814BF04463446D6E73246AA
:101EE00041460CA81DF004FDEDE7284619F0BFFCA3
:101EF000044630B10D4A03460B48012119F0A4FEF7
:101F0000C4E7284619F021FD044610B1084A0346EB
:101F1000F2E70AF1010A8BE76FF01B04B6E76FF0F6
:101F2000150434E7F3160300F4FE020064180300FE
:101F30008E1803002DE9F04F15468BB0984600220D
:101F40000023CDE9042390F8213004460E464BB916
:101F50002B482C4A012119F031FA6FF00C000BB01C
:101F6000BDE8F08FD0E902234FF000090DF1100A0F
:101F70000DF1180BCDE902BAD4E90201CDE9000157
:101F800031462046CDE9042319F079FB0028E6DB31
:101F900010D051462046059F09F1010919F02DFB8B
:101FA0000028DCD114994945DDE90423E2D2079ADF
:101FB000B24202D06FF00100D1E7BDF81A60002EE6
:101FC000F8D0082E0AD83DB1B045424608A928BF2E
:101FD000324628461DF08CFC3046C0E7089A002D9A
:101FE000FAD00244464594BF0196CDF8048000958E
:101FF0003B46204619F0C7F90028EDD0AFE700BFF7
:10200000F4FE0200F316030030B51049104889B001
:1020100000221DF0BBFB0F4D0F4900220023CDE92C
:10202000062300240E23CDE90334CDE901440B4BF4
:1020300000944FF40062284613F0A2F8084928469D
:102040001DF0F7FA204609B030BD00BFA9210100FC
:10205000D8210020501D0020C04E0020AD240100DA
:10206000BE1803002DE9F047DFF858800446074604
:102070004FF0010914B93846BDE8F08794FAA4F589
:10208000B5FA85F509FA05F32E0108EB05156FEA97
:10209000030A24EA03042B7B002BEBD058F806300C
:1020A0001B694BB94644042273682846196807EA3D
:1020B0000A0700F007FBDDE7284698470028D9D13A
:1020C000F0E700BF5CFF02002DE9F047DFF8B890B1
:1020D0002E4CA9EB04038F2B80460F460BD92C49BD
:1020E0002C4A2D4840F23F1318F063FF40F23F1195
:1020F000284818F055FF294819F025FD064660B319
:1021000000252846BDE8F087237B6BB12368DB6898
:102110000BB12046984723681B69B3B96368042252
:102120001968204600F0CEFA013610344C4518D913
:102130001B49184A18484FF4A67318F03AFF19487B
:1021400018F037FF4FF4A671D2E7204698470028D1
:10215000E4D00AFA06F31D43E6E705464FF0010A0C
:10216000E4E7D1D3B8F1000FCBD0002DC8D028467A
:10217000FFF778FF0546002FF7D000214FF4A47039
:1021800013F0FAFFF1E700BF6CFF02005CFF0200F2
:10219000F3180300C61803001C12030008330020C4
:1021A0002319030044190300014812F077B800BF57
:1021B000940D0020014B53F820007047E402030007
:1021C00008B5034608462BB1044A136000F04CFDE5
:1021D000002008BD6FF01500FBE700BF3C090020A0
:1021E00010B5044C237813B9034812F057F80123B3
:1021F000237010BD55480020940D002010B50446F2
:102200000B4819F0A0FC5CB1BFF35B8F094B53E89E
:10221000001F013943E80012002AF8D1BFF35B8F99
:1022200005481DF0BFFA0548BDE8104012F036B869
:102230000033002004330020D8210020940D00201A
:102240000020064BBFF35B8F014653E8000F43E8C5
:102250000012002AF9D1BFF35B8F704700330020D2
:1022600070B5FFF7EDFF104C104E0546B44219D97A
:102270000F49104A104840F2FF1318F09AFE0F4819
:1022800018F097FE0B4840F2FF1118F089FE6368C2
:102290005B792BB123685B6813B1294620469847C8
:1022A0001034E3E7F3D370BD5CFF02006CFF020063
:1022B00023190300C61803001C120300441903006D
:1022C00010B5044C04492046FEF752FD034B1C6038
:1022D00010BD00BF300C0020D0020300F8320020F7
:1022E000084A094808B500231370084A1360084AD1
:1022F0004FF400411360FFF763FFBDE80840FFF7AC
:10230000DFBF00BF5648002043BB0200003300205F
:10231000043300200146002201480023FEF75ABD85
:10232000300C00200148FEF76FBE00BF300C0020CB
:10233000024B01461868FEF7EFBE00BFF8320020DE
:102340000148FEF75BBF00BF300C002070B5304B7A
:10235000187800285BD0FFF7E5FF054660B3BFF3B0
:102360005B8F2C4B53E8001F013943E80012002A11
:10237000F8D1BFF35B8F284C284EB44218D92849B6
:10238000284A294840F2F31318F013FE274818F0A2
:1023900010FE244840F2F31118F002FE63685B79E6
:1023A00023B1236829461B68204698471034E4E788
:1023B000F4D32846FFF7BCFF1D4B1E4C1B68002BB7
:1023C00019DD1DF09CF94FF47A72A0FB020302FBA9
:1023D0000131C30BD4E9002043EA41439B1A4FEA81
:1023E000D13140F2E93261EB0001934271F1000119
:1023F00001D3FFF735FFD4E9003213F57A7342F1C8
:102400000002C4E90032BDE87040FFF799BF70BD1B
:1024100055480020043300205CFF02006CFF0200DE
:1024200023190300C61803001C12030044190300FB
:1024300000330020D021002070B5154D297829BB2C
:102440000120FFF741FE134C134EB44217D9134934
:10245000134A14484FF4DC7318F0ABFD124818F01F
:10246000A8FD0F484FF4DC7118F09AFD63685B79A2
:102470001BB1236820469B6898471034E5E7F5D3E5
:10248000FFF764FF0028FBD101232B7070BD00BF54
:10249000564800205CFF02006CFF02002319030075
:1024A000C61803001C120300441903002DE9F0476D
:1024B000304B314FFB1A1B090BD13049304A3148A0
:1024C00040F2923318F075FD40F292312C4818F02A
:1024D00067FD00210846FFF7F7FD044650B340F2C0
:1024E00067684FF000091DF0C1FA274B274A1B58B7
:1024F000136033B1264B1B68092B02DD254811F010
:10250000CDFEDFF890A0002544B12046FFF7AAFDDC
:10251000044618B94FF0FF384FF0FF39FFF716FFA8
:10252000064628B95DB942464B46504611F0F8FEC2
:102530003546E9E74FF0FF384FF0FF39D3E70D4D4F
:1025400008E0F0D22B689B691BB100221146284697
:1025500098471035BD42F4D90F49094A094840F25D
:10256000863318F026FD0D4818F023FD40F2863121
:10257000ACE700BF5CFF02006CFF020063190300C0
:10258000C61803001C12030008000000FC320020E3
:1025900004330020940D0020231903004419030084
:1025A00013B52C4819F0CFFA2B4B1B78002B35D0E4
:1025B000EFF31184402383F31288BFF36F8F274812
:1025C00013F0CCFF68B9264A26492748882318F01B
:1025D000F0FC2249254818F0ECFC8821204818F02E
:1025E000DFFC1E4813F0DEFFFFF7B0FE1B4813F0C0
:1025F000C3FF68B91A4A1E491B4840F2311318F04C
:10260000D8FC16491B4818F0D4FC40F23111E5E71C
:1026100084F31188BFF36F8F02B010BD164B1B6897
:10262000002BF9D050B900220023CDE90023134834
:102630004FF40042002314F0E5FAEDE70928EBD14E
:102640000E481DF0AFF80E4802B0BDE8104011F082
:1026500025BE00BF0433002056480020F43200207D
:102660006B150300981503001C120300AD15030041
:10267000C3150300DA150300FC320020D821002026
:10268000940D002010B5064B1B6804469847214660
:10269000A0600448FEF760FCBDE81040FFF780BF73
:1026A0003C090020300C0020044A054B9B1AB1EB7A
:1026B000D30F34BF52F831000020704724FE0200CF
:1026C0005CFF02000E4BC31A1B11013310B5DBB2C5
:1026D00048B90C490C480D4ADF2318F06AFC0B4836
:1026E000DF2118F05DFC4468237143689A714368E8
:1026F0001960436801225A71BDE81040FFF770BDB0
:102700005CFF0200031A03001C120300CB19030034
:102710002DE9F04F8FB004AFC1F34A28B8600D46E1
:1027200091467B600C0DB8F1000F68D0002607F1D0
:1027300014034FF0040B4FF00A0AC7F80C80C7E9E6
:1027400007667E620193CDF808B0CDF800A007F1CE
:102750001C03F96832464846FEF798F8B0F5006F5A
:1027600003461CD36C468AB0D9F8041004AB2C483D
:10277000C3E9050140F2FF71D9611A464FF40071B7
:102780001984284B42F8103F274833464FF4125122
:10279000FFF7BEFFA5462C37BD46BDE8F08FC0F35E
:1027A0000A0804F11700184420F0070080083B6075
:1027B000FFF7B0FD68F35325044640B33B681B4A5E
:1027C000C7E9083600F1100107F11403F961CDE9FA
:1027D00000A3CDF808B0F96807F11C034846FEF7DE
:1027E00055F8002813DA12491248134A4FF4A3731C
:1027F00018F0DFFB10484FF4A37118F0D1FB04F17F
:10280000170020F007008008FFF784FD044668F3F6
:1028100053257B68B9682A46204619F0BCF9BAE707
:10282000231A030004000001FCFE02006BBB02003F
:102830008E1A03001C120300621A0300406820B1C4
:10284000034BC01A40F3CF0070474FF0FF30704782
:1028500024FE02000EB403B503AB014653F8042B6B
:102860000448019301F00EFE02B05DF804EB03B0E2
:10287000704700BF95280100CA0605D48B064CBFDF
:1028800002490349FFF7E6BF704700BF9B260300DC
:102890008710030038B54B681A68CB689A42054622
:1028A0000C4602D1084619F0F3F96368BFF35B8F59
:1028B00053E8002F511C43E800100028F8D1BFF363
:1028C0005B8FA3689D5463681A68E3689A4209D9CC
:1028D00005490648064A7B2318F06BFB04487B2118
:1028E00018F05EFB002038BDC61A03001C1203005E
:1028F000971A03002DE9F04F89B09B46149B06936D
:102900009DF84CA0159B0593169B179E04930446B7
:102910000D469046BAF1000F00F0AD80BAF1040FF9
:102920000BD9A349A34AA44840F24D2318F041FB18
:1029300040F24D219F4818F033FB06F48073079353
:1029400019F011F906F00209024600283FD09B4910
:102950002046FFF77FFF0746B9F1000F08D016F0B9
:10296000440F36D196492A462046FFF773FF0744A5
:1029700006F0010353B1934B934953F82A20934B2C
:102980002046002A08BF1A46FFF764FF06F480734A
:10299000002B4AD006F00803002B64D1B8F1000FD9
:1029A00067D08B4942462046FFF754FF0546069BF9
:1029B0003D44002B6ED1049B002B40F08380F30735
:1029C00000F1F08031462046FFF756FFE4E007466D
:1029D000C2E7804B18680028C9D07F4B4FF47A7942
:1029E0001B68B5FBF3F54FF46161B5FBF0F300FB39
:1029F000135509FB05F54FF03C0CB3FBF1F201FB5D
:102A00001231B5FBF0FEB1FBFCF300FB1E550CFBD5
:102A1000131109FB05F50091B5FBF0F56F49CDE900
:102A200001E52046FFF716FFA1E706F00803EBB12A
:102A30006B4B6C4953F82A202046FFF70BFF0546E5
:102A4000B8F1000F05D0624942462046FFF702FF69
:102A50000544BBF1000FAAD063495A462046FFF750
:102A6000F9FE0544A3E74FF0000BE1E706F0080587
:102A7000E6E745469BE7BBF1010F069B06D1DBB9B4
:102A8000049B002B00F0888000251BE0002BF7D072
:102A9000564812E05648069B5649224618F01BFA43
:102AA00000280CDA5449434A434840F2A72318F05F
:102AB00080FA40F2A7213DE74D485546EBE7049BDD
:102AC000002B65D0DFF83481DFF83491049F314664
:102AD000102F204628BF1027FFF7CEFE4FF0000B27
:102AE0005D4542DC059B49461A782046FFF7B2FE59
:102AF0004FF0010B1BF0070F03D141462046FFF7B3
:102B0000A9FE5F4538D9059B494613F80B2020469E
:102B1000FFF7A0FE0BF1010BBBF1100FEAD1394911
:102B200020464FF0000BFFF795FE5A46059B9A5C36
:102B3000A2F120015F2928BF2E2233492046FFF74A
:102B400089FE0BF1010BBBF1100F1AD01BF0070F20
:102B500003D141462046FFF77DFE5F455A46E5D842
:102B600041462046FFF776FEEBE741462046FFF759
:102B700071FE0BF1010BB3E724492046FFF76AFE13
:102B8000C8E7059B3B440593049BDB1B04939DD145
:102B9000BAF1000F7FF413AF204609B0BDE8F04F43
:102BA00019F076B8094A08492046FFF753FE09E7AD
:102BB000FB1A0300971A03001C120300071B0300F3
:102BC0000B1B0300F4020300AD2D0300F61A0300F3
:102BD000301B0300103300200C330020141B0300B3
:102BE00008030300341B03003A1B0300ABBC0200C4
:102BF00095280100854401003F1B0300501B030082
:102C0000481B0300521B0300B00F03004E1B0300C0
:102C100073B542F20F738B4228BF0B4605680F4A0B
:102C200004460521684617F0FFFB63680C495B68A2
:102C300006460B22284619F01DF86368324669469D
:102C400028465B6819F016F8636806495B681B2222
:102C5000284619F00FF802B070BD00BF910E0300B6
:102C6000701B0300541B0300074A002101239042FC
:102C700006D8064A01B901231360054B1860704756
:102C800040085B000121F2E740420F000C330020B6
:102C900010330020014B01221A7070475748002062
:102CA000014B002019607047283300200148FFF7CE
:102CB000AFBF00BF3803030010B5064B18680C46C1
:102CC000FFF778FA21460346BDE8104002480F227C
:102CD000184700BF2833002038030300F8B5094D1A
:102CE000094B0A4ED5E9004701221A700CB92C6035
:102CF000F8BD214630463A4600F01EF8241A064434
:102D0000F4E700BF1C330020584800205948002039
:102D100010B9074B18707047064B1B781BB141F276
:102D200088301CF065BBA420002113F025BA00BF39
:102D300057480020584800202DE9F843DFF87490E8
:102D40001D4F80460E46042499F8005095B910F0A6
:102D5000AFFB28463246414610F05CFB054610F0BA
:102D6000B1FBE5B101233B7099F8003073B93046EF
:102D7000BDE8F88332464146002010F04BFB054683
:102D8000EFE72046FFF7C4FF651E2C46002010F039
:102D900085FB0028EBD03B78002BF2D1E7E73B78AE
:102DA000002BE4D0013C2046FFF7B2FF3B78002B1C
:102DB000CAD1DCE75848002057480020014B036087
:102DC000002070474803030070B5114B1C680D4686
:102DD000DCB1104B196800238B4202DB6FF001005D
:102DE00070BD224612F8106B864202D001331446A1
:102DF000F2E7E06810B96FF01200F1E71CF0FCFA9E
:102E00000028F8D02C600020EAE76FF00C00E7E71C
:102E10007C090020C003030070B588B005460C464D
:102E2000C0B269461646FFF7CFFF00281BDB0098AB
:102E3000C8B143680293836822680195CDE90336DF
:102E40000023CDE906230593C56818F071FF6DB125
:102E50002846084901AA1BF0F2FC079808B9059B0F
:102E6000236008B070BD6FF01500FAE76FF0120034
:102E7000F7E700BF33BD02002DE9F0410F4B1C689E
:102E800005460E461746ACB14FF0FF324FF0FF3308
:102E90000B4810F09FFF63683246D3F8088029463C
:102EA0003B462046C0470446054811F063F82046DB
:102EB000BDE8F0816FF00104F9E700BF2C3300207A
:102EC000540D002000230360044B5A6812B9C3E973
:102ED0000000704710605860704700BF303300201A
:102EE000014B1860704700BF2C33002030B585B00F
:102EF00000230546CDE9023301904FF0FF330C4823
:102F00004FF0FF3210F066FF0A4B1C684CB92846A0
:102F100000F0F6F80446064811F02CF8204605B0FB
:102F200030BD636820461B6801A998472468EDE717
:102F3000540D0020303300201FB5CDE9010103926C
:102F40004FF0FF330A484FF0FF3210F043FF094BB8
:102F50001C682CB9064811F00DF8204604B010BDCD
:102F6000636820461B6801A998472468F1E700BF01
:102F7000540D002030330020024B0022C3E9002210
:102F8000704700BF30330020024B0022C3E900220B
:102F9000FFF7F2BF383300202DE9F74307460C4610
:102FA00009B100230B60264DDFF8989000264D45AF
:102FB00024D92549254A2648942317F0FAFF2548A5
:102FC00017F0F7FF2148942117F0EAFFD5F80080A9
:102FD00001AA4146384618F0D5FE50B116B954B989
:102FE0002E4606E031680022404618F0CBFE00284D
:102FF000F5D11435DBE7019B2360F1E7E6D3164BEF
:103000001D68C5B155F8148C01AA41463846143DD7
:1030100018F0B8FE50B116B954B92E4606E0316822
:103020000022404618F0AEFE0028F5D16D69E8E7B1
:10303000019B2360F1E7304603B0BDE8F08300BF99
:103040006CFF0200E4FF0200DE1B0300AC1B030068
:103050001C12030044190300383300202DE9F04707
:1030600084B002AF0446D7F8289078600D46164623
:103070009846B9F1000F07D0D9F8001031BBD9F844
:1030800004A0BAF1000F28D1391D2046FFF784FFB4
:1030900008B3D0F808907868434632462946C847B6
:1030A000C8B16D468AB002AA124BD061C2E905349C
:1030B0004FF400731384104B42F8103F0F48002365
:1030C0004FF41151FFF724FBAD4604E03A1D18F010
:1030D00059FE0028D3D1002007E0D9F8083000932A
:1030E0007868434632462946D0470837BD46BDE892
:1030F000F08700BF061C03000400000144FF02002B
:10310000F8B51F4C1F4F06460025BC421FD91E496B
:103110001E4A1F48F42317F04CFF1E4817F049FFC2
:103120001A48F42117F03CFF2EB9E3685BB9284632
:1031300014340546E9E720680022314618F022FEE3
:103140000028F2D1F3E79847002DF0D1F0E7EBD358
:10315000114B1C6894B1143C1EB9E3684BB9646907
:10316000F8E720680022314618F00CFE0028F4D160
:10317000F5E79847002D08BF0546F0E72846F8BD5B
:103180006CFF0200E4FF0200DE1B0300AC1B030027
:103190001C120300441903003833002038B50C4DCD
:1031A0000C484FF0FF334FF0FF3210F013FE2B7836
:1031B0003BB9FFF7E9FE00F065F8044610B90123BA
:1031C0002B700024034810F0D5FE204638BD00BF08
:1031D00069480020540D00202DE9F047046DDFF808
:1031E000A0A098B006468946013400F10807651E84
:1031F000B5F1004F42D04A2305AA2946384618F0B7
:1032000078FC04F18044013C80462146384618F0A1
:103210007DFCB8F1000F014610DC002810DC336D96
:10322000AB4209D132466B1E42F8503F4FF000418D
:1032300004233846FEF79AFD2C46D8E7002808DC20
:103240002946384618F051FC2146384618F04DFC06
:10325000E5E708F160030DEB0308002308F84C3C98
:103260005246CDF8009003AB05A8CDE90374FFF7F3
:10327000F5FE0028E0D018B0BDE8F0870020FAE79E
:10328000F5BD02007FB50125694628460195FFF787
:103290009BFD044648BB02AA01A92846FFF7BCFDD6
:1032A000044610B110F10C0F1FD1009903988C68DF
:1032B000002213460244944202D30133082BF9D171
:1032C0000B4DC5E908034B68AB602846CB686B65BE
:1032D00018F021FE044640B9064E6E602846FFF7FE
:1032E000F1FD28466E60FFF7FBFD204604B070BD7F
:1032F000102200204009002008B5054817F043FEC1
:10330000044817F040FEBDE80840034817F03BBEF4
:103310002B1C03005F1C0300921C0300034B9B68E3
:103320001BB1481E18BF01201847704740330020CA
:1033300010B51C46034B1B6811460BB1224698473B
:10334000204610BD40330020024B5B6803B1184794
:10335000704700BF4033002030B1044B02681A6050
:1033600042685A6082689A600020704740330020AB
:1033700070B586B00E4615460021044618226846F0
:103380001CF0DEFA0B490C4BADF80C50CDE90116E0
:1033900004932CB96946204608F086FC06B070BD3F
:1033A0000122204608F06EF90028F3D16FF01500D5
:1033B000F4E700BF70030300493301000449431ED2
:1033C0000F3013F8012F8A5C1A708342F9D17047CD
:1033D0001C1D0300F0B5264E07460C460FCE8DB0DF
:1033E00001AD0FC50FCE0FC596E8070085E80700B1
:1033F0003846002F38D0002C38D0381F21460246DE
:1034000010344B780D781B0443EA0563CD782B43C9
:103410008D78043143EA05238C4242F8043FF0D111
:10342000144C04218A07036916D1C3F30742A55C33
:103430001A0EA25C42EA0562C3F30725DBB2655DA2
:10344000E35C42EA054242EA032221F003033033FF
:103450006B4453F82C3C534050F8042F0131534037
:103460002C290361DED101200DB0F0BD2046FBE721
:10347000040003001C1D0300014814F0D3BB00BF6F
:10348000F403030038B5044618B90F4B0F485B68C6
:1034900098476168B1F5683F10D0B1F5680F0DD05D
:1034A0000B4DA9420AD011F46861206807D001468B
:1034B000084810F0E9FB00232360656038BD142242
:1034C0001CF03EFAF9E700BF980B00201C1E030019
:1034D0002C5F5CA94C38002008B520B34368B3F5D5
:1034E000683F10D101220368BFF35B8F53E8001FD0
:1034F000002903D143E800200028F7D1BFF35B8FF8
:103500000DD1002008BD094A93420AD000684FF04F
:10351000FF324FF0FF3310F05DFC0028F1D004487B
:10352000F0E70448EEE76FF4E040EBE72C5F5CA9BE
:10353000E98FFFFFEA8FFFFF08B5D8B14368B3F505
:10354000683F10D100220368BFF35B8F53E8001F70
:10355000012903D143E800200028F7D1BFF35B8F96
:103560000BD1002008BD074A934208D0006810F034
:1035700001FDF6E76FF4E040F4E70348F2E70348A3
:10358000F0E700BF2C5F5CA9E98FFFFFEA8FFFFF28
:1035900010B5044618B91D4B1D485B689847636811
:1035A000B3F5683F2FD0B3F5680F2CD0194A93427A
:1035B00019D1236803BB18484FF0FF324FF0FF3397
:1035C000214610F0D5FA08B923681BB90F4B1348F0
:1035D0005B6898472068142200211CF0B1F94FF471
:1035E0006863636008E0B3F5683F0DD83A2B03D0F9
:1035F00040F6BA629342DED120681BF066FF636832
:1036000043F03A03636010BD054AF3E7980B0020CE
:103610001C1E03002C5F5CA94C380020421E0300D6
:103620003A00003A08B506490648402314221BF028
:1036300035FFBDE808400449044814F0B7BB00BF9B
:103640004C3300204C380020FC030300100403001E
:103650002DE9F047064600AF0C46002936D0E94672
:103660008AB0D1E90012A3686D462148A8464FF000
:10367000050AC5E90501C5E9072348F810AF1D484B
:10368000424600234FF42151FFF742F8CD46D4E9DA
:1036900003126369AD461848C5F810A0C5E90501D5
:1036A000C5E907231348002342464FF42151FFF791
:1036B0002FF8CD46E369114A0E48012118F0C4FAEB
:1036C000A3690F4A0B48012118F0BEFA012E07D159
:1036D000EFF305830B4A0748103B314618F0B4FA64
:1036E000214630460FF026FFBD46BDE8F08700BFFB
:1036F0006F1E03002CFF02009E1E0300CD1E030060
:10370000DC1E03000A1F030030BFFFF7FDBF00BF30
:103710002DE9F0410B4EDFF8308006EB0807CC1B9B
:1037200005463246094920461CF0E2F8A0194246F7
:103730000021083C1CF004F96C6707F10800BDE8A3
:10374000F08100BF0000000008000000E4FF02005C
:10375000074A936893F90E10002907DB52699342D8
:103760001FBF044A536843F080535360704700BF43
:10377000983C002000ED00E070B5294C06460D464F
:103780002848294918F01DFEA36AD9043CD52548CC
:10379000264918F016FE1720A36A1A0504D52148F9
:1037A000234918F00EFE18201D4CA36A9B0512D564
:1037B0001C48204918F005FEA36BA26A100409D525
:1037C0001D4A1848012118F03FFA1EB1A36A23F4DC
:1037D0000043A3621920124CA36A590504D511486D
:1037E000164918F0EEFD1A20A36ADA050ED50D4829
:1037F000134918F0E6FD1B20094A936A43F47F43FE
:10380000936200232B7070BD1620C5E7A36A9B044A
:10381000F2D504480B4918F0D4FD1C20ECE700BF9A
:1038200000ED00E02CFF02001D1F0300331F03000A
:10383000441F0300571F0300701F0300851F030070
:10384000A01F0300B81F030010B5204C20492148D9
:1038500018F0B7FDA36A990136D51E481E4918F025
:10386000B0FD1E20A36ADA0104D51A481B4918F0DE
:10387000A8FD1F20154CA36A1B0304D51548184941
:1038800018F09FFD2120A36A590304D5114815495A
:1038900018F097FD22200D4CA36A9A0304D50D4819
:1038A000114918F08EFD2320A36ADB0304D50948D3
:1038B0000E4918F086FD2420044A936A6FEA0343F8
:1038C0006FEA1343936210BD1D20CBE700ED00E0CB
:1038D000E71F03002CFF0200FF1F0300122003005C
:1038E0002C2003004A2003006F20030089200300DE
:1038F0002DE9F8433F4D804689463F483F491746EA
:1039000018F05FFDAB6ADA0627D53D493A4818F052
:1039100058FD1124AB6A1B0704D53A49364818F004
:1039200050FD1224334DAB6A9E0718D536493248F4
:1039300018F047FD6E6BAB6A1C0646D5334A2E481D
:103940003346012118F080F9B9F1000F03D0AB6ABA
:1039500023F08003AB62132403E01024DAE76FF056
:103960001506244DAB6AD80704D52949224818F01A
:1039700028FD1424AB6A990604D526491E4818F080
:1039800020FD15241B4DAB6ADA0602D4AB6A9B07F7
:103990000AD56B68180507D54146304600F0FEFA97
:1039A000B0B180F309880224124B9A6A920642BF92
:1039B0005A6A22F400525A629A6A42F0FF029A62EC
:1039C00000233B702046BDE8F8836FF01506C2E780
:1039D000AB6AD906E8D51049104A114840F25D1388
:1039E00017F0E7FA0F4817F0E4FA0C4840F25D11BF
:1039F00017F0D6FA00ED00E02CFF0200B42003001F
:103A0000CA200300441F0300FD200300152103000A
:103A10002B210300B81F03007C2103004A2103006F
:103A20001C120300C6210300F0B5794B8BB004468D
:103A3000586800AFC0F30803002686F31188BFF36F
:103A40006F8F02F07F45B5F17F4F07D102F00C0573
:103A5000082D12D16F49704818F0B3FC6F49704AB5
:103A600070484FF48B6317F0A4FA6F4817F0A1FA6F
:103A70004FF48B616A4817F093FA15074CBF0C4658
:103A80000126002CEAD00022FA71DA1E092A00F27F
:103A90009E80DFE802F0059497779C9C9C9C9C9A02
:103AA00062495D485A4D18F08CFC0023FB71EB6AAB
:103AB0009A0705D55E49584818F083FC002329E091
:103AC000EB6A002B01DA5B49F5E7EB6A5B0069D52D
:103AD0005949514818F075FC6B69A26943F4807329
:103AE0006B61BFF34F8FBFF36F8F6B6932F8022C9E
:103AF00023F480736B61BFF34F8FBFF36F8F4DF66D
:103B000002739A4227D123684C4A4348012118F096
:103B10009BF82368FA79DAB907F1080504F1200C5B
:103B2000206861682A4603C2083464451546F7D107
:103B30007A6A002E67D0C2F3080121B96FEA5222D7
:103B40006FEA42227A6207F108011846FFF780FD0A
:103B50002C37BD46F0BDAB6ADBB233B1FA1D012193
:103B60002046FFF7C5FE0346D4E7AB6A13F47F4F48
:103B700004D0F91D0120FFF7FFFDF4E7AB6AB3F5B0
:103B8000803F02D3FFF760FEEDE72D49244A254828
:103B900040F22A3317F00DFA2A4817F00AFA40F2D9
:103BA0002A3167E726491E4A1E4840F22E3317F095
:103BB00000FA254817F0FDF940F22E315AE7FA1DB8
:103BC0000021CDE7F91D0020D5E7204973E7204A01
:103BD000204910F4F87F6D468AB018BF11466A4636
:103BE000103BD3611C484FF4007313841B4BC2E994
:103BF000050142F8103F084800234FF41151FEF729
:103C000087FDAD465AE722F4FF7222F0010299E7E0
:103C100000ED00E0172203002CFF02004222030007
:103C20004A2103001C1203005522030093220300C3
:103C3000AA220300CB220300D9220300F8220300AA
:103C4000C254030014230300382303006823030035
:103C5000FE210300E92103008C230300040000017E
:103C6000044B5A6942F010025A615A6922F0080264
:103C70005A61704700ED00E0EFF30880EFF309812F
:103C800001B57246FFF7D0FE01BD00BF002080F3F2
:103C90001488BFF36F8F0EF029F900200D490860DA
:103CA000BFF34F8F0C4880F3088800F02BF84020BA
:103CB00080F3118809484FF40461401880F30988A3
:103CC000EFF314800221084380F31488BFF36F8F51
:103CD00000F02CF994ED00E0007C0020C06D002085
:103CE0000749D1F890200023C2F3072218469342D7
:103CF00000DB7047C1F89830C1F8A0000133F6E747
:103D000000ED00E008B572B6002383F31388FFF7D7
:103D1000E7FF144B4FF0FF32C3F88020C3F8842034
:103D2000C3F88820C3F88C20C3F89020C3F89420EF
:103D3000C3F89820C3F89C20C3F88021C3F88421DD
:103D4000C3F88821C3F88C21C3F89021C3F89421CB
:103D5000C3F89821C3F89C2162B6BFF34F8FBFF31D
:103D60006F8F08BD00E100E0084B9B6883420BD1D8
:103D7000EFF3058343B1064B5A6842F080525A6014
:103D80005A6A22F400425A6212F032BA983C002079
:103D900000ED00E0094A93686FF00A01D96708490D
:103DA00098674B6843F080534B60002383F311887E
:103DB000BFF36F8F9368D86F704700BF983C0020A7
:103DC00000ED00E010B50446EFF31183402383F3C8
:103DD0001288BFF36F8F0A4B58699860094B4FF0F8
:103DE00000625A60084B426F1A600022836F82673C
:103DF00083F31188BFF36F8F00F038F9204610BDB0
:103E0000983C002000ED00E06C3800200B498A68E7
:103E10004FF030001044EFF3098C80E8F01F744637
:103E20007046FFF7CFFFA64604498A6802F13000CA
:103E300090E8F01F8CF3098870470000983C002040
:103E40001EF0040F0CBFEFF30880EFF309808169C7
:103E500011F8021C0229FFD001B518F0A7FA01BD24
:103E600040B2002807DB044A4109012300F01F008B
:103E7000834042F82130704700E100E040B2002862
:103E80000CDB4309064900F01F0020330122824069
:103E900041F82320BFF34F8FBFF36F8F704700BFF0
:103EA00000E100E0054B420900F01F0053F822201A
:103EB000012303FA00F01040704700BF00E100E06A
:103EC00038B5D30704460D4612D48B1C072B10D9E6
:103ED000114A12491248582317F06BF81148294625
:103EE0000623224617F065F80B48582117F058F8BA
:103EF000002360B20028ACBF00F160400A4A4FEADC
:103F00004313B8BF00F00F00DBB2AABF00F5614059
:103F1000135480F8003338BD9F230300D6230300D9
:103F20001C120300F123030014ED00E00B4A08B556
:103F30000B4B22F07F029A60BFF34F8FBFF36F8F5E
:103F4000D3F8882022F47002C3F888200FF018FC00
:103F500012F030FB00F060F80FF056FC000000009B
:103F600000ED00E042F8203C009B42F81C3C0A496E
:103F7000019B42F8183C029B42F8143C21F00101DD
:103F80004FF0807342F8043C42F8081C0023203AAA
:103F900002658367704700BF3D0D0100094A034673
:103FA000906870B113F1160F406E05D0A0F1400279
:103FB0009A4205D8834203D2814228BF002070472D
:103FC00000207047983C002008B515460B4A0C4B62
:103FD0009060426F1A600E4600F048F82C4686F357
:103FE00009884FF00000074B984720464FF000012A
:103FF0004FF000024FF00003034C2047983C002094
:104000006C380020D3C302003D0D0100014B10228B
:104010001A61704700ED00E0044800234021C218F7
:104020000133302B82F80013F9D1704700E100E032
:1040300008B5EFF30583064A103B02EBC30152F8C3
:10404000330049688847BDE80840FFF781BB00BFDF
:1040500018FC0200024B034A0348012100F08AB811
:10406000000004200000002020040300426E054BE5
:10407000403A1A60044A4021C3E90112184601215E
:1040800000F09EB87038002000000B1508B50346FC
:104090001048D0F89020C2F30722013A934207D982
:1040A0000D480E4A012117F0CFFD6FF0150008BD35
:1040B000C0F898300A6822F01F021A4342F010023A
:1040C000C0F89C208A6842F00102C0F8A02018467F
:1040D000EDE700BF00ED00E014FF0200352403000F
:1040E000F0B50E4685B01F4604460025B5420DDAF0
:1040F000606810B397B1431E18420AD0104A1148A5
:104100002B46012117F0A0FD6FF01502104605B0F7
:10411000F0BD1F28F2D921680B42EFD1236801932B
:1041200018F07AF9A36801A90343D0B20393FFF70B
:10413000ADFF10F1160FE7D0421C01350C34D5E766
:104140005B24030014FF0200044B0522C3F89420F3
:10415000BFF34F8FBFF36F8F704700BF00ED00E0DC
:10416000BFF35F8F024B0022C3F89420704700BF5B
:1041700000ED00E038B50D4D01232A780C46FFF71D
:10418000AFFF287016300FD1094A0A490A484FF488
:10419000B47316F00EFF0948214616F00AFF0448D2
:1041A0004FF4B47116F0FCFE38BD00BF6A48002021
:1041B0007E240300C25403001C120300AD2403003C
:1041C00010B5144A002312780C46FFF789FF10F14E
:1041D000160F08D0104A0021D2F89030C3F30723FD
:1041E000984210DB10BD0D4A0D490E4840F287136E
:1041F00016F0DFFE0C48214616F0DBFE074840F2C1
:10420000871116F0CDFEC2F89800C2F8A010013058
:10421000E2E700BF6A48002000ED00E07E240300D2
:10422000C25403001C120300D92403002DE9F04FEF
:104230007B4C7C49D4F890300D68C3F307239D4232
:1042400085B013D9784A7949794840F29F1316F01E
:10425000B0FED4F8902077482946C2F3072216F022
:10426000A8FE40F29F11704816F09AFEFFF778FF03
:1042700049680022954201F10C012DD16E4C6F4F1F
:1042800025706846FEF79AFDDFF8B481DFF8B49137
:1042900006460025AE4232D1237861490020D1F88C
:1042A0009020C2F307229342C0F2AF80FFF74CFF89
:1042B000D1F89030C3F30723082B00F0AC8062499B
:1042C000594A5B4840F20F2316F073FE5F4816F020
:1042D00070FE40F20F21C6E7C4F8982051F80C3C5C
:1042E00023F01F03134343F01003C4F89C3051F82C
:1042F000043C43F00103C4F8A0300132BAE7009A4D
:1043000002EB05132901D3F80CA00AEA0700B0F567
:10431000000F60D00AD8B0F5001F38D0B0F5800F7C
:104320004ED0B0F5801F12D00135B3E7B0F1807FD9
:104330005CD0B0F1007FF7D19868D3F804A0525850
:1043400018F06AF8CDE901A240F480200BE09868EB
:10435000D3F804A0525818F05FF8CDE901A240F05C
:10436000885040F430200390207801A9FFF78EFE9A
:10437000002846DA2D492C4A2D4840F2C91316F080
:1043800018FE334816F015FE40F2C9116BE7986825
:10439000D3F804B0525818F03FF81AF0010F40EA71
:1043A0000800CDE901B20390DED02A491E4A204818
:1043B0006D2316F0FEFD284816F0FBFD6D2152E737
:1043C0009868D3F804A0525818F026F8CDE901A255
:1043D00040EA0900C7E79868D3F804A0525818F0DB
:1043E0001BF8CDE901A240F08270BCE79868D3F8D1
:1043F00004A0525818F010F8CDE901A240F08870DE
:10440000B1E72378013323708EE7C1F89830C1F803
:10441000A000013343E7002005B0BDE8F08F00BFE6
:1044200000ED00E02C0403007E240300C2540300CE
:104430001C120300062503006A4800200000F0FF5C
:104440000000081100000202B9250300092603003C
:104450008F2503003A2503006025030008B5024BB1
:104460001B689847002008BD7C380020034B044A95
:104470001860937843F00203937070477C380020F3
:10448000A0090020F0B587B007460E46144600216B
:10449000102268461D461BF053FA02238DF80230A5
:1044A0002A46054B019321466846CDE9047616F06D
:1044B000C3F807B0F0BD00BF39C4020008B5064913
:1044C000064821F00701C1F1005202F58022FCF7F5
:1044D00043F9002008BD00BF8B97002080380020E2
:1044E00070B54169867A0B4D044659B1437ADB07B2
:1044F00006D4342303FB0653DB6A1B689B6898478A
:10450000002363613420214606FB0050BDE8704063
:104510001BF006B8300E0020024B342202FB0030A4
:10452000704700BF300E0020827A074B342101FB18
:1045300002331A6B93F824301B33801A23F00303E1
:10454000B0FBF3F0704700BF300E002038B5074BCA
:10455000827A342404FB0233DB6AD3E901240C6041
:104560001568FFF7E1FF04FB005038BD300E002056
:1045700008B5437A4BB10C490C4A0D485A2316F042
:1045800018FD5A21094816F00BFD43683BB1094953
:10459000064A07485B2316F00CFD5B21F2E7038215
:1045A0004369C36008BD00BF5E26030039260300CF
:1045B0001C1203006F2603002DE9F04F85B005465D
:1045C00068460391144699461BF09BF8DDE90067A5
:1045D00045B96549654A6648EE2316F0EAFCEE21C6
:1045E000624818E005F11C08EFF3118A402383F3B9
:1045F0001288BFF36F8F404611F0B0FF68B95D4A73
:104600005D495B48882316F0D4FC41465B4816F0B0
:10461000D0FC8821574816F0C3FC404611F0C2FF79
:10462000B5F822B0BBF1000F5CD02B8C5B4539D9BB
:104630000022002328460FF0C7FD0446002831D091
:10464000404611F099FF68B94A4A4D49484840F23E
:10465000311316F0AEFC41464A4816F0AAFC40F26F
:104660003111D7E78AF31188BFF36F8F039D002DB7
:104670006AD032463B4668461BF067F8A27A424B46
:10468000342101FB02332046DB6A1B6803A91E6844
:10469000DDE90023B0476061002845D12046FFF7DF
:1046A0001FFF3CE06C8C631E6B84404611F064FF7E
:1046B0000028C9D08AF31188BFF36F8F95F8243092
:1046C0002A8C1B33121B2C6B23F0030302FB0344C5
:1046D0002D4B2E4AEB1A9B105343A37295F82430AE
:1046E000E372C3E7404611F047FF0028ACD08AF3DD
:1046F0001188BFF36F8F54EA090308D01BF0B6F995
:10470000234A244B12589A4204BF5C46A1462246D3
:104710004B4628460FF058FD04460028A6D1002439
:10472000204605B0BDE8F08F039B9D420DD91A4984
:104730000E4A0F4840F24B1316F03BFC174816F098
:1047400038FC40F24B114BE76561012300212381C6
:10475000039BE27A6160638204F118001BF0F0F8B9
:104760002046FFF705FFDBE7B33F030039260300D0
:104770001C1203006B15030098150300AD15030010
:10478000C3150300DA150300300E0020C54EECC43B
:1047900008000000A0310020892603009A260300AB
:1047A00070B50C46054658B92849294A29484FF49E
:1047B000D37316F0FEFB4FF4D371254816F0F0FBCF
:1047C00049B92549224A234840F2A71316F0F1FBC4
:1047D00040F2A711F1E7EFF31186402383F312882B
:1047E000BFF36F8F1D4811F0B9FE60B91C4A1D4917
:1047F0001848882316F0DDFB18491B4816F0D9FB32
:1048000088211748DAE7154811F0CCFE0023236011
:104810006B689BB9C5E90044104811F0ADFE80B942
:104820000F4A12490B4840F2311316F0C2FB0B49F4
:104830000F4816F0BEFB40F23111E2E71C606C60DD
:10484000EAE786F31188BFF36F8F70BDBB330300B7
:10485000392603001C120300882C03008C3800202A
:104860006B15030098150300AD150300C315030075
:10487000DA15030070B5044658B923492348244A81
:1048800040F2B31316F095FB214840F2B31116F035
:1048900087FBEFF31186402383F31288BFF36F8FFA
:1048A0001C4811F05BFE60B91B4A1C49174888235D
:1048B00016F07FFB17491A4816F07BFB8821164833
:1048C000E5E7144811F06EFE25682DB162682B688B
:1048D0002360954208BF63600E4811F04DFE68B931
:1048E0000D4A1049094840F2311316F062FB09499C
:1048F0000D4816F05EFB40F23111E0E786F31188B7
:10490000BFF36F8F284670BDBB3303001C1203003A
:10491000392603008C3800206B150300981503001E
:10492000AD150300C3150300DA15030070B5044686
:1049300098B1114D342620466468037A013BDBB2FE
:1049400003724BB9C3604360837A06FB03539B6ACF
:104950007BB19847002CEED170BD08490848094A40
:104960004FF4E67316F025FB06484FF4E67116F097
:1049700017FBFFF7B5FDEDE7300E0020882C030094
:104980001C1203003926030008B558B90749084826
:10499000084A4FF4FB7316F00CFB06484FF4FB710A
:1049A00016F0FEFA027A0132027208BD882C03006A
:1049B0001C1203003926030008B5034658B90849FC
:1049C0000848094A40F2412316F0F3FA064840F23B
:1049D000412116F0E5FA18465B68002BFBD108BDB3
:1049E000882C03001C1203003926030070B50D4605
:1049F000044658B90F49104A10484FF4137316F083
:104A0000D8FA4FF413710C4816F0CAFA49B90C4998
:104A1000094A0A4840F24D2316F0CBFA40F24D21E4
:104A2000F1E746681EB10846FFF7C6FF46606560BD
:104A300070BD00BF64290300392603001C12030067
:104A40009D26030038B505460C4659B90C490D485A
:104A50000D4A4FF4167316F0ACFA0B484FF416716A
:104A600016F09EFA20B9BDE838400846FFF78CBF23
:104A7000FFF7A2FF2146FFF7B9FF284638BD00BF68
:104A80009D2603001C1203003926030008B548B90F
:104A90000B490C4A0C482B2316F08BFA2B210948A2
:104AA00016F07EFA83883BB10849064A06482C2353
:104AB00016F07FFA2C21F2E783680B44036008BDEF
:104AC000882C0300AA2603001C120300D62603002C
:104AD00008B5034600689A68821A91420BD90949C1
:104AE00009480A4A40F2551316F063FA074840F2A3
:104AF000551116F055FA9A88401A11441860998099
:104B000008BD00BFF52603001C120300AA260300FF
:104B100008B582888A4203460BD2094909480A4AE5
:104B200040F2C31316F045FA074840F2C31116F0DD
:104B300037FA521A828000680844186008BD00BF26
:104B4000E52603001C120300AA26030008B503464D
:104B500000689A888A420BD208490948094A40F2FB
:104B6000CF1316F026FA074840F2CF1116F018FAC4
:104B7000521A01449A80196008BD00BFE52603005F
:104B80001C120300AA260300F8B5858803680E46A8
:104B900004465F1917F073FCB04209D20649074872
:104BA000074A3E2316F005FA05483E2116F0F8F9AB
:104BB0003544A5803846F8BD192703001C120300B0
:104BC000AA2603000E4A0123C2F840354FF0804266
:104BD0004FF08051C2F87835D1F83001082808D15B
:104BE000D1F83411052904D80648415C09B1C2F84E
:104BF00038364FF080430122C3F8802500207047EB
:104C000000E001404C27030020B1034B800143F03A
:104C100001031847704700BFB002030008B50448FD
:104C20001AF0EAFB00280CBF6FF01200002008BD4C
:104C3000B4FB02000E4B402970B528BF40210D4C3B
:104C400046181D46B04203F1020304D1002305F8C3
:104C50001130074870BD02781209A25C03F8022CDB
:104C600010F8012B02F00F02A25C03F8012CE9E717
:104C7000894800207027030030B503788BB00446C4
:104C800007AD032B21D8DFE803F0021A1C1E1249DE
:104C90002846FAF77DFB059563780493A378039380
:104CA000E37802932379019363790093A3790B4A04
:104CB0000B481E2115F0B8FB09480BB030BD09495F
:104CC000E6E70949E4E70949E2E7094A0A212846F3
:104CD00015F0AAFBDFE700BFC20D0300E40D0300DF
:104CE0006B480020C90D0300D00D0300DA0D03004E
:104CF000514903002DE9F341234DBFF35B8F9846E3
:104D00002B68BFF35B8F1746DA07044620D538B906
:104D10001E4A1F48012116F08EFF6FF0010018E0B7
:104D200001A917F053F81B49024620461AF020FE4D
:104D30000028F2D1BFF35B8F2B68BFF35B8FC3F307
:104D4000C0061B0708D5144A1148022116F073FF4C
:104D5000002002B0BDE8F081A5F1D404072221466D
:104D60004046B84706280AD80C4A0948012116F0DF
:104D700062FF45F8D46CE671C4F80360E8E70723E6
:104D8000B0FBF3F0E071E3E75C0800208827030044
:104D9000ACFE0200D70D0300A9270300CD270300B6
:104DA0002DE9F04188B09C79DDF838805D791E7975
:104DB000DF7893F802C093F801E01B78B8F1000F98
:104DC0000ED0CDE90638CDE904CE1346CDE9026711
:104DD000CDE90045084A15F027FB08B0BDE8F08191
:104DE000CDE905E3CDE9037C1346CDE90156034A3D
:104DF000009415F019FBF0E7F227030016280300D2
:104E000010B5FEF7CBF9044628B1044A0346012148
:104E1000034816F019FF204610BD00BF37280300D5
:104E2000ACFE020070B504468CB01E461546A2B119
:104E300029B10A4602A8042116F0C2F902A900917C
:104E40002B462246242103A8FFF7AAFF109A3146D9
:104E500003A8FEF711F80CB070BD0346044A2421E4
:104E600003A815F0E1FA0028F0DA6FF01500F2E778
:104E70005C28030007B50B4B0B48DA79C2EBC20282
:104E8000009200221146FFF7CDFF034638B1074AD2
:104E90000748012103B05DF804EB16F0D5BE03B05E
:104EA0005DF804FB88070020D70D0300622803008B
:104EB000ACFE020030B504468DB0154692B129B162
:104EC0000A4602A8042116F07BF902A900912B469C
:104ED0002246242103A8FFF763FF03A816F04EFF24
:104EE0000DB030BD0346054A242103A815F09CFAF5
:104EF0000028F2DA6FF01500F2E700BF5C2803002B
:104F000007B5009313460A4601460348FFF78AFF98
:104F100003B05DF804FB00BFA84603000A46014643
:104F20000148FFF7C7BF00BFA846030007B50093BD
:104F300013460A4601460348FFF774FF03B05DF8C5
:104F400004FB00BFA246030007B5009313460A46C0
:104F500001460348FFF766FF03B05DF804FB00BF9E
:104F6000D144030007B500220346009103481146CF
:104F7000FFF758FF03B05DF804FB00BF9A4603003B
:104F800008B502480FF058FD002008BDB009002008
:104F9000F8B51E4DBFF35B8F2B68BFF35B8F13F02B
:104FA000010F2E462FD015F8CD3CA5F1D4078BB9B3
:104FB00001F0B8FF044630B1154A1648012116F039
:104FC0003AFE2046F8BDFB7923B901F0BBFF044649
:104FD0000028F1D1BFF35B8F2B68BFF35B8F5A07BB
:104FE00001D400F029FFBFF35B8F56E8003F23F4A4
:104FF000805246E800210029F7D1BFF35B8FDB0424
:1050000001D5FFF7BDFF0024DBE700BF5C080020EF
:105010007D280300ACFE020007B5009313460A4644
:1050200001460348FFF7FEFE03B05DF804FB00BF36
:10503000534C03000A4601460148FFF73BBF00BF3F
:10504000534C030030B50A4D0A4B85B00024284666
:10505000029303940FF084FD02AB009328460649A7
:105060000A234FF4A8620FF095FD204605B030BD2D
:1050700068220020B02803000057002001460148A4
:105080000FF022BE682200200378012B30B513D028
:10509000022B27D07BB9194B0A4603F1100453F8B1
:1050A000045B42F8045BA342F9D11B781370438878
:1050B0004B731B0A8B7330BD104B0A4603F110046F
:1050C00053F8045B42F8045BA342F9D11B781370D8
:1050D00043684B73C3F307221B0CCB731B0A8A7301
:1050E0000B74E8E700F1100350F8042B41F8042B8F
:1050F0009842F9D103780B70DDE700BFB9280300AF
:10510000052838B5054603D82A21C140C9070CD463
:105110000C490D4A0D483C2315F04BFF0C4815F087
:1051200048FF09483C2115F03BFF0A4817F090F969
:10513000044620B101210C30FFF7A8FC257620465B
:1051400038BD00BFF9280300CA2803001C12030061
:105150003E290300340F00200F2810B50ED80D286B
:105160000ED90B4817F074F9044628B101210C3010
:10517000FFF78CFC01232376204610BD1328F0D0C6
:1051800009B10448EEE7BDE810400120FFF7B8BFC1
:10519000680F0020980E002038B50B6804460D46B5
:1051A0004BB916491648174ABC2315F002FF15489B
:1051B000BC2115F0F5FE4A68DA600B684A895A820C
:1051C0000868FFF7B3FB0021102228461AF0B8FB4D
:1051D000A07AFFF7A1F96169054649B1637ADB0757
:1051E00004D4C36A1B6820469B6898470023636108
:1051F00021462846BDE838401AF092B95E290300DE
:105200001C120300CA2803002DE9F84305460C468A
:105210001F4616464AB92649264A2748982315F0BC
:10522000C8FE9821234815F0BBFE38B92349214A0E
:105230002148992315F0BDFE9921F3E701F10C09EE
:10524000484617F018F938B91D491A4A1A489D23DB
:1052500015F0AFFE9D21E5E7204617F0EDF98046F9
:1052600038B11849134A14489F2315F0A2FE9F2114
:10527000D8E705F10C01484617F0EEF8484617F05C
:10528000FAF8012310FA86F068826B722E8231469A
:105290004846FFF73DFCE3687B60638AC4F80C80F6
:1052A0007B81A4F812803C602846BDE8F88300BFEB
:1052B00015270300CA2803001C1203006B290300F2
:1052C000702903008D290300C368034A1B78034833
:1052D000022117F0F5B900BFB529030064FE0200F2
:1052E00070B5C6683378B6F8014083B90F212046FF
:1052F00003F02AF8F378054650B90A4A118831B903
:105300006FEA04506FEA10501080074A137070BDA6
:105310000373012102F038FF2846BDE8704002F017
:10532000DFBE00BFB44700200A49002070B5C36843
:105330001D78BDB9B3F801600F21304603F004F8C1
:10534000044638B93346084A0848BDE87040012190
:1053500017F0B6B9294602F017FF2046BDE87040A5
:1053600002F0BEBE70BD00BFDD29030064FE020076
:1053700010B5C368B3F801400121204602F0E4FFF4
:1053800038B92346054A0648BDE81040012117F008
:1053900097B9BDE8104002F0A3BE00BF032A030086
:1053A00064FE020010B5C3681C880121204602F08B
:1053B000CBFF38B92346054A0548BDE81040012116
:1053C00017F07EB9BDE8104002F08ABE032A030040
:1053D00064FE020010B501210C30FFF7B7FBBDE8F9
:1053E00010400378024A0348012117F069B900BF51
:1053F000272A030064FE0200014610B50848FFF7A3
:10540000CFF9084908481AF0FEF8031E06DABDE88D
:105410001040064A0648012117F052B910BD00BFDE
:10542000D4080020D009002008230020492A0300C6
:1054300064FE020010B5084C0146062294F86F0085
:1054400003F0CCFB38B994F86F000449BDE8104074
:10545000052203F0C3BB10BD8807002056270300B8
:10546000024A0348012117F01AB900BF662A030057
:1054700064FE0200B0B50B460D8A00AF0446294613
:10548000D868FFF7D7FB8AB06A46094BC2E90534F2
:1054900040F202439384074BC2E907504FF4325164
:1054A00042F8103F044817F00DF9BD46B0BD00BFEB
:1054B000802A03000500000164FE020070B5C56883
:1054C000B5F801600121304602F03EFF044638B9CC
:1054D00033460D4A0D48BDE87040012117F0F0B881
:1054E0002B783BB9D5F80330C0F89530D5F80730A4
:1054F000C0F89930201D4FF4804117F0D2F82046B3
:10550000BDE8704002F0ECBD032A030064FE020017
:10551000B0B53C2800AF04461AD101F0D5FE6FF0BB
:105520008001103017F0D1F80020FFF783FF054607
:1055300030B9124A1248012117F0B1F8BD46B0BD8A
:105540000473002102F020FE284602F0C9FDF5E7B1
:105550006D468AB06A460B4BC2E905300A4BD361EF
:1055600040F201331384094B42F8103F04484FF4D2
:10557000125117F0A7F8AD46E0E700BFA22A0300DA
:1055800064FE0200C32A03009C26030004000001FD
:1055900037B502EBC303044608469A4202D16FF0C6
:1055A0005E0010E0114611F8085BA54211D1038A94
:1055B0005178994209D90848084A0094012116F007
:1055C0004DFB6FF0150003B030BD536898470020C5
:1055D000F9E70A46E1E700BF64FE0200DF2A0300A4
:1055E00073B53E48FFF746F90446002873D0017EA4
:1055F000012945D003296BD1038A032B02D8384AED
:10560000012141E004210C30FFF7A0FAFF2342887A
:1056100006886376238AC6F30B009A42A08309D0DA
:10562000304800920121304A16F018FB2046FFF75F
:105630007DF912E00F2102F087FE054610B9A38B19
:105640002A4ADDE702F0C0FE320B6076214628468A
:1056500002F0DCFB284602F043FD254BD3F84C3129
:10566000002B38D02349244819F0CDFF031E32DA2D
:10567000224A1C48012102B0BDE8704017F020B852
:10568000038A012B04D81E4A164817F019F8CDE7F3
:1056900002210C30FFF75AFA0546007816F0EDFFAC
:1056A00010F002060DD1174A1749184840F6A833E2
:1056B00015F07FFC86F31188BFF36F8F0323184624
:1056C00002DF134A28780623214617F01AF8ADE7BF
:1056D000104A0B4694E702B070BD00BFD40800200A
:1056E000012B030064FE0200222B0300462B030063
:1056F00088070020D009002008230020492A030041
:10570000682B0300842B0300B82B03001C1203003A
:10571000E8040300E62B030010B5012104460C3019
:10572000FFF714FA2146034A0078BDE810400A2327
:1057300016F0E7BF18050300F8B5012100AF0446D5
:105740000C30FFF703FA0678114A00232146304651
:10575000FFF71EFF5F3018D1258AE0682946FFF762
:1057600069FA6C468AB06A460A4BC2E9053640F2CD
:1057700002439384084BC2E907504FF4325142F878
:10578000103F064816F09EFFA546BD46F8BD00BF77
:1057900068050300FA2B03000500000164FE020007
:1057A0002DE9F347DFF83891BFF35B8F0746884652
:1057B0001646002359E8004F49E80032002AF9D183
:1057C000BFF35B8F44B9474A47483B46012102B0CB
:1057D000BDE8F04716F074BF2046FEF7A5FE434D26
:1057E0004FF00C0A0AFB00504388BB4224D02046ED
:1057F000FEF79AFE0AFB005043883D4A00933A4860
:105800003B46012116F02AFABFF35B8F59E8003FAF
:1058100049E80042002AF9D1BFF35B8F002B5CD02E
:1058200034493548354A40F66D1315F0C2FB33480C
:1058300040F66D1115F0B4FBA6420ED02046FEF7DF
:1058400097FE04F10C07012121763846FFF71EF977
:10585000328AF168384616F01AFE2046FEF764FEDA
:105860000C2606FB00504368ABB1B8F1000F12D113
:105870002046FEF759FE06FB005001214268D2E99E
:105880000003127A03F01F06B1405B09FAB100EB86
:10589000830016F006FF2046FEF746FE0C2606FBA8
:1058A000005083686BB12046FEF73EFE704305F85A
:1058B00000802046FEF738FE06FB0055A8680EF073
:1058C000EDFC204602B0BDE8F047FFF72FB8C94312
:1058D00000EB830016F0F9FEDDE702B0BDE8F087CB
:1058E000D00800202C2C030064FE02009038002019
:1058F000542C0300872C03001C120300842B03008C
:1059000073B5C568B5F801600121304602F01CFD91
:10591000044640B92B4A2C483346012102B0BDE869
:10592000704016F0CDBE2B781A2B00F1040619D169
:10593000C378012B2AD14FF48051304616F0B1FEC6
:10594000C2040FD4D4F8883000936946D4F890305C
:105950000193204603F0B2FC204602B0BDE870403F
:1059600002F0BEBB2B788BB9B5F80330A4F88630B3
:10597000B5F80530A4F88C30B5F80730A4F88E30AF
:105980006FF48061304616F0A0FE17E0BFF35B8F26
:105990006368BFF35B8F5B05F2D52B78202BEFD1CB
:1059A00094F89430002BEBD0013B84F894304FF402
:1059B0002032002304F140000FF0FCF9204602F0F1
:1059C0003DFFC9E7032A030064FE02002DE9F84FFA
:1059D000D0F80C80018A98F80040012303EB84037F
:1059E0008B4200AF7BD96D468AB06A463E48C2E919
:1059F00007310523C2E905044FF4215142F8103F55
:105A00003A4816F05FFEAD46BD46BDE8F88F374810
:105A10004B465A46012116F053FE013598F80030E6
:105A20009D42F1DA08EB85030F21B3F80190B3F83A
:105A30000360484602F088FC04460028E7D000F1E5
:105A4000C009204616B902F04BFBE6E702F064F904
:105A50000EF024FC636983B9254A2448012116F01D
:105A60001EFE2449244A254840F2552315F0A1FA88
:105A700040F25521204815F093FAA1691A68626135
:105A80008B4208BFA261C3F800A0226AA2B9C4E990
:105A90000733BFF35B8FD9F80030BFF35B8F013E54
:105AA000B6B263B91649144A14484FF4177315F087
:105AB00080FA4FF41771DDE713602362E9E7BFF363
:105AC0005B8F59E8003F013B49E80032002AF8D1DA
:105AD000BFF35B8F0021204602F02AF9B1E70025D1
:105AE000DFF820B0AA4699E78C2C030064FE020080
:105AF000D22C0300C2540300842B03001C120300A9
:105B0000E92C0300B62C030010B5C1E900239DF871
:105B100008300B720C46FEF707FD034B0C2202FB0C
:105B200000335C6010BD00BF903800202DE9F047C5
:105B30004FF0FF3206464FF0FF331848884616F004
:105B400087FC044638B300F10C0701214FF000092F
:105B50003846FEF79BFF84F818902046FEF7E4FCD9
:105B60000F4D4FF00C0A0AFB005046802046FEF70E
:105B7000DBFC0AFB0050C0F808902046FEF7D4FC7E
:105B80000AFB005503213846C5F80490FEF7FCFFD8
:105B9000068080F802802046BDE8F087000F0020D4
:105BA0009038002029289ABF014B185C09207047C3
:105BB0005431030070B5C368B3F801601D780F213C
:105BC000304602F0C1FB044638B93346184A19483A
:105BD000BDE87040012116F073BD65B12846FFF79E
:105BE000E1FF29460246204602F026FF2046BDE896
:105BF000704002F075BA8678012EEFD107F0E2FE10
:105C0000204616F022FD0028E8D10520FFF7CAFF44
:105C100005210246204602F00FFF3146064A05489C
:105C200016F03DFD0521204602F050FCDEE700BFE6
:105C3000DD29030064FE0200022D03002DE9F0417E
:105C4000C668B6F8017035780F21384602F07CFB43
:105C5000044638B93B46214A2148BDE8F0410121BC
:105C600016F02EBD45B12846FFF79CFF2946024697
:105C7000204602F0E1FE08E0F278C37A934209D1AF
:105C8000184A1748022116F01BFD2046BDE8F041D6
:105C900002F026BA8378C272012B05D00020FFF7EC
:105CA00081FF00210246E3E70AB107F08BFE2046A0
:105CB00016F0CBFC0028F1D10520FFF773FF05217A
:105CC0000246204602F0B8FE074A0548012116F0B8
:105CD000E6FC0521204602F0F9FBD6E7DD290300AA
:105CE00064FE0200282D0300022D030070B50C4D48
:105CF00006460FCD90B001AC0FC40FCD0FC40FCD31
:105D00000FC495E807000E2E84E807009BBF10AB78
:105D100003EB8606034856F83C0C10B070BD00BF7C
:105D200030000300572D0300034B0146D3F87001E8
:105D300082689268104700BF880700202DE9F84369
:105D4000044600F10C06304616F095FBB4F81080BE
:105D5000B8F1010F05460AD81A4A1B4843460121EB
:105D600016F0AEFC2046BDE8F843FEF7DFBD304636
:105D70000221FEF7EBFE0746007816F07EFC10F0DD
:105D8000010906460DD1114A1149124840F6E47343
:105D900015F00FF989F31188BFF36F8F03231846AD
:105DA00002DF05230C4A3878214616F0AAFCB30717
:105DB000D8D56369A4F8108013FA85F5E560BDE8CD
:105DC000F88300BF682B030064FE0200842B0300ED
:105DD0005F2D03001C120300C004030038B50C46FD
:105DE0000FF094FF237E012B05D0032B14D1204606
:105DF000FFF702FB0BE0E368187816F03EFCC207E1
:105E0000054602D52046FFF799FFAB07EFD40024E3
:105E10000FF0EAFF204638BD054A0648012116F07A
:105E20004FFC2046FEF782FD6FF01504F0E700BF3F
:105E3000782D030064FE02002DE9F84F3D4C3E48EA
:105E40003E4D00AF042116F02CFCE2793C4B20467D
:105E5000012A88BF1D466E46FEF70EFF8AB06A46CD
:105E6000384BD061C2E90535374B1362374B42F8E6
:105E7000103F3748DFF8DC80DFF8D4904FF423512F
:105E800016F020FCB546344EA3460125E3799D4229
:105E90000BF1070B38DB94F870502846FFF726FF0C
:105EA0006E468CB0B4F87210B4F876306A46DFF8FB
:105EB000ACC05362C2E90751294B4FF40075C2E9E7
:105EC00005C015854FF4535142F8103F204816F095
:105ED000F9FBB54694F871603046FFF707FF8AB0CA
:105EE000B4F874306A461F499584C2E907631E4BB3
:105EF000C2E9051042F8103F15484FF4335116F02F
:105F0000E1FBBD46BDE8F88F5846FEF7B5FEEA4610
:105F10008AB06A4640F20133C2E90565D061138454
:105F20004FF4135142F8108F484616F0CBFB013561
:105F3000D546ABE7880700205C0800209C260300BC
:105F40008C2D0300902D03000002010304000002C9
:105F500064FE0200040000019F2D0300B02D030029
:105F600006000001EE2D03000500000108B50848F9
:105F7000C37933B9074A0848032116F090FB002083
:105F800008BD0821D43016F08CFBFFF755FFF6E76B
:105F900088070020152E030064FE0200044BBFF3A7
:105FA0005B8F1868BFF35B8FC0F38000704700BF42
:105FB0005C08002000487047B411030001480EF04F
:105FC0003BBD00BFC009002038B505460C4619B9D5
:105FD000FFF7ACFD0446D8B140F635439D420FD1E2
:105FE0002046FFF7A1FE054640B103460A4A0B488A
:105FF000012116F065FB2046FEF798FC284638BDC7
:106000000748214619F081FA0025FFF7D7FFF5E789
:106010006FF06805F2E700BF422E030064FE020045
:10602000DC080020F0B5C5682F88BCB287B001211C
:10603000204602F089F9064640B9274A27482346F8
:10604000012107B0BDE8F04016F03ABB02ACD5F82C
:106050000220D5F8063001946989009118F0EAF819
:1060600040B3122142F21A00FFF760FD054648B91D
:106070001B4A1A48012116F012FB304602F030F894
:1060800007B0F0BD12210C30FEF77EFD034622461C
:1060900023F8027B06AF144603CCBC42186059605B
:1060A000224603F10803F6D1294642F21A00FFF70F
:1060B0008BFFE2E7022142F21B00FFF737FD0446A7
:1060C0000028D5D002210C30FEF75EFD2146078066
:1060D00042F21B00EBE700BF032A030064FE02004C
:1060E000642E030073B5C368D9789A781E8842EA93
:1060F0000122ADF8002059791A7942EA0122ADF85F
:106100000220D9799A7942EA0122ADF804201A7A5C
:106110005B7AB4B242EA032301212046ADF806308F
:1061200002F012F9054658B91C481D4A01212346C0
:1061300016F0C6FA0221204616F022FB02B070BD0E
:10614000694602F0DDFB38B91E21204616F018FB27
:10615000284601F0C5FFF1E70E2142F22000FFF7CB
:10616000E5FC04460028F3D00E210C30FEF70CFDB0
:1061700000230680C0F80A30BDF800304380BDF827
:1061800002308380BDF80430C380BDF8063003813F
:10619000214642F22000FFF717FFD9E764FE020014
:1061A000032A030038B502460B462B4DD5F854118F
:1061B00009B9002038BD05F598700EF0B1F8002837
:1061C000F7D10022002305F5AA700DF0FDFF04466B
:1061D00068B9224A2249234840F6B73314F0E9FE51
:1061E00084F31188BFF36F8F0323184602DFD5F8BD
:1061F00048315BB11C4A1D48012116F050FAD5F810
:106200004801FEF793FB0023C5F848312046FEF70E
:10621000BBFBC5F848012046FFF786FD0346C8B121
:10622000134A1248012116F04BFA12480EF036F8C4
:106230002046FEF779F9104B0C2202FB00335888F8
:1062400018B122461F21FFF7ABFA2046FEF76EFB7E
:10625000FFF7B4FE0120ADE788070020842B030080
:10626000882C03001C1203007B2E030064FE020036
:10627000422E0300B8080020903800202DE9F04F8E
:1062800087B0054600AF16460C4631B9FFF74EFC05
:106290000446A0B96FF0680099E0887AFEF73CF9EF
:1062A000524B83420BD052495248534A4FF4BF736A
:1062B00014F07FFE50484FF4BF7114F071FE0122BC
:1062C0000021384619F03AF92046FEF72DF9DFF89B
:1062D0002CA10C2303FB00A087602046FEF754FB93
:1062E0000146474819F011F9FFF768FE19F0BEFBA7
:1062F000444B1A58444B9A4220D1DFF810B1404821
:1063000019F018F9002181464FF4A020FFF74AFF49
:10631000804688B9384A37484FF4D473594614F048
:1063200048FE3B48294614F044FE88F31188BFF329
:106330006F8F0323184602DF4C45E0D14FF4A022B3
:10634000002338460DF0ECFF804698B14FF4D77328
:10635000294A3049274814F02CFE2F484246294646
:1063600014F027FE002383F31188BFF36F8F0323FC
:10637000184602DF2046FEF7D7F80C2358431AF8D8
:106380000080B8F1000F26D06E468AB06A46234BD3
:10639000C2F81C80C2E90535214B136240F202436A
:1063A0009384204B42F8103F1F484FF43251A8F11C
:1063B000090816F087F92046B5465FFA88F8FEF717
:1063C000B5FAB8F1090F0ED8184B13F908001C37AD
:1063D000BD46BDE8F08F16B134600020F7E72046D7
:1063E000FEF7A4FAF9E76FF00400F0E7000F0020D1
:1063F000C25403001C120300842B030090380020B9
:10640000DC08002008000000A0310020962E0300C8
:106410009E2E030062150300BE2E0300032F03000F
:106420009C2603000500000164FE02004A310300BF
:10643000F7B5144B93F99B30002B05460C461DDA3B
:1064400014B9204603B0F0BD082C01AA4FF000019A
:1064500042F21800264628BF0826FFF70FFF002843
:10646000F0D1019FF96832460131284619F040FA0F
:106470003846FEF75BFA3544A41BE1E76FF0850070
:10648000E0E700BF8807002073B506460D4601AA65
:10649000002142F22F00FFF7F1FE044638B1154A01
:1064A0001548012116F0FBF8204602B070BD019896
:1064B000C368B3F801203280B3F803302B80FEF7B5
:1064C00035FA3388A3F11B02E02A04D90B4A0A48A3
:1064D000022116F0F5F82B88A3F5A47292B244F2CB
:1064E00048118A42E0D9064A0348022116F0E8F82A
:1064F000DAE700BF222F030064FE0200422F0300F0
:10650000672F030010B5F9F7A3F8034B1B6813B10D
:10651000BDE81040184710BDA838002073B52D4DB8
:106520000646D5F8700118F067FF48B92A4A2B488B
:10653000012116F0B4F86FF01204204602B070BDCD
:106540006FF0020105F1D40016F0BFF8012116F03A
:10655000A8F8C3073AD4FEF753FC04460028ECD150
:106560001F4B1E600122114605F5987018F0E6FFDA
:1065700005F5AA7018F0BCFF1A480EF0F1FA1A4996
:10658000184800946FF0070340F698020EF002FBE3
:106590001649144819F04DF8D5F87001144983686C
:1065A0001B689847044630B10346124A0B48012144
:1065B00016F086F8C1E726B902B0BDE87040F9F7D9
:1065C00047B805F1C4000EF037FAB6E76FF077046C
:1065D000B3E700BF88070020A530030064FE020077
:1065E000A838002008230020805C0020BD30030074
:1065F000DD5D0100C63003002DE9F04F85B0047861
:1066000000AF05465CB1694969486A4A40F23253B5
:1066100014F0CFFC674840F2325114F0C1FC664BD5
:10662000B0F80190198849F47042914205BF1C806E
:10663000624BA04693F8008000F0F6FAEB78012B4D
:1066400008BF5F4B05F10406304608BF93F86F4062
:1066500015F0EEFF314668B307F1080015F0DDFFD5
:10666000D5F81130C7F80130B5F81530A7F8053066
:106670004FF0010AEB78012B2FD03046FEF7FCFAE1
:106680006C4688B06A464F4BC2E905304FF4007340
:1066900093834D4B4D4842F8103F4FF4E25116F0B2
:1066A00011F81321A546484616F085F81437BD4663
:1066B000BDE8F08F204616F0ADF903460068B860DB
:1066C0009A889B796868BA81BB73B288B37995F868
:1066D00004A03860BA80BB71CCE707F10800FEF770
:1066E000A9FEEB78012B04460AD100F0EDFD6FF016
:1066F00080018346103015F0E8FF584616F0B4FAD2
:10670000002CBAD02346B5F8012023F8702BB868C6
:10671000BA7BB98920679A719980B5F81730A4F8C7
:106720008630B5F81930A4F88C30B5F81B30A4F8D1
:106730008E30EB78E3700022012B227322D187F890
:1067400000A0BA88BB793868A4F87B2084F87D3033
:10675000C4F8770000F0B8FD237A194AC3EBC303ED
:106760009918D358C4F87E308B88A4F882308B797E
:1067700084F88430D2E9381303F03F03194301D081
:1067800000F062FF0721204601F0FEFCB8F1000F87
:1067900005D084F80C800121204601F0F5FC20464C
:1067A00001F084FE204601F09BFC7FE7E23003000D
:1067B0001C120300842B0300B44700200A49002068
:1067C00088070020F63003000300000164FE020089
:1067D00000B5C368187889B020B109B05DF804EB42
:1067E000FEF796BEB3F80120ADF80120DA788DF8F7
:1067F00000008DF80320B3F80B20ADF81720B3F894
:106800000D20ADF81920B3F80F20ADF81B205A7CED
:106810008DF81D20586801901A899B7A8DF80A30EE
:10682000094BADF8082068461A689B88CDF80B2004
:10683000ADF80F30CDF81120ADF81530FFF7DCFEC4
:1068400009B05DF804FB00BF6A27030038B50421D6
:1068500004460C30FEF77AF9034640885D7818B19B
:1068600019782246FEF79CFF35B104480DF016FD5D
:10687000BDE83840FFF7A2BB38BD00BFB808002014
:10688000B0B50321044600AF0C30FEF75FF9E368B2
:106890000578B0F80100197840F63543984215D1D3
:1068A0006C468AB06A460F4B0F48C2E905310F4B60
:1068B000D36140F2013313840D4B42F8103F4FF483
:1068C000125115F0FFFEA546BD46B0BD10B12246DF
:1068D000FEF766FF002DF7D006480DF0DFFCFFF74E
:1068E0006DFBF1E71231030064FE02009C260300F9
:1068F00004000001B8080020F8B50A4DEF790646FB
:106900000024E3B29F4202D86FF0010007E029465D
:10691000304615F0E1FF0735631C08B12046F8BD8D
:106920001C46EEE78807002037B504460D46B9B18E
:106930001649284615F0D0FF90B91548C4EBC40499
:106940002946204415F0D2FF124815F0D6FF430720
:1069500003D5FEF715FB15F002FE002003B030BD95
:10696000684615F04CFE0028F8D16846FFF7C4FFD2
:106970000028F5DA064BC4EBC4001844694615F04C
:10698000B5FF002DE0D001462846DBE75D27030078
:10699000880700205C08002070B5194E0622314699
:1069A000054618F0D5FF30B3062142F20500FFF787
:1069B000BDF8044608B3062229460C3015F067FDE1
:1069C0002146002242F20500FFF758FC044648B178
:1069D00010F10D0F04D10B4A0B48022115F084FF72
:1069E000204670BD33462A6843F86929AA88B280D8
:1069F000012283F868200024F2E76FF06804EFE7D3
:106A0000F1070020853203006CFE02002DE9F04101
:106A1000044686B00E4659B92A492B4A2B4840F203
:106A2000B73314F0C6FA40F2B731274814F0B8FA79
:106A30000D684DB92649244A24484FF46E7314F06A
:106A4000B8FA4FF46E71F0E748B922491E4A1F4860
:106A500040F2B93314F0ADFA40F2B931E5E72B7AE0
:106A60005A0709D51C49184A184840F2BB3314F09C
:106A7000A0FA40F2BB31D8E7D1F80480B8F1000F9A
:106A80001CD1037A5B0719D5411C681C15F024FF43
:106A90002A35162241460746684618F051FF102253
:106AA0006946284618F054FF30B1102204F12A013B
:106AB000284618F04DFF00B107B1746006B0BDE87C
:106AC000F08100BFC2320300943203001C120300A5
:106AD000DA320300FD32030015330300F7B500215D
:106AE00004460222084602F079F80646A8B1BFF330
:106AF0005B8F424B53E8001F41F4006143E80012F2
:106B0000002AF7D1BFF35B8F237A43F0010323728E
:106B100003B0BDE8F04001F0E3BA394D0146394811
:106B200000F0CCFB95F823314BB1304615F027FF30
:106B300028B1354A0221354815F0D6FE1DE095F8FA
:106B4000232195F822319A4221D1314A2F4802213E
:106B500015F0CAFE0022114642F22900FFF78EFB13
:106B600010B12C4A0121E6E795F82331013385F86D
:106B70002331237A43F004032372012015F0FFFE32
:106B80002548002103B0BDE8F04000F097BB224645
:106B9000671C12F82A0B394615F0B5FE064608B1F7
:106BA0001E4ADFE795F82331013385F82331237A34
:106BB00043F00403237295F8A7305B0701D4184A09
:106BC000B8E73946684615F091FE0123082142F2E4
:106BD0004E008DF80730FEF7A9FF044660B1082289
:106BE00069460C3015F053FC3246214642F24E0005
:106BF000FFF744FB0028C0D00A4AB3E75C08002036
:106C000088070020DDC902004A3303006CFE020041
:106C10006F330300A0330300AFC90200C033030089
:106C2000E03303000A3403000A4BBFF35B8F53E8E1
:106C3000002F22F4006143E800100028F7D1BFF3D1
:106C40005B8F130504D504490022022006F0CCBF57
:106C5000704700BF5C08002073CA020007B500231C
:106C6000CDE9000304496A46022006F0BDFF019801
:106C700003B05DF804FB00BF0D6A010010B40346C9
:106C800070B10A4991F8224191F823210CB1944244
:106C900008D2013281F823211A7A42F004021A72D2
:106CA00010BC704710BCFFF719BF00BF8807002059
:106CB0002DE9F0410546C0B3484C94F8222194F8E0
:106CC0002331F2B10132934228DC0021022208462E
:106CD00001F084FF064650B3BFF35B8FD43454E811
:106CE000003F43F4006344E80032002AF7D1BFF3C9
:106CF0005B8F2B7A43F002032B72BDE8F04101F069
:106D0000EFB95BB936493748374A40F27E4314F051
:106D100050F9354840F27E4114F042F9013B84F8C5
:106D200023312B7A23F004032B72BDE8F081014656
:106D30002E4800F0C3FA304615F021FE064688B111
:106D40002B4A034601212B4814F07EFF94F823318F
:106D500013B1012015F013FEBDE8F04126480021D3
:106D600000F0ACBA94F8233194F822219A420CD264
:106D7000013B84F823312B7A204923F00403024697
:106D80002B72022006F030FFE0E7072142F22800D4
:106D9000FEF7CCFE05F10108074628B9184A154848
:106DA000012115F0A1FDD1E707210C30FDF7ECFE24
:106DB000414615F09BFD3246394642F22800FFF766
:106DC0005DFA0028EAD194F82331013B84F823319D
:106DD0002B7A23F004032B72B8E700BF880700204A
:106DE000253403001C12030094320300DDC90200A5
:106DF0003E3403006CFE0200AFC9020069C9020004
:106E00006B34030070B50446B1B9C0B11F4915F029
:106E100063FDA0B92046FFF76FFD00282FDA237825
:106E2000012B04D1A37903F0C003C02B07D0184A6B
:106E30001848012115F058FD6FF0150070BD164D72
:106E4000EB79012B1ED005F1D40015F056FDC307D8
:106E500007D4002CF0D00D49204615F03DFD002848
:106E6000EAD1EE792146731C3046EB71FFF75CFDE9
:106E700008B93046E2E7EB79013BEB71DEE76FF0F2
:106E80007700DBE76FF00B00D8E700BF5D2703005A
:106E9000903403006CFE0200880700202DE9F341C6
:106EA000044640B91A4A1B48022115F01DFD002076
:106EB00002B0BDE8F08101AA002141F20900FFF70C
:106EC000DDF9054608B1144AEDE7019E1349D6F8ED
:106ED0000C8008F101070622384618F039FD28B168
:106EE0000F490622384618F033FD18B93046FDF731
:106EF0001DFDDCE7D8F80130C4F80130BB88A4F8E8
:106F0000053030462570FDF711FD0120D0E700BFA8
:106F1000BE3403006CFE0200D73403006A2703006E
:106F20006427030007B56846FFF7B8FF044BD87124
:106F300018B169460020FFF7F7FC03B05DF804FBC9
:106F400088070020F0B5304DEC7989B0002C53D182
:106F500095F8C26016F0010610D12C4A2C48022187
:106F600015F0C2FCEC71162600240127EB79E0B283
:106F700098422CD3002B3FD000203BE06A462146AC
:106F80004FF60940FFF77AF908B1224AE6E7DDF843
:106F900000C0DCF80C104B7823B96046FDF7C6FC46
:106FA0001D4ADBE78B1C02AA01F11204186859681C
:106FB000174603C70833A3423A46F7D1186838602A
:106FC0009B88BB806046FDF7B1FC3446CAE708AB3E
:106FD00006FB0033694653F8182C33F8143CCDF8FF
:106FE0000120ADF805308DF80070FFF79DFC0134ED
:106FF0000028BBD009B0F0BD0021084609B0BDE8AB
:10700000F040FFF7FFBE00BF88070020F534030003
:107010006CFE020021350300413503002DE9F041EB
:1070200090460E461D46024650B14BB131030478DE
:1070300010D5730708D52B4A2B48012115F054FCB5
:107040006FF01500BDE8F08115F0F8FC0028F9D1CB
:10705000012341E0F70730D5244FB8F1000F13D0DA
:10706000B0060AD4C4EBC403FB5C012B13D02B7015
:10707000B20620D543F002030BE097F8D83059064A
:10708000F0D46FF08500DDE7C4EBC403FB5C012B9B
:1070900001D02B700FE0072101FB04710131104674
:1070A00015F0C4FC0028CDD1C4EBC4043B5D2B70AB
:1070B000B8F1000FDCD10020C4E773070ED50B4EEA
:1070C000C4EBC407F35D012BE3D1072111FB0431AD
:1070D000314415F0ABFCF35D2B70B3E715F0AEFC5B
:1070E000B6E700BF6A3503006CFE02008807002087
:1070F0002DE9F74F0C46202100909246FEF716FD31
:107100000546002855D020210C30FDF73DFD2022FA
:107110000021814618F014FC09F1010B04EBCA0AA6
:107120000026D4F800800023626893420CD3083410
:10713000A245F6D1009889F800600022294603B0E4
:10714000BDE8F04FFFF79AB898F8012098F800C012
:10715000B01C81181F2915D9BCF1090FC0F11F02FD
:1071600001D1002A0CDC144A1448012114F063FDFB
:107170002846FDF7DBFB6FF0150003B0BDE8F08F8C
:107180004FF0080CD7B2791C0BF80610711CC9B26D
:107190005BFA80F00BF801C0D8F8041001930237B5
:1071A00018F0A6FB019B3744FEB2013308F1080832
:1071B000BAE76FF06800E0E78F35030024FE0200B5
:1071C00008B504490722093018F0C2FB003818BF7F
:1071D000012008BD5D270300F8B5154B067883F83C
:1071E0006F6004460D46FFF7EBFF70B9114930465A
:1071F00001F076FC044610B96FF00B00F8BD0521D4
:1072000000F0C2FF2C600020F8E704F109073946BE
:10721000304601F0ABFC40B92078394601F060FC03
:1072200004460028E8D00621EAE76FF01500E5E7FC
:107230008807002056270300F8B54568690506460B
:1072400035D4046914B115F0010330D0194F3078EA
:10725000FB7983422BD9C0EBC00017490722384481
:1072600018F076FBA8B115F0010306D197F870204D
:10727000082A02D8B2689F2A19D915F0300F09D010
:10728000ACB1EA060AD405F46035B5F5603018BF34
:107290000120F8BDEB0601D4002CF4D1D6E902237D
:1072A0009A4204D81F2A02D9B3F5804FEBD90020A7
:1072B000EFE700BF880700205D2703000346014871
:1072C000184700BFA007002000487047A007002013
:1072D0002DE9F04FD1F810908DB09A460023B9EB0C
:1072E000030605469348059218BF0126079315F03B
:1072F000E1FB0C46410740F112812046FFF79CFF5D
:1073000028B96FF0150B58460DB0BDE8F08F204638
:1073100015F0ABFB80460028F3D005F11007384686
:1073200015F0C8FB0206C0F3C01300F1FB80CDE9E5
:107330000933CDF82B30A3686068ADF82030E368DE
:10734000ADF8223015F0A7FB6FF400718DF82D0019
:10735000784815F0B5FB784A23782B7082F86F30A7
:1073600061680DF1250332462846FFF757FE834634
:107370000028C8D105F10902B9F1000F18D0216920
:107380000868C5F80900888890808979917120463D
:1073900015F033FC62680646D0071BD4920503D46F
:1073A000169B0BB9022E5CD102238DF8243023E00A
:1073B000624B1968C5F8091099889B79918093717F
:1073C000204615F01AFC6268D1070646E6D58DF80E
:1073D000249011E012F0100F0CBF012204228DF84E
:1073E000242022691168CDF826109188ADF82A1062
:1073F00092798DF82C20D8460F2142F20600FEF734
:1074000095FB8346002800F090800F2208A90C30DD
:1074100015F03DF80022594642F20600FEF72EFF15
:10742000002840F08580B9F1000F20D06368DB07A9
:107430002BD40121284615F0F0FB8346002866D0A6
:107440003F4A4048012114F0F6FB079C002C3FF412
:107450005AAF2046002100F097FE204600F040FE83
:1074600051E70323DDF858808DF82430C4E7179BDB
:107470000093CDE90186169B05995246284615F0E2
:1074800045FB83460028D1D03DE707A92846FFF7F2
:10749000A3FE83460028CCD010F10C0F7FF433AF4D
:1074A000B9F1000F7FF42FAF626890073FF52BAF63
:1074B000636883F00203C3F3400B0BF001020E215B
:1074C000384615F00CFB731E5A425A4108213846C3
:1074D00015F005FBB11E4A424A413846092115F014
:1074E000FEFA62680A2102F00102384615F0F7FA46
:1074F00042460B21384615F0F2FA62680D21C2F3BC
:107500008002384615F0EBFA4FF0000BFBE60798C7
:1075100008B100F0E5FDB9F1000FCED1C8E76FF07A
:107520000A0BF0E66FF0770BEDE66FF0680BEAE61A
:107530008346E8E65C080020880700205D270300FA
:10754000A835030024FE020073B51546069A0C46C2
:10755000CDE900322B460A4601461148FFF7B8FE36
:1075600021460646002340F201109D4202D13046DA
:1075700002B070BD0A88824204D14A6812B1127802
:10758000D20702D401330831EFE7064906480DF06F
:107590006FFB4FF47022002303480DF085FCE6E7F3
:1075A000A007002025760100B807002010B5194873
:1075B00015F05AFB18486FF4804115F081FA16480F
:1075C00015F078FA03461A06C0F3C01021D5124808
:1075D00015F070FA430513D50E48FFF7F1FD0F497A
:1075E0000346087E93B90E49052201F0F7FA0446D6
:1075F00030B10021017300F0C7FD204600F070FD9E
:10760000BDE810400348002115F007BB06222131D8
:10761000EBE710BDA0070020B0070020880700207E
:107620005627030010B5FFF7C1FF034630B1044AE7
:107630000448BDE81040022114F006BB10BD00BF95
:10764000C335030024FE020073B53548344C15F0F1
:1076500031FA10F4804F38D0204615F02BFA03068B
:1076600033D4204615F026FA46052ED501A9A4F1FB
:107670001000FFF7B1FD40BBA4F11000FFF7A0FD23
:107680000246204615F016FAC0F38031204615F068
:1076900011FA81F0010145054FEA4101204848BF38
:1076A00041F0010115F006FA800448BF41F00401E1
:1076B0001C480DF10303FFF7B1FC054638B11A4A27
:1076C00003460121194814F0BFFA02B070BD1548F5
:1076D000012115F0A2FA019E28B9304602B0BDE89A
:1076E000704000F0FDBC2946304600F04DFD6FF4BF
:1076F00080410B4815F0E4F90546304600F0F0FCF7
:107700006B04E2D5BFF35B8F54E8003F43F4804342
:1077100044E80032002AF7D1BFF35B8FD5E700BF02
:10772000B0070020A0070020E235030024FE02007D
:1077300008B50449402218F00BF9B0FA80F040096E
:1077400008BD00BFA636030070B5394B93F8A230D0
:1077500003F00603062B08D0364A3748022114F0FE
:107760006AFA6FF08505284670BD00285CD0334E5C
:10777000326872B1131F834207D1314A2E48022169
:1077800014F059FA6FF07705EDE75B680BB1043B35
:10779000F1E742607268031D336002B97360294CDF
:1077A000BFF35B8F54E8002F42F0200344E8003120
:1077B0000029F7D1BFF35B8F12F0200201D0002522
:1077C000D1E7BFF35B8F54E8003F23F0100344E898
:1077D00000310029F7D1BFF35B8F114642F225003B
:1077E000FEF74CFD05460028E9D0174A1248012152
:1077F00014F021FABFF35B8F54E8003F23F020031D
:1078000044E80032002AF7D1BFF35B8F34683CB103
:1078100054F8043C043C0BB1002098476468F6E738
:107820000023C6E900339EE76FF015059BE700BF14
:10783000880700201F36030054FE0200B0380020E5
:107840003E3603005C0800205A360300054BBFF3A8
:107850005B8F1B680448BFF35B8F13F0100F08BFEA
:10786000002070475C0800200B49002070B5244EB2
:1078700033688B4204463DD01BB16FF00F042046A5
:1078800070BD204BBFF35B8F1A68BFF35B8F92060E
:10789000F3D4BFF35B8F1B68BFF35B8FDB062CD584
:1078A000316042F226004021FEF740F90546F0B172
:1078B00040210C30FDF768F9234604F1400253F8EB
:1078C000041B40F8041B9342F9D10022294642F2DE
:1078D0002600FEF7D3FC04460028D0D000233360F6
:1078E000094A0A482346022114F0AEF9C7E76FF0AF
:1078F0006804F3E76FF07704C1E76FF07C04BEE73C
:10790000AC3800205C0800208436030054FE0200DE
:10791000F8B51D4BC568BFF35B8F53E8002F22F00D
:10792000200243E800210029F7D1BFF35B8F2A78BA
:10793000AAB916496A1C05F1410052F8044B41F8F6
:10794000044B8242F9D1BFF35B8F53E8001F41F033
:10795000100143E80012002AF7D1BFF35B8F0C4EF1
:1079600034686CB1094F043C23682BB12A78002A93
:107970000CBF38460020984764680CB1043CF3E71C
:107980000023C6E90033F8BD5C0800200B49002045
:10799000B038002005490B6833B1C2680020086088
:1079A000117801B9501C1847704700BFAC3800204F
:1079B00010B50446FCF7B8FD044901EB0011204660
:1079C000FDF7EAFBBDE81040FEF7F8BAB838002032
:1079D00070B5144B1C68054644B154F81C3C1C3C63
:1079E00013B1297B28469847E469F5E70E4C0F4E02
:1079F000B44215D90E490F4A0F4840F28C7313F068
:107A0000D8FA0E4813F0D5FA0A4840F28C7113F0F8
:107A1000C7FA236813B1297B284698472034E7E743
:107A2000F7D370BDEC380020ECFD02000CFE020024
:107A30001D370300ED3603001C1203004419030038
:107A400070B50E46054614F0F7FD014648B10F49E2
:107A50000F48104A982313F0ACFA0E48982113F0FF
:107A60009FFA0D4800220023FCF7A6FD044658B1FA
:107A7000FCF75AFD094B324603EB0013294620461A
:107A8000BDE87040FDF7C0BB70BD00BF38370300D4
:107A90001C120300ED360300CC0E0020B838002085
:107AA00070B5044649B90E490E480F4A402313F0F9
:107AB00080FA0D48402113F073FAD1E901560022F3
:107AC000C1E90122094817F020FD3DB131462046A9
:107AD0002B466FF06D02BDE87040184770BD00BFC7
:107AE000523703001C120300ED360300140E002071
:107AF00010B50C46817801290BD00C490C480D4A71
:107B000040F2D53313F055FA0A4840F2D53113F05C
:107B100047FAA1691160E2691A60E27A04F118007B
:107B20000021BDE8104017F00BBF00BF5537030020
:107B30001C120300ED36030030B5051D85B0044668
:107B40004FF48071284615F0C5F8C00548D4284682
:107B500015F0B8F810F4804F224D30D095F8D93098
:107B6000D90710D5022300211A460091204614F0AF
:107B70007DFE034620B11C4A1C48012115F0A8F8DF
:107B8000637B072B2CD195F8D8309B0628D514F0B1
:107B9000C6FD28B30DF10E0103A8FEF775FCF8B978
:107BA000BDF80E20BDF80C10204614F041FE03462F
:107BB000B0B10F4A0D48012115F08AF810E095F890
:107BC000D8301A07CAD5204614F018FE034620B153
:107BD000084A0648012115F07BF8637B072BBDD0CE
:107BE00005B030BD88070020883703003CFE020046
:107BF0009F3703006737030070B50546174800221A
:107C000000230CF08DFB38BB154B1C6834B154F8C5
:107C1000143C1C3C03B19847E469F7E7114C124E41
:107C2000B44213D91149124A12484FF4D26313F0E7
:107C3000C0F9114813F0BDF90D484FF4D26113F0AB
:107C4000AFF9A36803B198472034E9E7F9D3284690
:107C5000BDE870400CF0F0BE70BD00BFAC0D002060
:107C6000EC380020ECFD02000CFE02001D37030082
:107C7000ED3603001C120300441903002DE9F843FC
:107C8000044617F0F3FE1E4B1A581E4B9A4211D1B0
:107C9000DFF8748040270025EFF3118387F3128803
:107CA000BFF36F8FE16989B983F31188BFF36F8FD9
:107CB000BDE8F88315491648164A4FF4897313F046
:107CC00078F914484FF4897113F06AF9206A0A6848
:107CD000E261814208BF226283F31188BFF36F8F94
:107CE000D1E901694046C1E9015517F00EFC1EB10A
:107CF000002249462046B047FEF760F9CCE700BFB6
:107D000008000000A0310020140E0020BB37030043
:107D10001C120300ED3603000448B0F80431002BB8
:107D200000F5847008BF0020704700BF880700205E
:107D300070B5044617F09AFE0E461549154A0958C3
:107D400091428AB005D120460AB0BDE87040FFF7E5
:107D500095BF24342146104617F055FC051E0FDA56
:107D60000D4A0E490E484FF4A57313F022F90D4841
:107D7000294613F01EF908484FF4A57113F010F9C5
:107D80001EB1694620460CF05DFE0AB070BD00BF12
:107D900008000000A0310020ED3603003F1B030067
:107DA0001C1203000138030038B5002204468A4241
:107DB00002D10024204638BD04F1C8030120BFF3DE
:107DC0005B8F53E8005F002D04D143E8000CBCF149
:107DD000000FF6D1BFF35B8F02D0D0340244E6E748
:107DE000002CE6D0C8220021204617F0A9FD04F19E
:107DF000400004490CF03CFF034904F124000CF05E
:107E000031FDD7E7898C01002DCD0200F7B50D4675
:107E1000012116460446FFF78BFF0021284614F087
:107E200080FC012E1BD0022E45D123693BB1404876
:107E3000404A012113F0FFFE204614F07AFF284645
:107E4000FCF7A2FD20612269138A012B3AD8208811
:107E500014F069FC0121284614F063FC0CE0206951
:107E600040B9354A3248314613F0E5FE204614F059
:107E700060FF01E02F8A2FB9284603B0BDE8F0402B
:107E8000FCF754BD0C3014F0FAFA87420CD92B4A97
:107E90002748314613F0CFFE21690022204601F029
:107EA000E1F900232361E7E720692A8AE9680C30B9
:107EB00014F0EDFAC7E7224A1D483346012114F0B9
:107EC00007FFD3E7D26816880436B6B2B342BED3F2
:107ED0002846FCF72BFD25692B8A9E420BD2194AB6
:107EE00013480096012113F0B9FE204603B0BDE807
:107EF000F04014F01EBF002323612A7A012A0FD01C
:107F0000114A1249124840F2D91313F052F8297A53
:107F1000104813F04EF80C4840F2D91113F040F815
:107F20002946204603B0BDE8F04001F09BB900BFF0
:107F30003CFE02001C3803003938030057380300A8
:107F40007E3803009C380300ED360300B738030089
:107F50001C120300C538030010B50346B0B100F190
:107F6000C802104614F0AEFEE0B1BFF35B8F411CB7
:107F700052E8004F844204D142E8001CBCF1000FDB
:107F8000F6D1BFF35B8FECD1184610BD0649074808
:107F9000074A40F2CF5313F00CF8054840F2CF5196
:107FA00012F0FEFF0346EFE7913C03001C120300B2
:107FB000ED36030038B50121044600F1BC03BFF3E0
:107FC0005B8F53E8002F43E80015002DF9D1BFF374
:107FD0005B8F32B9FFF7C0FF044804F1B80114F019
:107FE00046FEBDE83840FDF7E9BF00BFAC08002001
:107FF00070B5354DD5F8244114B90026304670BD12
:10800000324B5A8C22B1B5F804312BB99B68FFDE94
:108010001B68002BF1D0F6E7D5F81031002BECD01F
:108020002B4B1B68002BE8D054F8143C002BE4D0F9
:1080300054F8103C002BE0D054F80C3C002BDCD062
:1080400014F8AB2C072AA4F1B8060DD13046984796
:1080500050B104F1080014F035FE022804DC30466B
:10806000BDE87040FFF778BFD5F824315BB91949F6
:1080700019481A4A40F2C13312F09BFF174840F2E8
:10808000C13112F08DFFD5F828111A68C5F82421E6
:108090008B4208BFC5F828219C42E8D1BFF35B8F13
:1080A000231D002253E8001F43E800200028F9D1D7
:1080B000BFF35B8F304654F80C3C984700289DD0A6
:1080C0003046FFF777FF99E788070020CC0E0020A5
:1080D000140E0020D33803001C120300ED360300F9
:1080E00037B570B92049214A214840F2F75312F0C0
:1080F00060FF204812F05DFF40F2F7511B4812F07C
:108100004FFF8578C478BFF35B8FC83050E8003FDD
:108110005A1E40E800210029F8D1BFF35B8F01A867
:10812000019314F0CFFD019B002B0CDC12490F4A88
:108130000F4840F2076312F03CFF104812F039FF7D
:1081400040F20761DAE701280BD10D480CF0A6F8E0
:108150000C480CF071FC012D03D1012C01D1FFF76B
:1081600073FA03B030BD00BF913C0300ED3603004D
:108170001C120300DD380300FC380300043903003F
:10818000AC0D0020F0090020F8B5467B8E4200AF10
:1081900004460D461AD1082E96BF614B614B53F829
:1081A00026306C4688B06A465F49C2E905134FF431
:1081B000007393835D4B42F8103F5D4800234FF4FA
:1081C000E451FAF7A5FAA546BD46F8BD417326B9B4
:1081D0008378082B01D0FFF7BFFE637B082B00F2EA
:1081E0009C8001A252F823F043820100C182010069
:1081F000C9810100C9810100C9810100C981010053
:10820000C98101000D820100C9810100A378042BFE
:10821000DAD0484800210FF06DF80023C4E90D338F
:10822000E378012BD0D1A378012B04BF032384F87A
:1082300094304FF42032002304F140000CF0BAFDDA
:10824000C2E7A378042B03D12046FFF749FFBBE721
:10825000082EB9D801A353F826F000BFB38201005D
:1082600081820100A582010049820100498201004A
:1082700049820100A5820100B3820100B38201009E
:1082800004F1400528460CF015FE01212046FFF7B9
:108290004FFD204614F04DFD0022002328460CF02F
:1082A00003FE91E7237B002BCED02046FFF790FB07
:1082B000CAE7214A2B461E48022114F009FD83E734
:1082C000237B3E2B0FD16D4688B06A461B4BC2E91B
:1082D0000534032342F8103F154800234FF4C451DE
:1082E000FAF716FAAD46164D05F58476616911B9AF
:1082F000FDF764FE68E7A2690B686361914208BFFD
:10830000A3612046FFF7CCFBB5F80431002B14BF66
:10831000304600200BF0C2FFE8E70A4A2B46CAE7C6
:1083200078050300223903002C3903000300000103
:108330003CFE0200000A00203D39030054390300CE
:10834000880700207B39030070B5024605460E46BB
:108350000A48012114F0F6FC044610B90024204616
:1083600070BD83781E42FAD1054A06482B46022189
:1083700014F0AEFC2046FFF7B3FEEFE7A823002081
:10838000973903003CFE0200F8B5074609480D4640
:108390001646FFF7E1FD044650B183781F4203D132
:1083A000BDE8F840FFF79CBE3146A8472046F7E7F6
:1083B000F8BD00BFA8230020024900220120FFF7DA
:1083C000E3BF00BF21CD02000C4A0D4908B5831A56
:1083D0001B11904201FB03F30ED00A490A4A0B48D5
:1083E00040F22D6312F0E5FD094812F0E2FD064867
:1083F00040F22D6112F0D4FDD8B208BDA8230020B0
:10840000C54EECC4AE390300ED3603001C12030068
:10841000773A03002DE9F8430F46054690461C467F
:108420001646994617F0FFF8014658B11749184803
:10843000184A40F2496312F0BCFD164840F2496107
:1084400012F0AEFD54EA080408D017F00FFB124AF0
:10845000124B12589A4204BF0E46B146104932469A
:108460004B46002D14BF2846084613F0F1FF044682
:1084700038B90C4A0C48022113F0DDFB2046BDE858
:10848000F883791D0C30FCF701FBF7E7913A030004
:108490001C120300ED36030008000000A03100208C
:1084A000300E0020A03A03003CFE020010B5044646
:1084B00005480CF0C1FA204600F048FD2046BDE812
:1084C0001040FFF785BA00BFE009002010B5437BDC
:1084D000023B0446062B29D8DFE803F00B042828CA
:1084E000281E0900017300212046FFF74DFE0020E1
:1084F00010BD8378012BFAD00E4A0F490F4840F285
:10850000737312F056FDA1780D4812F052FD094820
:1085100040F2737112F044FD008814F04CF9002809
:10852000E6D1637B072BE2D10821DDE76FF07F0006
:10853000DEE700BFED360300C25403001C12030047
:10854000C93A03002DE9F04F87B000AF0025FD6068
:108550007D61FFF74DFD0446F8B1437B072B26D024
:108560006E4688B06A46A64BC2E90530032342F83E
:10857000103FA4482B464FF4C451FAF7C9F8B5464A
:108580004FF0FF31D4F8A43007F11002204698478D
:10859000014630B92046FFF7A3FD1C37BD46BDE8B4
:1085A000F08F7B69FA68204614F0A3FBE8E7DFF858
:1085B0005892D0F8A430B9F8041107F11002984786
:1085C00005460028E6D0B9F804213B699A4208D351
:1085D0000146D4F8A86007F1140307F10C02204605
:1085E000B0477B697B602B8AD7E9036B5BB987490E
:1085F000874A884840F2912312F0DBFC40F2912137
:10860000834812F0CDFC284614F016F8824648B193
:108610007E497F4A7F4840F2972312F0CAFC40F21D
:108620009721EDE7B9F804317B48002B08BF002003
:10863000002200230BF074FE60B17449744A75483F
:1086400040F2A62312F0B5FC744812F0B2FC40F2DE
:10865000A621D5E77248002200230BF0B5FD804625
:1086600060B96A496A4A6B484FF42C7312F0A1FC56
:108670006C4812F09EFC4FF42C71C1E77B68466099
:108680008360B9F804612B7AB34598BF1FFA8BF663
:10869000012B09D064495E4A5E484FF4317312F0F1
:1086A00088FC4FF43171ABE72B8AB34211D92846CD
:1086B000FCF76AF93146FFF7C3F9064660B95B4932
:1086C000534A544840F2D22312F073FC40F2D221B4
:1086D00096E731462846EEE7B9F8042194F8C4300D
:1086E00093459ABF0233DBB24FF0010A7B6084F8F6
:1086F000C4A004F1C00BBFF35B8F5BE8002F013215
:108700004BE800210029F8D1BFF35B8F04F114037B
:10871000184641463B6014F0AAFA94F802A07B6820
:10872000BAF1010F0DD03A4A38493A4840F2F623DF
:1087300012F03FFCA1783E4812F03BFC40F2F621DB
:108740005EE7042106F10C007B60FCF7C1F97B6851
:10875000228803F0FD0342EA03330380338A043B9B
:108760004380022333763046FDF7DEFA002843D0FB
:108770007860BFF35B8F5BE8002F013A4BE8002184
:108780000029F8D1BFF35B8F414604F1140014F0C7
:1087900078FA7B68274A1B48514614F099FA30460C
:1087A000FCF7C4F820464146FFF77AF9B9F80431DE
:1087B0001948002B08BF00200BF070FD6E4688B0F2
:1087C0006A461D4B53616FF00403C2E9063404236B
:1087D00042F8103F0B4800234FF40151F9F798FF7E
:1087E000294620467B69FA68B54614F082FA1321BF
:1087F0002046FFF76BFECDE6FDF7E0FBCAE600BFC3
:10880000E03A03003CFE020088070020C254030047
:10881000ED3603001C12030090080020F73A030015
:10882000140E00200C3B03001C3B0300313B0300F3
:10883000453B0300422E0300623B0300F8B5031DD5
:108840000446184614F03EFA020519D5B4F88620FD
:10885000B4F88810914213D8B4F88A1091420FD31B
:10886000D4E9231291420BD1BFF35B8F53E8001F71
:1088700021F4006143E80012002AF7D1BFF35B8FB7
:10888000184B1D686DB155F80C6C1C3D3EB1B4F829
:108890008E30B4F88C20B4F886102046B047ED69CD
:1088A000F0E7114D114FBD421AD91149114A124832
:1088B00040F2D77312F07DFB104812F07AFB0D489E
:1088C00040F2D77112F06CFB2E693EB1B4F88E30D5
:1088D000B4F88C20B4F886102046B0472035E2E783
:1088E000F2D3F8BDEC380020ECFD02000CFE0200D3
:1088F0001D370300ED3603001C120300441903006A
:108900002DE9F041074608460D4613F00DFF0646D7
:1089100018B900263046BDE8F0811C4B1C6884B1B4
:1089200054F8103C1C3C0BB9E469F8E7294638467A
:1089300098470028EDD0284613F0F6FE0028F3D122
:10894000E7E7134CDFF84C80444518D91249134A25
:10895000134840F61F0312F02CFB124812F029FBBB
:108960000E4840F61F0112F01BFB29463846984777
:108970000028CED0284613F0D7FE20B9C9E7C9D2C7
:10898000E368002BF1D12034DEE700BFEC38002093
:10899000ECFD02000CFE02001D370300ED36030063
:1089A0001C120300441903002DE9F041C37804466A
:1089B0008BB900F17E06194B1D687DB11C3D04F199
:1089C00070076B691BB13A46314620469847ED69FE
:1089D00025B11C3DF5E700F17706ECE7104D114F8E
:1089E00004F17008BD4216D90F49104A104840F6EC
:1089F000F91312F0DEFA0F4812F0DBFA0B4840F6DA
:108A0000F91112F0CDFA6B691BB14246314620468E
:108A100098472035E6E7F6D3BDE8F081EC38002032
:108A2000ECFD02000CFE02001D370300ED360300D2
:108A30001C12030044190300F8B5437A83720546FB
:108A4000164614F0E5FA154B1C684CB154F8043C7A
:108A50001C3C1BB1697A324628469847E469F4E722
:108A60000F4C104FBC4216D90F49104A104840F61F
:108A70006A2312F09EFA0F4812F09BFA0B4840F658
:108A80006A2112F08DFAA3691BB1697A3246284631
:108A900098472034E6E7F6D3F8BD00BFEC38002055
:108AA000ECFD02000CFE02001D370300ED36030052
:108AB0001C1203004419030008B5084B1A6800F1A2
:108AC0001C0122B9054814F0D2F8104608BD9142A5
:108AD00001D01268F5E76FF01000F7E7EC380020DE
:108AE00038B505460C460F480121FFF75DF9C0B1C6
:108AF000057223680367A388A0F87430A37980F80F
:108B000076300123437283728370074BC0F8A43020
:108B1000064BC0F8A830064BC0F8AC30054BC0F887
:108B2000883038BDA823002081900100F17A01002F
:108B3000B9CC02001800280070B505460A480E4658
:108B4000FFF70AFA044620B18378012B04D0FFF71F
:108B5000C7FA0024204670BD3246294614F05CF95D
:108B60000028F7D12046F2E7A8230020B0B500AFD7
:108B70000D46FFF7E1FF044608B32846FCF77CF8F2
:108B8000637B082B96BF0F4A0F4B52F823306D467C
:108B90008AB06A460D49C2E907030D4B53620D4B7B
:108BA000C2E9051442F8103F0B4800234FF442512C
:108BB000F9F7AEFD2046AD46FFF792FA0120BD461B
:108BC000B0BD00BF7805030022390300853B0300D8
:108BD00001030204050000023CFE0200F8B5054650
:108BE0000E480E461746FFF7B7F9044620B18378C2
:108BF000012B03D0FFF774FA00240DE036B13246A2
:108C0000294614F009F908B92046F3E7637BBB4213
:108C1000FAD1237AAB42F7D12046F8BDA823002031
:108C200038B5044608460D4613F07EFD38B3154BA3
:108C300093F8D830990707D4E37873B129462046D2
:108C4000BDE8384000F03ABB94F895309A07F3D568
:108C5000201D14F037F8C304EED42946204614F042
:108C6000FDF858B92B88A4F888306B88A4F88A30AE
:108C7000AB88A4F89030EB88A4F8923038BD6FF040
:108C80001500FBE788070020F7B510F8333C0446D1
:108C9000A0F140068BBB304614F0A2F93D4B1D6895
:108CA0004DB155F8183C1C3D1BB114F8341C30462E
:108CB0009847ED69F4E7384D384FBD4216D9384929
:108CC000384A394840F29D7312F073F9374812F070
:108CD00070F9344840F29D7112F062F96B681BB173
:108CE00014F8341C304698472035E6E7F6D3304672
:108CF00003B0BDE8F040FFF7F3B910F83E3C012B9C
:108D000046D1BFF35B8FA0F13C0555E8003F23F44B
:108D1000006245E800210029F7D1BFF35B8F1905F8
:108D200023D5A36C00936946236D01933046FFF76A
:108D300077FF034698B9BFF35B8F55E8003F23F4F4
:108D4000806345E80032002AF7D1BFF35B8F4FF410
:108D50000071284603B0BDE8F04013F0BBBF144AD1
:108D60001448022113F0B4FFF1E7134A4FF428131B
:108D700069463046CDE90023FFF752FF034628B984
:108D80004FF48061284613F0A5FFE0E70B4AE7E7C0
:108D900003B0F0BDEC380020ECFD02000CFE020038
:108DA0001D370300ED3603001C12030044190300B5
:108DB000BE3B03003CFE020018002800E33B03001A
:108DC0000B4B58B11A6862B902693AB902685AB9CC
:108DD00042684AB982683AB942692AB918600020E3
:108DE00070476FF0770070476FF01500704700BF55
:108DF000FC38002008B568B1094B1A6800F10C0175
:108E000022B9074813F033FF104608BD914204D041
:108E10001268F5E76FF01500F7E76FF07700F4E7F9
:108E2000F438002010B50C4816F062FB0B490A48D4
:108E300016F06BFB0A49084816F067FB094906481B
:108E400016F063FB14F0C5FC04F05CFE044608B9A0
:108E500014F030F9204610BD140E0020C838002050
:108E6000D4380020E038002008B50346034A0448FF
:108E7000012112F0E9FE002008BD00BF963C03006E
:108E80007CFE020080B500AF88B06A46074BC2E99D
:108E90000530032342F8103F054800234FF4C25128
:108EA000F9F736FC6FF00B00BD4680BDBE3C0300F9
:108EB0007CFE0200044B1A680AB1FFF7E3BF0348C7
:108EC00058600B601046704700390020BC05030055
:108ED00010B50268D2F8B0305BB91849184A194881
:108EE0004FF42F7312F065F84FF42F71144812F0FD
:108EF00057F8D2F8B4401968C2F8B010A34208BFBE
:108F0000C2F8B41000F14C029342E6D1BFF35B8F7C
:108F10005030002250E8003F40E800210029F9D1FC
:108F2000BFF35B8F4BB90849054A06484FF43073CD
:108F300012F03FF84FF43071D8E710BD163D030032
:108F4000E53C03001C120300303D0300F7B52F4D34
:108F50002F4F04460026BD4255D92E492E4A2F4890
:108F60004FF4C97312F025F82D4812F022F82A4860
:108F70004FF4C97112F014F86B6801A920469847A4
:108F800000283BDB019B2A889A829A8403F1100215
:108F9000A868BFF35B8F52E8001F42E8006CBCF189
:108FA000000FF8D1BFF35B8FC3E91466DE649E60E7
:108FB000A16B03F1080219BBC4E90D221C60D86043
:108FC00003F1300016F094FA019843681B6803B16E
:108FD0009847019BBFF35B8F103353E8001F41F0AC
:108FE000010143E80012002AF7D1BFF35B8F01981B
:108FF0004368DB6913B100F1100198470C35AAE70B
:109000000A60A263DAE7B7D303B0F0BDC8FD02007F
:10901000ECFD0200343D0300E53C03001C1203009C
:109020004419030073B5054618462B680BB35B7BE8
:10903000072B1ED1002A0E7A14BF022301239E4261
:1090400009DD0D4A0D480096012112F007FE6FF070
:10905000150002B070BDCB7A072BF8D9C8618A61C0
:1090600005F1300016F051FA284613F04CFF0020AD
:10907000EFE76FF07F00ECE75B3D03007CFE020052
:109080002DE9F047D0F8B04000AF0E4691464CB104
:109090004C3C236B6BB104F1300A504616F04AFA8F
:1090A000054658B9FCF78AFF00252846BD46BDE8AD
:1090B000F0872046FFF70CFFE46CE8E713F0BCFAFA
:1090C00080B16C4688B06A46304BC2E9053503234F
:1090D00042F8103F2E4800234FF4C251F9F718FB15
:1090E000A546E1E7636DB3B9A38CB5F81080403BAA
:1090F0009BB23F2B03D8238D984528BF9846042167
:1091000005F10C00FBF7E4FCA0F80080A38C438081
:1091100008F104036365636D2A8AB34221D8934240
:1091200012D10022002350460BF04EF8854221D088
:1091300018491948194A40F2CB3311F03AFF174841
:1091400040F2CB3111F02CFFA38C403B9BB23F2B64
:1091500019D92046FFF7BCFE236B13B1204613F04C
:10916000D2FE636DC9F800309E4234BF9E1B0026BC
:1091700066659AE7A38CA3F140023F2AE9D8084A22
:10918000AA61EB61E5E700221346F9E77B3D0300A6
:109190007CFE0200933D03001C120300E53C03002B
:1091A00065D0020073B50D460646042105F10C009A
:1091B000FBF7CCFC2B8A42889A42044607D01B4816
:1091C000009201211A4A12F049FD02B070BD4378A5
:1091D0003BB9184A1548012102B0BDE8704012F0B1
:1091E0002ABD0378012BF0D0132B03D1012AECD830
:1091F000114AEFE7114A0D48022112F025FD61786E
:1092000035680222012013F062FE04460028DCD0FB
:1092100002210C30FBF7B8FC002303704370214699
:10922000284602B0BDE8704013F029BF7CFE020062
:109230009C3D0300BD3D0300DE3D0300FA3D0300FD
:1092400008B50B8A032B06D8044A0548012112F001
:10925000F2FC002008BDFFF7A5FFFAE7223E03005D
:109260007CFE020038B50B8A032B05460C4609D854
:109270000F4A1048012112F0DEFC2046BDE83840BC
:10928000FBF754BB042104F10C00FBF75FFC4188A1
:10929000284613F005FF30B9074A06480B4602215D
:1092A00012F0D2FCE9E7436821465B699847E4E79E
:1092B000403E03007CFE02005D3E030070B5124B91
:1092C0000C4619780131C9B2012938BF0121054680
:1092D00008221220197013F0FAFD064688B1082101
:1092E0000C30FBF751FC2288028062884280A28801
:1092F0008280E288C28031462846BDE8704013F083
:10930000BEBE6FF00B0070BD4B49002023281FD854
:109310001A2804D8431E182B0ED906207047A0F136
:109320001B03082B1ED8DFE803F0051D1B231D19A6
:10933000251D0500032070470F4A012383401A4072
:10934000C2B90E4A1A40002A14BF012006207047F5
:1093500000F07F03522B05D1002070470120704799
:109360000520704710F0400F0CBF0620002070470A
:109370000420704702207047AAAA8A02545545016A
:10938000011F01480AF080BC980C002010B500F1C4
:1093900058030446BFF35B8F53E8001F41F00101FF
:1093A00043E80012002AF7D1BFF35B8F201F13F0B0
:1093B00040FF04F17C0004490BF05AFC2068BDE832
:1093C000104002F0A7BD00BF61A401002DE9FF41DC
:1093D00005460E464FF000084FF42053006817680A
:1093E0008DF8088002A91446ADF80A3013F0B9F8D8
:1093F000A0B142F6010328688DF80C8003A9ADF8EE
:109400000E3013F0AEF848B123691BB15A88B2424E
:1094100000D25E80012004B0BDE8F0816168286858
:1094200013F09FF810B100232361F3E7E368A0680D
:109430001A786AB1B7F81AC0798D038A8C4594BF3F
:10944000C3EB0C03C3EB0103934201DA0020E2E714
:1094500004210C30FBF798FB2061068023695E80B5
:10946000074B00930194A26800232946384613F065
:1094700023FF0028EADB2069003818BF0120CAE773
:1094800099D202002DE9F04182B000AF044688462F
:109490003E480022002339460AF06AFB0546B0B177
:1094A0006D4688B06A463A4BC2E90534032342F858
:1094B000103F384800234FF4C251F9F729F9AD465F
:1094C0006FF00B0630460837BD46BDE8F08116F058
:1094D000CDFA314B3E681A58304B29461A60301D80
:1094E0002C2216F02DFA34603C682D487D60C4E9CA
:1094F0000155C4E90A5500220023391D0AF038FB42
:10950000064688B123686C4688B06A462549C2E998
:109510000513032342F8103F1E482B464FF4C45155
:10952000F9F7F6F8A546CBE77B680146B82218465E
:1095300016F006FA1C4A8260643015F0D9FF7B6889
:10954000BFF35B8F5C3353E8002F43E800610029D1
:10955000F9D1BFF35B8F7B681C60A36A7D681BB980
:1095600004F10C0015F0C4FFA26AC5F8B020E26A4D
:1095700005F1B003A36202B9E3627B6817225A8542
:109580005A830433C8F800309CE700BF780C0020F1
:10959000923E03002CFE020008000000A0390020CB
:1095A000980C0020B73E0300100A00202DE9F74375
:1095B000176805468846006851687E68144612F0B0
:1095C000D0FF8146002842D130469522294614F02A
:1095D00093FB0646207540B1E3681B780BB184F815
:1095E0001490002003B0BDE8F083A068FBF7E4F915
:1095F00002210C30FBF7C8FA164B2061A0F800805E
:1096000000930194A26833462946384613F054FE6D
:10961000002807DA10F1FF0F26BF4042C0B20E202B
:109620002075DEE72369002BDBD0A06813F04DFD29
:109630007B8B7A8D9A4294BFC0EB0200C0EB030093
:10964000E3681B78984294BF00200120CAE70120FC
:10965000C8E700BFDBD002002DE9F04F91B01668DB
:1096600080460F46002542F601030068D6F80490B4
:109670008DF82C500BA91446ADF82E3012F071FF66
:10968000002870D04FF42053D8F800008DF82C50EB
:109690000BA9ADF82E3012F064FF38B1A3681BB1EE
:1096A0005A88BA4200D25F8001200EE06168084605
:1096B00013F00BFD728B738D9A4294BFC0EB0200C6
:1096C000C0EB0300032803D8002011B0BDE8F08FE1
:1096D0000846FBF771F90546606813F0F6FC728BDB
:1096E000738D05F10C0B9A4294BFC0EB020AC0EBDC
:1096F000030A584612F0C3FE824537D2606813F061
:10970000E4FC728B738D9A4294BFC0EB0200C0EBF5
:10971000030070B96368987AFAF7FEFE002200230E
:1097200012F096FE05460028CED001466068FBF791
:1097300089F900230093D8F80460102302AA414657
:109740004846B047061E0EDB227CE068B2422BD0B2
:1097500001460BA812F033FF60B9237C144A154868
:10976000022112F071FA0023A3609DE7584612F01F
:1097700086FECEE7F2B202A906A812F020FF10B9C9
:109780000D4A3346EBE706A90BA812F0EAFE0028C3
:10979000E9D100236374042105F10C00FBF7F4F90F
:1097A000A0600780A3687EE702A916F0D1F8EEE773
:1097B000DC3E03002CFE0200FB3E030008B5437BA9
:1097C000072B06D00C4A02210C4813F098FC00200D
:1097D00008BD042113F064FC10B9094A0121F3E724
:1097E000BFF35B8F836DBFF35B8FDB0701D4054A4B
:1097F000F4E750F8040CEBE71A3F03002CFE0200DC
:10980000283F0300433F030010B50446807AFAF76F
:1098100083FE0B4B83420BD00A490B480B4A4FF493
:109820008D7311F0C6FB09484FF48D7111F0B8FB30
:109830002046FAF779FE064B182202FB003010BDD5
:10984000640E00208C3F03001C1203005D3F0300E8
:10985000583900202DE9F047074608460C46FFF727
:10986000D3FFE368D0F80890BFF35B8FFA6DBFF3C6
:109870005B8FD207064609D4294A2A48012113F0F2
:109880003EFC6FF015052846BDE8F087228A5AB9DC
:1098900025492648264A4FF4B37311F08AFB244821
:1098A0004FF4B37111F07CFBE26812780271002270
:1098B00002601B78D22B0FD13B682146186814F048
:1098C0004CFD054640B11B4A1648012113F017FC18
:1098D0002046FBF72BF8D6E704F10C0012F0CBFD85
:1098E0000023B4F810A0B76080461A462146381D00
:1098F000FFF798FB05460028C5D010F1690F04D189
:109900000D4A0848012113F0FAFB6369A4F810A07E
:1099100013FA88F3E360C6F808903560B3E700BF38
:10992000433F03002CFE0200B83F03001C1203005B
:109930005D3F0300DE3F0300F13F030008B558B967
:1099400019491A4A1A4840F27A3311F032FB40F2B0
:109950007A31164811F024FB49B91649134A1448C4
:1099600040F27B3311F025FB40F27B31F1E74A688E
:109970004AB911490D4A0E484FF45F7311F019FBB3
:109980004FF45F71E5E7036E4BB10C49074A084895
:1099900040F27D3311F00DFB40F27D31D9E7BDE897
:1099A000084013F0B6BD00BF144003005D3F030044
:1099B0001C1203002A400300194003002340030047
:1099C0002DE9F14F0546FFF71FFF00211822D0E9CE
:1099D0000246D0F800A090F80490C788D0F8108014
:1099E00015F0AEFFA87AFAF797FD6969834651B181
:1099F0006B7AD80705D4DBF82C301B6828469B68A7
:109A0000984700236B612946584615F089FDB9F146
:109A1000000F4CD0002C4AD02368002B47D01B6885
:109A2000002B44D0BAF1000F08D02F4A2F485346DC
:109A3000012101B0BDE8F04F12F006B94846FFF72A
:109A400065FC0546201D13F0FDFD052D3CD80123C6
:109A5000AB4013F014092AD113F0090F1DD113F0F4
:109A6000220F31D0BFF35B8FE36DBFF35B8FDA075B
:109A700007D41F4A1D48012101B0BDE8F04F13F083
:109A80003EBB236E9BB14FF47022002304F1800093
:109A900001B0BDE8F04F0BF007BA23681D68BFF3B3
:109AA0005B8FE36DBFF35B8FDB07E2D53EB901B09F
:109AB000BDE8F08F41462846B04709F101091FFA79
:109AC00089F3BB42F6D3F2E70A4A0B490B484FF43D
:109AD0002F7311F06EFA0A48294611F06AFA054808
:109AE0004FF42F7111F05CFA2E4003002CFE02009F
:109AF000433F03005D3F0300C25403001C120300F8
:109B00004D40030073B50D46438D418B8B4202F1EE
:109B1000010228BF0B469A42064609D9174800920F
:109B20000221174A12F09AF80024204602B070BDB4
:109B30002846FFF7EBFB022812D0042810D04FF084
:109B4000FF324FF0FF330F48002113F07EFA044636
:109B500050B90D4A09482B46012112F075F8E3E788
:109B60004FF470220023EEE7FFF74EFE01218660DE
:109B700004F10C00FBF708F80570D6E72CFE020094
:109B800066400300640E0020963C0300F7B50B8A84
:109B9000076804460D463BB9294A2A48012113F0BB
:109BA000AEFA002003B0F0BD012105F10C00FAF778
:109BB000CDFF7B7B072B0646F3D154F8043C002BEA
:109BC000EFD003782048043C002210F832709F4206
:109BD00000EBC2010FD12A8A48788F78904222D9AF
:109BE0001848009301211346184A12F037F8012F44
:109BF000D7D1042320E001320E2AE6D11148144ABD
:109C0000022112F021F831780846FFF77FFB002887
:109C1000C7D00528C5D00029C3D00623002220467E
:109C200013F054FDBDE74B68204629469847012FA5
:109C30000346B6D10028B4D031780029B1D0EDE781
:109C40008B4003002CFE0200E4050300C04003002B
:109C5000A6400300F0B51E4603680D46003987B0E4
:109C6000044618BF01211868174614F07FF840B960
:109C700004F15C0013F0E2FB002844D0002007B0A0
:109C8000F0BD002E41D018220021684615F058FE84
:109C900047BB23681E4A1B6800930023ADF81230AF
:109CA0000C9B0393BDF83430ADF8103001238DF8D0
:109CB000143031466B4630468DF8085013F052FA96
:109CC0009DF81430C3B1002FD8D00198FAF72EFEBA
:109CD0009DF81430002DD1D032462946204613F08D
:109CE000F5FCCBE7002239462046FFF70BFF019039
:109CF0000028CED11120C2E701990029BED020460C
:109D000013F0D6FCBAE71220B9E70120B7E700BF8D
:109D100003D10200F8B50F461646FFF74FFDB0B16C
:109D2000846A20461CB150F8B04904B1B03C731CA1
:109D3000194638B1428D458BAA4228BF2A469A421D
:109D400007D264B90A4A0B48022111F07DFF0020B6
:109D5000F8BD32463946BDE8F840FFF7D3BED4F827
:109D6000B05005B1B03D20460B462C46E2E700BF9F
:109D7000DF4003002CFE0200F8B54FF470220746C6
:109D800000230F480D4612F063FB044638B90D4A14
:109D90000D482B46012111F057FF2046F8BD00F178
:109DA0000C0609213046FAF771FE2046FFF72CFD1C
:109DB000012187603046FAF7E7FE0570EDE700BF46
:109DC000640E0020963C03002CFE02002DE9F041B9
:109DD0000E8A043EF6B2022E04468CB0084601D02C
:109DE000102E64D104210C30FAF7B0FE0DF10808F2
:109DF00005884788011D3246404612F0E0FB0028E6
:109E000057D09DB3002687B3BD422FD84FF42053BF
:109E100001A940468DF80460ADF8063012F0A1FBB0
:109E200040BB1422002107A815F08AFD112120460D
:109E3000FFF7A2FF0990002837D001210C30CDE9AF
:109E40000748FAF7A1FE00230A901B4A037039461F
:109E50000B93284607AB13F085F90A9B1B78FBB9D7
:109E60000998FAF763FD0A2301E03D4601232A46DB
:109E700010210EE042F6010307A940468DF81C6050
:109E8000ADF81E3012F06DFB0028CAD010232A4610
:109E90001946204613F01AFC00200CB0BDE8F081F2
:109EA0000999204613F004FCF6E71120F5E7042099
:109EB000F3E70E20F1E700BFCD9301002DE9F04359
:109EC000036885B004460D461868012113F04EFF63
:109ED00040B904F15C0013F0B1FAB0BB122005B038
:109EE000BDE8F08310220021684615F029FD2121EC
:109EF0002046FFF741FF029048B3DFF858900094E6
:109F000005F10C074FF001082B8A012B04D80299A8
:109F1000204613F0CDFB18E0384612F0A4FA6B4649
:109F20004A46014606468DF80C8013F01BF99DF851
:109F30000C30002BE8D00298FAF7F8FC9DF80C30B2
:109F400032462021204613F0C1FB0020C7E7112034
:109F5000C5E700BFA1D402002DE9F043036885B036
:109F600004460D461868012113F000FF40B904F1C2
:109F70005C0013F063FAB0BB122005B0BDE8F083BB
:109F800010220021684615F0DBFC0F212046FFF768
:109F9000F3FE029048B3DFF85890009405F10C07E7
:109FA0004FF001082B8A012B04D80299204613F0A8
:109FB0007FFB18E0384612F056FA6B464A460146D7
:109FC00006468DF80C8013F0CDF89DF80C30002B70
:109FD000E8D00298FAF7AAFC9DF80C3032460E2120
:109FE000204613F073FB0020C7E71120C5E700BF30
:109FF0005BD40200F0B51D46036885B004460E46EA
:10A0000018680121174613F0B1FE38B904F15C005D
:10A0100013F014FA48BB122005B0F0BD65B310224E
:10A020000021684615F08CFC39462046FFF7A4FE57
:10A03000029018B3BDF82830ADF8043001238DF834
:10A040000C300F4A00946B462946284613F08AF8D4
:10A050009DF80C305BB10298FAF768FC9DF80C3063
:10A060002A463146204613F031FB0020D4E70299FE
:10A07000204613F01DFBF8E70120CDE71120CBE7C8
:10A080005BD402002DE9F0410D8A043DEDB2022DB2
:10A0900004468CB0084601D0102D68D104210C3044
:10A0A000FAF754FD0DF1040806884788011D2A4679
:10A0B000404612F084FA00285BD0BEB3AFB3BE4274
:10A0C00034D800238DF8183006A942F62A334046CA
:10A0D000ADF81A3012F045FA80BB182200210DEBC2
:10A0E000020015F02DFC09212046FFF745FE0890DF
:10A0F00000283AD001210C30CDE90648FAF744FD9A
:10A100000023099003700A238DF82C301A4A06ABFD
:10A110003946304613F026F89DF82C3003B30898E2
:10A12000FAF704FC9DF82C3001E03E46012332464C
:10A130000821204613F0CAFA00200EE0236801210E
:10A14000186813F013FE0028C7D104F15C0013F067
:10A1500075F9002814BF002012200CB0BDE8F08172
:10A160000899204613F0A4FAE6E71120F5E7042049
:10A17000F3E70E20F1E700BFAD9501002DE9F043B4
:10A180000F4687B00446062107F10C00FAF7DEFC03
:10A190000588B0F802808288D7F80C90C5B10023FA
:10A1A000B8F1000F13D0454512D88DF800308DF866
:10A1B000043001A94FF420536846ADF80220ADF8F1
:10A1C000063012F0CEF9064660B10A2301E045469A
:10A1D00001232A460621204613F078FA002007B012
:10A1E000BDE8F0830146142201A83F7C15F0A8FBCE
:10A1F00007212046FFF7C0FD0290D8B10A238DF851
:10A2000015300D4A019401AB41462846CDE903695A
:10A210008DF8147012F0A6FF9DF815302BB102983E
:10A22000FAF784FB9DF81530D3E70299204613F026
:10A230003FFAD3E71120D2E7599601007FB5CB68EA
:10A240001D885E88044685B176B1B5420DD81022CE
:10A250000021684615F074FB05212046FFF78CFDB0
:10A26000019058B9112007E0354601232A46042100
:10A27000204613F02BFA002004B070BD6B46094A4B
:10A2800000943146284612F06DFF029B23B90198D5
:10A29000FAF74CFB0A23E9E70199204613F008FA84
:10A2A000E9E700BF7BD1020013B50B460021019105
:10A2B0000E49024615F0DAFB0C680D4909580D48A5
:10A2C0008C4208BF002201A908BF134609F050FCC8
:10A2D000014640B9019B1C22184615F031FB03468C
:10A2E000184602B010BD0023FAE700BFA0390020D5
:10A2F00008000000B80C002010B50446806818B1B2
:10A30000FAF714FB0023A36021460248BDE8104081
:10A3100009F0BABCB80C00202DE9F34704468030A0
:10A320000E4617461D460AF0C5FD206E58B9174A5D
:10A330001748022112F0E3FE206813F03BF90020D9
:10A3400002B0BDE8F087134B98424FF0000802D1ED
:10A35000C4F86080F0E7D0F80490C0F80480206E64
:10A36000D0F818A0FFF7C8FF2068C4F8608013F089
:10A3700021F9B9F1000FE2D02068CDF800A0006803
:10A380003B4632462946C847D9E700BFFA4003009A
:10A390002CFE0200A4390020F7B550F8044C054605
:10A3A000002C59D000F1AC0104F1280013F02BF877
:10A3B0002E1F05F1600700220023384609F004FF34
:10A3C000024678BBEB6D2BB101466FF06703304658
:10A3D000FFF7A2FF002345F8043C05F15803BFF343
:10A3E0005B8F53E8001F21F0010143E80012002AAF
:10A3F000F7D1BFF35B8FA36A73BB04F10C06002295
:10A400000023304609F0E0FE78B9666886B9134843
:10A410002660214609F038FC286803B0BDE8F0400A
:10A4200001F046BEFAF782FAC5E7FAF77FFAE6E7E7
:10A43000A26833686360964208BFA36077683FB143
:10A44000B3690093002320681A466FF06701B8478C
:10A450003046FFF751FFD8E703B0F0BD780C00207D
:10A460002DE9F04192B050F8803C06AF06461868DE
:10A4700012F0F2FC037804463D1D032B47D8DFE8B9
:10A4800003F00240424425492846F4F781FFA379AE
:10A49000059562780492A2780392E278029222797A
:10A4A00001926279009207F110081D4A1E21404670
:10A4B0000FF0BAFF6C4688B006AA1A4BC2E90538FD
:10A4C0004FF400739383184B42F8103F00234FF46E
:10A4D000E2511648F8F71CF9A6F17C00A546FFF7F3
:10A4E0005BFF56F87C0C1321FDF7F0FF034620B10B
:10A4F0000F4A0E48012111F0A7FB3037BD46BDE8D9
:10A50000F0810C49C0E70C49BEE70C49BCE70C4A96
:10A510000A2128460FF088FFB9E700BFC20D0300EB
:10A52000E40D030011410300030000012CFE0200B2
:10A530003D410300C90D0300D00D0300DA0D0300F7
:10A540005149030070B50E4658B92149214A2248A5
:10A5500040F67D7310F02DFD40F67D711D4810F022
:10A560001FFD49B91D491B4A1B4840F67E7310F078
:10A5700020FD40F67E71F1E7FFF720F9044628B987
:10A580003046FAF7D3F96FF07F0070BD00F10C058B
:10A590002846314614F0B9FFA06A38B150F8B049E6
:10A5A00004B1B03C294613F034F820B90020ECE7A0
:10A5B0001C466FF00100002CF8D0D4F8B03023B95D
:10A5C0000230F5D020461C46ECE7B03BF8E700BF70
:10A5D000913C03005D3F03001C120300882C030024
:10A5E00038B50C46054658B91849194A194840F675
:10A5F000927310F0DEFC40F69271154810F0D0FC1A
:10A6000049B91549124A134840F6937310F0D1FC2A
:10A6100040F69371F1E70BF079FB2846FFF7CEF88F
:10A6200020B90BF0E1FB6FF07F0038BD0023236001
:10A6300083683BB9C0E9014412F0BCFF0BF0D4FBC6
:10A640000020F2E71C608460F6E700BF913C030045
:10A650005D3F03001C1203002A40030070B50D4C3F
:10A660002378834206460D4604D1611C284613F028
:10A6700054F958B9237CB3420AD10749284613F04C
:10A680004CF910B1012004EB001070BD0020FAE776
:10A690000020FAE7D8390020E939002070B50D4CC8
:10A6A0002378834206460D4604D1611C284613F0E8
:10A6B00034F958B9237BB3420AD10749284613F02D
:10A6C0002CF90028054808BF002070BD2046FCE793
:10A6D0000020FAE77824002085240020842400202C
:10A6E00070B50D4C2378834205460E4603D1601C9D
:10A6F00013F013F960B9237BAB420BD10748314605
:10A7000013F00BF918B101200C2303FB004070BDBE
:10A710000020F9E70020FAE7BA470020C7470020E9
:10A7200070B5204B144682689A420FD1A568C6685E
:10A7300075B922792168304613F0F7F8024628B13E
:10A740001949013013F01EF915701581012070BDF3
:10A75000E0680028FBD02B888B420AD0F6D2E06854
:10A76000A36801380433E0600038A36018BF0120FB
:10A77000EDE7256822792946304613F0D6F80246DF
:10A7800060B90949304613F0D0F802460028E6D0F7
:10A790002946013013F0F6F823791370A3685B881B
:10A7A0001381DCE78DAD01005D27030010B508497A
:10A7B000144618461022A047041E07DA054A064828
:10A7C0002346012113F0E5F8204610BD0024FBE7E5
:10A7D000D0240020624103005CFE020010B507484F
:10A7E0001021FAF7BFFB034630B1BDE81040044A20
:10A7F0000448012113F0CDB810BD00BFC0240020D3
:10A80000834103005CFE020070B5144D064640B162
:10A8100015F8011C2A466C1E12F0FEFA98B120466B
:10A820000CE00F49284613F078F840B90C4905F1BF
:10A83000100013F072F820B105F10F0070BD681E12
:10A84000FCE70020FAE7217C04F11102304612F007
:10A85000E3FA0028F5D004F11000EFE7D939002021
:10A860005D27030010B54A1C0C4638B1097812F078
:10A87000D3FA08B1204610BD0020FCE7024910467B
:10A8800013F04BF8F5E700BF5D2703002DE9F04119
:10A8900006460F46904611F06AFF39460446304698
:10A8A000FFF7FCFE0546B4B3A8B91C481C4A13F0D8
:10A8B00072F80446F0B102F1140013F06CF8D8B944
:10A8C00002F10C0501240C235C43601C3946104442
:10A8D00013F058F81655012101FA08F105F10800A6
:10A8E00013F032F8BDE8F0410E484FF40042002367
:10A8F0000AF0DABA1546E6E70B490C4A0C4840F272
:10A90000CE5310F056FB0B4810F053FB074840F2B3
:10A91000CE5110F045FBBDE8F08100BF802400203F
:10A920007824002090240020D9410300A94103008D
:10A930001C120300EB41030010B50146024604233C
:10A9400011F8010B0832FAF7DBFA034630B1BDE823
:10A950001040034A0348012113F01BB810BD00BF8B
:10A960000A4203005CFE02002DE9F04180460F46DA
:10A9700016461D46FFF7B4FE044680B91549FFF799
:10A98000AFFE044630B9BDE8F041134A1348012137
:10A9900012F0C1BF00F8018B394612F0F3FF228993
:10A9A00063896AB973B926816581214611F8010B63
:10A9B00011F0DDFE40B12046BDE8F041FFF7BCBF1D
:10A9C000964203D39D42EFD8BDE8F0819D42268197
:10A9D000EBD9E9E75D270300264203005CFE020095
:10A9E00008B5044A0448012112F095FF6FF00400F5
:10A9F00008BD00BF454203005CFE020008B5034AE3
:10AA00000348012112F087FF002008BD58420300CF
:10AA10005CFE020038B50F4B144682689A420D4620
:10AA200015D122792168C06812F07FFF78B1D4F87F
:10AA3000C8302F2B03D9BDE83840FFF7DFBF04EB48
:10AA400083020133158101895181C4F8C830012086
:10AA500038BD00BF8DAD010008B5044A044801218E
:10AA600012F059FF6FF0150008BD00BFAC420300A3
:10AA70005CFE020008B513468168074A914209D17D
:10AA80001A791968C06812F050FF18B100230360EA
:10AA900043600381012008BD8DAD010038B5094B2D
:10AAA000154682689A420AD1C46829680134204652
:10AAB00012F033FF18B16968204612F063FF0120DD
:10AAC00038BD00BF8DAD010002484FF4A4720023D1
:10AAD0000AF0EAB95825002008B50421084812F008
:10AAE00033FF07486FF0020112F03DFF044812F0F7
:10AAF00052FFC30701D5FFF7E7FF002008BD00BFE5
:10AB000088250020024608B50849013012F03AFFB6
:10AB1000002313720C32BFF35B8F52E8001F42E830
:10AB200000300028F9D1BFF35B8F08BD5D2703001B
:10AB300010B5FFF7D5FD044678B1014611F8010BB9
:10AB4000FAF7ECF9034620B1054A0648012112F054
:10AB500020FF002323606360A360002010BD00BFBE
:10AB6000B84203005CFE020070B500F170060546B5
:10AB70003146007A11F0FBFD04463146287A54B183
:10AB8000FFF7D6FF034660B1BDE87040054A0648AE
:10AB9000012112F0FEBEFFF7A3FD10B10460446076
:10ABA000846070BDD54203005CFE02002DE9F043D5
:10ABB00085B00E4600AF90469946044658B9354ACE
:10ABC0003548012112F0A7FE6FF01505284614370D
:10ABD000BD46BDE8F08307F1080111F09CFC054675
:10ABE00098B16D4688B06A462C4BC2E905344FF4E3
:10ABF000007393832A4B42F8103F274800234FF4F9
:10AC0000E251F7F785FDAD46DEE7391D204611F02C
:10AC1000DDF8786858B10A2229460FF0A7FC0346F0
:10AC200028B1204A1C48012112F0B3FECCE707F1FD
:10AC300008010020FFF754FD044620BB002EC5D0BC
:10AC40001949FFF74DFD044638B9184A1248012149
:10AC500012F061FE6FF00B05B8E7002300F8013B2E
:10AC600007F1080112F08EFE04F1080104224846A3
:10AC7000C047041EAADA0E4A07482346012112F0F3
:10AC800088FE2546A2E7002EEED10660466086606B
:10AC90009CE700BF882703005CFE0200EB42030034
:10ACA00003000001074303005D2703002243030064
:10ACB0006241030013B5BDF810100B4C1046082973
:10ACC0004FF42812CDE900420BD8C1F108049C4290
:10ACD000A8BF1C462246694414F00AFE204602B072
:10ACE00010BD6FF00604F9E7180028002DE9F041C7
:10ACF000234B154682689A42074602D1C46863898D
:10AD000033BB0120BDE8F081FDF7EAF9E3680021DB
:10AD10006181002BF5D038469847F2E705F17008BD
:10AD2000287A414611F023FD68B9164B9C4202D1A6
:10AD30002846FFF719FF1449304612F023FE00237E
:10AD400023702381E2E74146304612F01BFEDDE727
:10AD50002389002BDAD02646284616F8011B3246F6
:10AD600012F05AF80028D9D120783146FDF7E4FED8
:10AD70000028CBD0437B072BC6D1FDF7B1F9C0E744
:10AD80008DAD0100800A00205D2703002DE9F0470A
:10AD90001F46BDF82030D1F80C9006468846002B9F
:10ADA0004ED17B1E012B4ED8012F4946157818BF76
:10ADB0001588FFF757FD0446B8B915B93846BDE800
:10ADC000F0874946FFF74EFD044638B91F48204A30
:10ADD000022112F0A0FD6FF01000F0E706F1700103
:10ADE000013012F0CFFD337A2370D9F81030DBB97F
:10ADF000B4F808A02581B9F80A30AB4203D049461F
:10AE0000404612F061FDAA4505D0307A002206F1D5
:10AE10007001FFF73BFD002DD0D10E49601C12F0F0
:10AE2000B1FD25702581C9E72A464146304698473D
:10AE30000028C4DB01380128DAD96FF00D00BEE725
:10AE40006FF00600BBE76FF00C00B8E75CFE020095
:10AE5000444303005D27030008B51248012112F0A6
:10AE600073FD10F0010F104B0AD1104A9A610D4882
:10AE700012F091FD830713D4BDE80840FFF724BE0C
:10AE80001A8B588B012A4FF6FF7205D8904207D0D3
:10AE90004FF6FF725A83EAE790421983E7D0F7E74B
:10AEA00008BD00BF88250020382500200100FFFFD5
:10AEB0002DE9F0411F46BDF81830012B064690469B
:10AEC00035D83B44012B3D4634DCFFF79DFC04465E
:10AED00068B9FFF799FC044648B9194A1948022194
:10AEE00012F019FD6FF010052846BDE8F08197B10A
:10AEF000217A98F80020002321FA03F0C70703D530
:10AF000022FA03F0C00718D50133032BF4D102F065
:10AF100007021143217206F17001601C12F032FD2C
:10AF2000337A23700121204612F05CFEDCE76FF0DB
:10AF30000605D9E76FF00C05D6E76FF01205D3E7E9
:10AF40005E4303005CFE020010B56FF00201044690
:10AF50000E4812F008FD0D4812F01DFDC20704D581
:10AF60000B480022002309F09FFF204612F075FCD9
:10AF700058B12046FFF748FC38B1037ADB0704D507
:10AF8000BDE81040012112F02DBE10BD8825002023
:10AF9000582500202DE9F04385B0894600AF1646BC
:10AFA0009846044658B9424A4248012112F0B3FC7F
:10AFB0006FF0150528461437BD46BDE8F08307F14C
:10AFC000080111F0A8FA054698B16D4688B06A46A6
:10AFD000394BC2E905344FF400739383374B42F881
:10AFE000103F344800234FF4E251F7F791FBAD4690
:10AFF000DEE7391D204610F0E9FE786858B10A22D4
:10B0000029460FF0B3FA034628B12D4A29480121F9
:10B0100012F0BFFCCCE707F108010020FFF71EFB90
:10B02000044690B9FFF7F0FB044638B9254A214899
:10B03000012112F070FC6FF00B05BBE7002300F854
:10B04000013B07F1080112F09DFCB9F1000F2AD075
:10B05000022239464046B047061E07DA1A4A15480A
:10B060003346012112F095FC3546A3E73B78237265
:10B07000022E09D0154A0F48022112F04CFC002183
:10B08000204612F0AFFD95E77B78012B05D9104AD9
:10B090000848314612F07DFCF1E703F0010120463B
:10B0A00012F090FD86E72046FFF72CFD82E700BFF7
:10B0B000882703005CFE0200EB420300030000014E
:10B0C000074303008A43030062410300AC430300CB
:10B0D0000044030037B504460D46FFF7BFFA0246A9
:10B0E000C0B1037A8DF804300C3012F054FC00F03B
:10B0F00001008DF80500022301AA29462046F9F730
:10B1000015FF034620B1044A0448012112F041FC16
:10B1100003B030BD0346F0E7514403005CFE02007B
:10B1200010B5104C1049204612F0F7FB014638B913
:10B13000601E12F047FD14F8010C2146FFF7CAFF0C
:10B1400009490A4812F0E9FB014650B9084812F0D3
:10B1500039FD084BBDE81040187C03F11101FFF7E1
:10B16000B9BF10BDD93900205D270300E93900209F
:10B17000E8390020D839002010B52548012112F007
:10B18000E3FBC30743D40221214812F0DDFB084052
:10B190001FD12049204A0B88204CA24216D900B169
:10B1A0000B801F491F4A204840F204630FF001FF43
:10B1B0001E480FF0FEFE1B4840F204610FF0F0FE47
:10B1C000506803449BB208320120E6E7F8D300B18F
:10B1D0000B801749174809F04BFD4FF4A472002368
:10B1E0001448F9F74BFF1449144809F041FD0221B6
:10B1F000134812F0A9FB1349134809F039FD13480D
:10B20000FDF7F8FDBDE810401148FDF755BC10BD35
:10B21000F8390020D24700200CFE020024FE020074
:10B2200081440300A94103001C12030044190300D8
:10B23000F5DC0200E024002041BA0100582500207E
:10B240008825002053DE020090240020580A0020A8
:10B25000380A00202DE9F041034698B3008A88BBE4
:10B260001A49DFF86CE001244FF0140C714528D91D
:10B270001849194A19484FF4ED630FF09AFE18481F
:10B280000FF097FE14484FF4ED610FF089FED1E9FD
:10B290000076BB4204D30CFB0672143A93420ED9DB
:10B2A0003444A2B208311446E0E70CFB057843456C
:10B2B0000AD001356219B54292B2F6D1F2E7002503
:10B2C000F8E7E4D3BDE8F0811046FBE70CFE02008E
:10B2D00024FE02007A440300A94103001C1203006B
:10B2E000441903002DE9F74FBDF8305000919946FD
:10B2F0004FF6FF73002D08BF1D462B4B1B88834262
:10B300000746904632D203B0BDE8F08F89580193CA
:10B31000404611F026F9019B90B101340AF1010A6F
:10B32000A4B2736853452CD9009B31689C42EAD87B
:10B33000BC42F2D30BFB0AF28B18B8F1000FE5D137
:10B34000B9F1000F0BD1013DADB218460E9A0D9B1D
:10B3500021469847002DD6D00028DED1D3E7DA6801
:10B360009145DAD1EFE74FF0000ADAE70F4E0124FA
:10B370004FF0140B06E0C6D273682344BB42F2D2EE
:10B380009CB208360A4B9E42F5D90A490A4A0B4834
:10B3900040F62C030FF00DFE09480FF00AFE064898
:10B3A00040F62C010FF0FCFDD24700200CFE0200FD
:10B3B00024FE02007A440300A94103001C1203008A
:10B3C0004419030010B5C8B000241AAA694604A89D
:10B3D000CDE90044CDE9024410F01DFF68B14FF6FD
:10B3E000FF710120114A04AB12F079FC104804A946
:10B3F00010F0A6FF40B90F4A00E00F4A0F480121A4
:10B4000012F089FA48B010BD094B214603F1100231
:10B410000131187812F8014D03F8014B082910701A
:10B42000F6D1074812F090FAECE700BFB7D9020056
:10B43000C0240020BB440300A94403005CFE0200BA
:10B4400088250020F8B51C49BDF818600446A1F114
:10B45000300015461F4609F089FD184812F09BFA86
:10B46000010705D4FFF7AEFFFFF75AFEFFF7B6F965
:10B470002046FFF7C9F968B1037ADA070AD500F167
:10B480000C04204612F087FAC30703D40221204699
:10B4900012F05AFA102E0CD8C6F110040849BC421A
:10B4A000A8BF3C4622463144284614F021FA2046E3
:10B4B000F8BD6FF00604FAE710250020882500206B
:10B4C000C024002010B51A4812F065FAC0F3C0007D
:10B4D00080F0010408B9FFF775FF154812F05BFA18
:10B4E0000346134812F057FADA061FD5830606D52D
:10B4F000E4B1FFF715FEBDE81040FFF76FB920215A
:10B500000B4812F021FA0B491022881814F020FA87
:10B5100048B9094809F0CEFCBDE8104004486FF076
:10B52000010112F020BAFFF797FCE2E710BD00BF5F
:10B5300088250020C02400205825002008B51021AF
:10B54000034812F001FAFFF7BDFF002008BD00BF5D
:10B55000882500202DE9F04FB9B000AF0C46904689
:10B560003749D7F808013A46994610F00BFC38B92C
:10B57000FFF772FA05462846E437BD46BDE8F08F6E
:10B580003E68391D304610F021FC3EB92D4A2E4848
:10B59000012112F0C0F96FF015043EE07868F8B9A7
:10B5A00007F1080A4FF0000B5146304687F814B0F7
:10B5B00010F0B1FF054600B36C4688B06A46234BD5
:10B5C000C2E905364FF400739383214B42F8103FD4
:10B5D0001D485B464FF4E251F7F79AF8A546DAE7C3
:10B5E0000A2200210EF0C2FF03460028D8D0194AD3
:10B5F0001548012112F0CDF9CDE7C7F810A0E4B14C
:10B60000C02207F120014846C047041E07DA124A4B
:10B610000D482346012112F0BCF92546ABE7A408EA
:10B6200007F12003C7E906340C4A07F110034FF66F
:10B63000FF71012012F053FB9DE72346F2E700BFA4
:10B64000CE440300882703005CFE0200EB420300A7
:10B6500003000001074303006241030021A701002A
:10B6600007B500230193FFF7F5FD411C89B2084699
:10B67000034A01AB12F033FB019803B05DF804FB01
:10B68000C3D802002DE9FF410C461746054670B9A4
:10B690005B495C4A5C4840F67E530FF08AFC5B488D
:10B6A0000FF087FC40F67E5156480FF079FC61B9E7
:10B6B0005749544A544840F67F530FF07AFC534898
:10B6C0000FF077FC40F67F51EEE7437B072B10D15C
:10B6D00000238DF80C30206842F6030303A9ADF86F
:10B6E0000E3010F03EFFD0B9E3689B7913F0300FB5
:10B6F00003D1002004B0BDE8F0812046FFF7B0FF81
:10B70000044660B942493F4A3F484FF459630FF03D
:10B7100050FC40480FF04DFC4FF45961C4E7002342
:10B7200020688DF80C3003A942F60213ADF80E30F4
:10B7300010F017FF88B12046FFF792FF044660B96A
:10B740003349304A304840F696530FF032FC3148C6
:10B750000FF02FFC40F69651A6E7002642F602189D
:10B7600020688DF800606946ADF8028010F0F9FE9F
:10B77000D8B9002320688DF80C3003A942F60213D3
:10B78000ADF80E3010F0EDFE0028B2D1E46822468C
:10B79000284612F8011B11F03FFB0028A9D023898D
:10B7A0001F4214BF01200020A4E720688DF8046028
:10B7B00042F6030301A9ADF8063010F0D2FE0028CE
:10B7C000D7D020688DF808604FF4205302A9ADF857
:10B7D0000A3010F0C6FE0028CBD020688DF80C602F
:10B7E00042F6010303A9ADF80E3010F0BAFE0028AE
:10B7F000BFD02046FFF734FF04460028B0D178E7D9
:10B80000913C0300A94103001C120300D54403002E
:10B81000EA440300EF4403002DE9F047154689464A
:10B8200094226968064612F067FA804648B12E4AAB
:10B830002E48022112F06FF84FF0FF352846BDE880
:10B84000F087696802223046FFF71CFF38B9284AA2
:10B850002648022112F05FF86FF01505EEE74FF46D
:10B8600070200021AF8AFEF71FFD02370446A8B101
:10B87000204B47611D214174C0F80C8043608561F5
:10B880003A463046FEF746FA074650B917481A4A74
:10B89000022112F040F82046FEF72EFD6FF00B0556
:10B8A000CCE701234246414607F10C0A11F0FDFFA7
:10B8B00002215046F9F768F98046504628F8029B65
:10B8C000A98AF9F761F9AA8A2969404614F010F8A3
:10B8D000A76021463046FEF783FE05460028ADD01E
:10B8E0002046FEF709FDA9E7054503005CFE0200BE
:10B8F0001B450300DDD802004645030030B5054670
:10B900008BB00C4671B94649464A474840F6254334
:10B910000FF04FFB45480FF04CFB40F625414148E6
:10B920000FF03EFB4B6873B90B6863B940493D4A61
:10B930003D4840F626430FF03CFB3C480FF039FBF6
:10B9400040F62641EBE73B4812F025F8420761D567
:10B9500015B16B7B072B60D160680590FFF77AFC0F
:10B960002268ADF818003AB305A902913249019155
:10B970000121002300914FF6FF710593FFF7B2FC00
:10B98000059B1BB96FF001000BB030BD6360059BD8
:10B99000186800238DF8103004A942F60303ADF8AF
:10B9A000123010F0DEFD70B90598C3689B799B06D4
:10B9B00005D46FF01500E7E70028E8D1E2E712F0C0
:10B9C0003CF9ADF81800BDF818003DB1012301465F
:10B9D000A37522462846FFF71FFFD5E76FF07F03C8
:10B9E00007930223ADF8203042F60213ADF812306F
:10B9F00005ABA5750293114B01930123009304AA93
:10BA00002B464FF6FF7109948DF81050FFF76AFC32
:10BA10000798B9E76FF00A00B6E76FF07F00B3E769
:10BA20006D450300A94103001C1203007445030087
:10BA30008A4503005C0800200BD90200E5BD010027
:10BA4000F7B500F130050446A0F12007284611F0B3
:10BA5000A2FF8307C0F340060ED51949194A1A48B8
:10BA600040F25E530FF0A5FA18480FF0A2FA1548FD
:10BA700040F25E510FF094FA54F8083C01936FF0D5
:10BA80000101284611F06FFF114B44F81C3C114B8B
:10BA900044F8183C01AB44F8103C042324F8086C2B
:10BAA00024F8066C24F80C3C39463046FFF726FF94
:10BAB00018B90221284611F047FF03B0F0BD00BFBE
:10BAC000A7450300A94103001C120300D845030049
:10BAD0008C06030049AF01002DE9F8433D4B146883
:10BAE000904682689A4200AF054620D1C6683389E5
:10BAF000721CE3B13178204611F08EF9B8B14FF4E1
:10BB000095722946204612F0F7F830B3032812D177
:10BB10006C4688B06A46304BC2E9053542F8100FD2
:10BB20002E4800234FF4C451F6F7F2FDA54601203C
:10BB3000BD46BDE8F883052820460CBF4FF0030939
:10BB40004FF0020911F066F9814506D998F80430E2
:10BB50004B45ECD288F80490E9E73146284611F0CD
:10BB6000B3FE1F4B9E42E2D1207A04F17001FEF732
:10BB7000B7FD05460028DAD0038913B94389002BA5
:10BB8000D5D02046FCF720FC164A2B8922F820301D
:10BB900002EB8003698959801349144D182303FB74
:10BBA000001300B202EB800200EB40005D601A61FE
:10BBB0000F4D9D60042201EBC00120469A82FFF7E1
:10BBC0009DFE0028B3D00B4A0448012111F0A3FECA
:10BBD000ADE700BF8DAD0100F34503005CFE020040
:10BBE000800A0020B6470020C03900208C060300E0
:10BBF00001DC0200074603002DE9F843144688469D
:10BC000094226168064612F077F840B12248234A30
:10BC1000022111F080FE4FF0FF30BDE8F88361682B
:10BC200001223046FFF72EFD38B91B481C4A02217D
:10BC300011F071FE6FF01500EFE7A2891B210232AF
:10BC40003046FEF767F8054638B91348154A022111
:10BC500011F061FE6FF00B00DFE700F10C0902212B
:10BC60004846F8F791FF0746484627F8028BA18916
:10BC7000F8F78AFFA289A168384613F039FED4E9A3
:10BC800004122846012311F010FE29463046BDE873
:10BC9000F843FEF757BC00BF5CFE020005450300F9
:10BCA0001B4503002446030030B505468BB00C4607
:10BCB00071B94449444A454840F644330FF079F994
:10BCC00043480FF076F940F644313F480FF068F9E9
:10BCD0004B6873B90B6863B93E493B4A3B4840F631
:10BCE00045330FF066F93A480FF063F940F64531F5
:10BCF000EBE7394811F04FFE42075DD515B16B7B7C
:10BD0000072B5CD160680590FFF7A4FA2268ADF8B4
:10BD100018003AB305A9029130490191012100238D
:10BD200000914FF6FF710593FFF7DCFA059B1BB9F5
:10BD30006FF001000BB030BD6360059B18680023F5
:10BD40008DF8103004A942F60303ADF8123010F05C
:10BD500008FC70B90598C3689B79DB0605D46FF0C1
:10BD60001500E7E70028E8D1E2E711F066FFADF83B
:10BD70001800BDF818002DB1014622462846FFF7ED
:10BD80003BFFD7E742F60212ADF8122005AA6FF08A
:10BD90007F030292124A07930123CDE90032ADF8E6
:10BDA000203004AA2B464FF6FF7109948DF81050ED
:10BDB000FFF798FA0798BDE76FF00A00BAE76FF04F
:10BDC0007F00B7E76D450300A94103001C12030083
:10BDD000744503008A4503005C0800200BD902006B
:10BDE000E5BD01002DE9F843444B144682689A42B0
:10BDF000074603D001273846BDE8F883C668404BA4
:10BE00009E4211D03289A3899A4206F10101F1D1F3
:10BE10003078FCF791FE05460028EBD0437B072BDA
:10BE200026D0FCF75DF9E5E7364DDFF8DC904FF002
:10BE300000084946284611F070FD78B915F8010C44
:10BE400007222946FCF7CAFE78B9236915F8010CC8
:10BE50001A69294653881288FEF786FD0C35B8F119
:10BE6000000FCFD14FF00108E3E7FCF739F9F5E710
:10BE7000736923B13946984708B92846D1E739464E
:10BE80009422284611F038FF074628B11F4A20485F
:10BE9000022111F040FDF0E7A389022B14D1338970
:10BEA00013F0020604D12846FCF71AF9A660A1E7B0
:10BEB0002269A1882846FFF7AFFC0646A8B9226987
:10BEC000937D01339375EEE7012B04D02846FCF7F0
:10BED00007F9A7608EE7338913F00106E3D02269E2
:10BEE000A1882846FFF788FE06462846FCF7F8F8A2
:10BEF000002EA660FFF67FAF7CE700BF8DAD01008E
:10BF0000800A0020BB4700205D2703000545030091
:10BF10005CFE020070B58EB000F17005044603901F
:10BF20000123007A8DF81030294610F020FC90B1E2
:10BF3000227A52B302AE042130460FF041F9009646
:10BF4000134A242105A82B46F8F72AFF05AA114910
:10BF50001046F6F7F1FF4FF6FF710F4A03AB0120D1
:10BF600011F0BDFE204610F055FF9DF810108842DC
:10BF700009D2204610F01FFF034620B1074A0848A7
:10BF8000022111F006FD0EB070BD0092D8E700BF8F
:10BF9000D144030055B50100D9BA01004D46030054
:10BFA0005CFE0200F8B5084B1C6805460E461746B5
:10BFB0004CB154F8043C043C1BB13A463146284687
:10BFC00098476468F4E7F8BDFC39002013B50A4AC5
:10BFD000009004464FF6FF7101206B468DF8040077
:10BFE00011F07DFE0021204611F0C0FE08B9FEF7D9
:10BFF00033FF02B010BD00BFD9BA010030B5B5B0F3
:10C00000002301918DF8080033930F4A01AB0446D9
:10C010000D4601204FF6FF7111F061FE339B83B195
:10C020009B0003AA20462946F8F78EFF044628B154
:10C030000346064A0648012111F0ABFC204635B004
:10C0400030BD1A46EEE700BF15AA0100794603008D
:10C050005CFE02002DE9F34100F17008CDE9001209
:10C0600004460F46007A4146164610F080FB0F4A00
:10C0700005466B464FF6FF71012011F030FE1DB1F1
:10C08000207A4146FFF7BAFF207A3946FEF7E6FAF2
:10C0900040B13146013011F075FC1DB1207A4146A6
:10C0A000FFF718F802B0BDE8F08100BF9DAA0100BB
:10C0B00073B5044603461A4A4FF6FF71012004F196
:10C0C000700611F00CFE207A314611F088FE207ABD
:10C0D000314610F04CFB50B1237A8DF80430114AF0
:10C0E00000966B464FF6FF71012011F0F8FD2046D7
:10C0F000FEF78AFB054688B1207A314610F037FBFF
:10C1000028B9284602B0BDE87040FEF7FBBC3146B6
:10C11000681C02B0BDE8704011F034BC02B070BDC4
:10C12000EDAC010075AA010008B5054B01461846A3
:10C1300011F0B4FE043B002814BF1846002008BDCF
:10C140009425002010B50C4A11680C4ABFF35B8F90
:10C1500000F5BC7353E8004F944204D143E8001C3F
:10C16000BCF1000FF6D1BFF35B8FBFF35B8FD0F84C
:10C170007801BFF35B8F10BDFC38002090250020B4
:10C1800008B5FFF7DFFF0346C8B1D0E9001221B9B7
:10C19000002A0CBF0320022010E032B1836813B9DB
:10C1A000094B1B7833B9042008E00749087828B107
:10C1B0009B6833B9003A18BF0122500008BD032024
:10C1C000FCE70120FAE700BF4C49002008B5034A0C
:10C1D0000348012111F060FE002008BDB3460300B2
:10C1E000B4FE0200024A0348022111F055BE00BF0E
:10C1F000CE460300B4FE020070B500230446EC30C6
:10C200000D46FCF70FFF58B1693004D1094A0A48BE
:10C21000012111F041FE2846BDE87040F8F786BBC9
:10C2200004F5A4704FF47022BDE87040002308F0BC
:10C230003BBE00BFF13F0300B4FE020038B5EC2264
:10C240000546002113F07CFB102105F1270005F0C5
:10C2500005FA044648B90521284611F067FEFBF7A8
:10C26000F5FA034B1860204638BD0824FBE700BFF1
:10C27000043A002038B5051D04460821284611F06F
:10C2800055FE084904F15700FBF7F0FA48B10821C0
:10C29000284611F02DFE0448044A012111F0FCFD4E
:10C2A000082038BDC1E30200B4FE0200E7460300E7
:10C2B00073B5047A022C054623D844B190F8DC30DB
:10C2C000D0F8D840DC4004F0010444F0800403219D
:10C2D000284611F03FFE0646D8B110210C30F8F781
:10C2E00053FC009013482346006805F1270205F12E
:10C2F000570112F0EDF8044680B13046F8F716FB0E
:10C3000007E0032C08D00C4A0C482346012111F009
:10C31000FEFD082002B070BD0024D8E70246314679
:10C320002846FFF769FF281D214611F0E1FD204650
:10C33000F0E700BF043A002000470300B4FE02000B
:10C34000F8B50446FFF7FEFE251D06460E212846D9
:10C3500011F0A4FD70B94C4B2022196804F157006C
:10C3600013F0F6FA30B9494A4948022111F094FD18
:10C37000082034E00C21204611F0ECFD074600288F
:10C38000F6D040210C30F8F7FFFB3F4B1B6802460C
:10C39000014603F1200053F804CB41F804CB83425B
:10C3A000F9D1203203F1200153F8040B42F8040BB9
:10C3B0008B42F9D1002239462046FFF71DFF237A30
:10C3C000052B58D8DFE803F003380C035754042139
:10C3D000204611F0ABFDFFF76BFF00283BD0F8BD06
:10C3E0002046D4F8EC70FFF7ADFE0421064604F1B8
:10C3F000D80005F033F90028BAD1D4F8D830254A4E
:10C40000B3FBF2F102FB1133C4F8D83084F8DC003E
:10C4100056B1336843B10B21284611F087FD3368CC
:10C42000D4F8D810384698470321204611F07EFDF5
:10C430000E2111F07BFD0EE02046032111F076FD68
:10C440000E2111F073FD28460A2111F06FFD73686B
:10C45000D4F8EC0098472846072111F067FD082022
:10C46000FFF762FE68B92046BDE8F840FFF702BF5B
:10C4700004212046DDE7084A0548012111F047FD67
:10C4800076E70020ABE700BF043A00201C4703001A
:10C49000B4FE020040420F000047030038B50D46CD
:10C4A0000446FFF74FFEEB6804F15700024603F124
:10C4B000200153F8045B42F8045B8B42F9D104F18C
:10C4C000770203F1200153F8045B42F8045B8B42CE
:10C4D000F9D1FBF72DF940B9184B1D6845BB201D5C
:10C4E000062111F023FD284621E0154A15480321B5
:10C4F00011F0D2FC0E21201D11F018FDD4F8EC50E3
:10C50000D5F8A03033B9287A05F1700101F056FB57
:10C51000C5F8A000D5F8A030002BDDD0DA8902F0F4
:10C520002402002AD8D05B7B9B07D5D4032038BDDA
:10C530002046BDE83840FFF703BF00BF043A0020A3
:10C5400037470300B4FE02002DE9F04790B00446DF
:10C550000CAD10220021284613F0F2F9237A052BA6
:10C5600034D8DFE803F0060303063323D4F8D830C9
:10C570000C93D4F8EC3004F1470204F1C707CDE97D
:10C58000017204F1370803F17E0204F127090092D9
:10C5900077334A46414604F1970001F061FDF0B15E
:10C5A000454A4648012111F077FC14E0D4F8E43004
:10C5B000002BDED02E4603F110071868596832466A
:10C5C00003C20833BB421646F7D1D2E73C4A3B4888
:10C5D000012111F09CFC082010B0BDE8F087D4F8D0
:10C5E000EC3003F177027E3308AE019304F11103BE
:10C5F0000292009303962B4642464946384611F074
:10C600008CFF08B12F4ACCE7237A052B0ED1D4F842
:10C61000E01011B30B46AC4601F1100E18685968D2
:10C62000624603C2083373459446F7D1D4F8EC3020
:10C6300003F17E0277330DF1100A019304F10A032E
:10C6400002920093CDF80CA02B464A46414638464C
:10C6500011F063FF30B11C4AA3E71022284613F003
:10C660006FF9E3E71022514604F1B70013F070F9B7
:10C6700000BB0D21204611F06DFC07460028AAD012
:10C6800010210C30F8F780FA32460346164603CEE6
:10C69000AE4218605960324603F10803F6D1002219
:10C6A00039462046FFF7A8FD201D012111F03EFC70
:10C6B000002091E70B208FE758470300B4FE0200EB
:10C6C000004703006D4703009047030038B5124947
:10C6D0000446A0F1EC055C3008F0CAFA284611F0D7
:10C6E000EBFCBFF35B8F0D4A04F18C0353E8001F92
:10C6F00043E800200028F9D1BFF35B8FBFF35B8FC5
:10C7000090344FF0FF3354E8002F44E80031002903
:10C71000F9D1BFF35B8F38BD35D9010090250020DA
:10C7200070B5061DCD6804460B21304611F0E0FBC4
:10C730002B4604F1170205F1100153F8040B42F8DF
:10C74000040B8B42F9D10521304611F0A7FB20B92B
:10C750002046BDE8704011F02DBD237A012B09D091
:10C76000022B13D12046042111F0E0FBBDE87040FC
:10C77000FFF79EBD0A21304611F090FB0028F1D052
:10C780003046002111F0D2FB002070BD0348044A5E
:10C79000012111F0BCFB0820F7E700BFB4FE020046
:10C7A000004703002DE9F0410E4688B00446FFF72C
:10C7B000C9FCF36804F137080546424603F110014D
:10C7C00053F8040B42F8040B8B42F9D1271D0521C5
:10C7D000384611F063FB002848D1D4F8EC3004F15E
:10C7E000470603F17E0204AD773301920093029570
:10C7F00004F1100304F109024146304611F07FFCB8
:10C80000E8B91022294604F1170013F0A1F8002816
:10C810006DD1D4F83700D8F804102B4603C3D4F8F0
:10C820002700D4F82B102A4603C32946304612F0BD
:10C83000AAFC40B15A4A5B48012111F02DFB0820A7
:10C8400008B0BDE8F081334608AE2A4603CAB242BA
:10C8500018605960154603F10803F6D101213846E6
:10C8600011F064FB204611F0AEFBE9E7237A052BBB
:10C8700000F28D80DFE803F0191F1F038B6104AB0A
:10C8800049490093096804F12703424604F157001F
:10C8900001F04EFC0028D2D10A21384611F046FBA7
:10C8A000AB680499D4F8EC0098470D21204611F0AC
:10C8B0003DFB1021D3E794F8DC20D4F8D8303A4976
:10C8C000D34004AD03F001030095096843F08003F1
:10C8D000424604F1570011F0FBFD08B1334AAAE7C4
:10C8E0001022294604F1170013F032F808B1042091
:10C8F000A6E70321204611F019FB11F064FB002884
:10C900009ED194F8DC300133DBB2142B84F8DC3098
:10C9100009D10D21204611F009FB1021384611F0F4
:10C9200005FB00208CE7102104F1270004F096FE9F
:10C93000003818BF0120C00082E7102104F1270051
:10C9400004F08CFE00287FF47AAF35B3EB6823B394
:10C95000174BE27A1B88ADF81030A37CD20703F0A6
:10C96000010312D4002B14BF012303238DF81130CF
:10C970000023C4E9383338460C2111F0D7FAEB68AC
:10C98000D4F8EC0004A99847CBE75B00EEE7094A2E
:10C990000448012111F0BBFA51E7022050E700BF23
:10C9A000B4470300B4FE0200043A0020C947030064
:10C9B000740203000047030080B500AF88B06A46E8
:10C9C000074BC2E90530032342F8103F0548002316
:10C9D0004FF4C251F5F79CFE6FF00B00BD4680BDD1
:10C9E000E2470300B4FE0200064BD3F8EC200AB184
:10C9F000FFF7E2BF0448C3F8F000EC330B601046C9
:10CA0000704700BF90250020900703002DE9F041FA
:10CA10000B4600AF06460D21043011F03FFA78B303
:10CA2000DD68D6F8EC3003F17008197A424602202E
:10CA300001F0C0F90446C8B94046F8F71DF96D4643
:10CA400088B06A46114BC2E905304FF400739383F6
:10CA50000F4B42F8103F0F4823464FF4E251F5F7D1
:10CA600057FE0820AD46BD46BDE8F0812B462A346E
:10CA700005F1100253F8041B44F8041B9342F9D14A
:10CA80003046092111F052FA0020ECE70748030074
:10CA900003000001B4FE02002DE9F0410B4600AF97
:10CAA00006460D21043011F0F9F978B3DD68D6F8A7
:10CAB000EC3003F17008197A4246042001F07AF94B
:10CAC0000446C8B94046F8F7D7F86D4688B06A46BC
:10CAD000114BC2E905304FF4007393830F4B42F8BA
:10CAE000103F0F4823464FF4E251F5F711FE08209E
:10CAF000AD46BD46BDE8F0812B461A3405F1100263
:10CB000053F8041B44F8041B9342F9D13046072123
:10CB100011F00CFA0020ECE70748030003000001C5
:10CB2000B4FE020038B5174B1B78054623B301F05D
:10CB30000F042846FFF724FB134A03280CBF04F018
:10CB40000B0444F0040405F5BE731278BFF35B8F49
:10CB500053E8001F013103D143E800200028F7D13A
:10CB6000BFF35B8FBFF35B8FD5F87C31BFF35B8F77
:10CB70002BB144F0010038BD01F00704D9E704F0FF
:10CB8000FE00F8E74C490020190C00202DE9F34184
:10CB90000D46D0F8EC600446FFF7D4FAD5F80C80C7
:10CBA00098F80330073B092B074603D9062002B04B
:10CBB000BDE8F081D6F8A0305BB1251D0F212846D5
:10CBC00011F06CF980B92046FFF738FB60B1C0B2B4
:10CBD000EDE7307A06F1700100F0F0FFC6F8A00032
:10CBE0000028EAD10820E2E701236372D8F8003078
:10CBF000C4F80A30B8F80430E3810223237498F8AB
:10CC000002102046FFF78EFFE0742046FFF7B8FAC7
:10CC100010236074237598F8043003F003036375E0
:10CC200098F8053003F00103A375E37C1B070DD5CD
:10CC300098F80230180709D50521284611F076F931
:10CC4000637D03F0020363750023A3750521284665
:10CC500011F024F9002851D0A24B1B78A374E37C77
:10CC6000990607D598F802309A0603D5142128466C
:10CC700011F05CF9E37CDB0742D598F80230D80765
:10CC80003ED50D21284611F051F9A37D84F8E830F6
:10CC9000637D84F8E9300321284611F047F9052126
:10CCA00098F8008011F0FAF870BBB8F1040F4BD877
:10CCB000E37AA27C1340D90744D4217BE37C194357
:10CCC00011F0040111D02046FFF75AFA864B08EB09
:10CCD0008808984418F80010042906D1D4F8EC30DC
:10CCE000DB78002B14BF012102212172D6F8A0109D
:10CCF000204611F0DCF848BB032058E77B4BACE73B
:10CD000000236375A375C0E7237BE07C03EA000280
:10CD1000120706D5E27A94F812C042EA0C02D20752
:10CD2000E3D4B8F1040F0FD843EA000111F0040175
:10CD3000DBD02046FFF724FA6D4B08EB880843440C
:10CD4000195CD2E70621D0E70021CEE7D4F8EC3019
:10CD50009B7A032B38D026D8013B012B3FF642AFFC
:10CD60000521284611F09AF8002840F0A6802046B8
:10CD7000FFF7E8F907462046D4F8EC80FFF7E2F920
:10CD800008F17001064698F8080000F0D5FF237AF4
:10CD9000F0B1427BD2071BD5D3B9564A5648012180
:10CDA00011F07AF81EE7042B7FF41CAF237D627B21
:10CDB000934228BF1346102B7FF4F8AE0521284676
:10CDC00011F06CF8002897D0237A002BC8D193E794
:10CDD000062B5ED8DFE803F018552D5D5D5D04007D
:10CDE000002E5CD0F368002B59D000230A2128467E
:10CDF000ADF8043011F09AF8F368D4F8EC0001A90A
:10CE00009847237A002B4CD10F21284611F046F881
:10CE1000002846D1002F44D07B69002B41D0284602
:10CE20000A2111F083F87B69D4F8EC0098470020C0
:10CE3000BDE604210DEB010004F010FC00287FF496
:10CE4000D1AE019B2D4AB3FBF2F102FB11330193EA
:10CE50004EB133683BB10B21284611F067F83368B7
:10CE6000019940469847019B84F84730C3F3072255
:10CE70001B0C84F849301B0A84F8482084F84A3097
:10CE8000BFE728460A2111F051F8736840469847D9
:10CE9000B7E71B4A1848012111F039F8A2E6022031
:10CEA00085E60321204611F041F80E2111F03EF8ED
:10CEB00002B0BDE8F04111F06CB8237A73B90F21CC
:10CEC000284610F0EBFF48B947B17B6933B12846DB
:10CED0000A2111F02BF87B693046A7E70C21204688
:10CEE000E4E700BF4E490020284B03004D490020D5
:10CEF0000F4B030021480300B4FE020040420F0024
:10CF0000004703002DE9F041C678012E044604D005
:10CF10006FF015042046BDE8F08110F0FAFF0546D9
:10CF2000002800F0AB80071D0421384610F0B6FF42
:10CF3000002840F0A6800321384610F0AFFF10B162
:10CF40006FF00F04E6E73146384610F0A7FF0028DF
:10CF5000F6D12846FFF7F6F8D5F8EC309B7A032B8C
:10CF6000064642D032D8013B012B48D90D21201D65
:10CF700010F094FF0028CBD1D4F8A03083B904F18D
:10CF80007006217A3246202000F058FEC4F8A00036
:10CF900030B9217A3246042000F050FEC4F8A000D7
:10CFA000D4F8A030002BB3D0DA8912F0240FAFD020
:10CFB000A17A022923D9587BC007A9D503291ED0FD
:10CFC0009206A5D51B7B102BA2D118E0042BCDD146
:10CFD0002846FFF7D5F8032804D1002EC6D0F36801
:10CFE000002BC3D0284B1B7807E02846FFF7C8F872
:10CFF000032804D1002EB9D0F368002BB6D0D4F8A2
:10D00000A0303BB12846FFF719F9044670B16FF024
:10D0100068047FE7207A04F1700100F0CFFDC4F8C6
:10D02000A0000028EED16FF00B0473E70B21284617
:10D0300010F090FF06460028E9D001210C30F7F7E8
:10D04000A3FD092180462846FFF76CFD234688F89A
:10D0500000002246314605F1EC00FBF7E3FF0446F1
:10D0600018B13046F7F762FC54E738460F2110F04C
:10D070005DFF0121284610F059FF4BE76FF07F0458
:10D0800048E76FF0040445E74C490020F8B5D0F8B4
:10D09000EC40D4F8A0300646051D002B32D1022109
:10D0A000404A414810F0F8FE0721404B5F5CD4F83D
:10D0B000A0304BB11B7B002B5CD1D4F8A00000F05A
:10D0C0009DFE0023C4F8A0300221284610F0E6FEA1
:10D0D00040B9072F96BF364B1F21D95D3A462046EF
:10D0E000FBF7AAFC0321284610F0D8FE68B3314BA9
:10D0F0001B6853B31D6805B10C3D53F8083C002B69
:10D1000041D143E081BB0D21284610F0C7FE074600
:10D1100020B1D4F8A00008B100F04CFF254B1B68EB
:10D120009BB11D6805B10C3D53F80C3C13B1394659
:10D13000204698474DB12B46ED681B681DB10C3D4C
:10D14000002BF4D1F7E7002BF1D1304610F0B4FFFB
:10D15000637B072B24D1627AA37A9A4220D020469F
:10D16000BDE8F840FFF7CEBE0139C9B20E299CD9FF
:10D1700009279CE70221284610F090FE00289CD148
:10D18000A2E70C3D23B1394620469847002DDCD05C
:10D190002B46ED685B68002DF3D1002BF3D1D4E76B
:10D1A000F8BD00BF4E480300B4FE0200004B030070
:10D1B000EF4A0300F4380020F8B5031D06460F4679
:10D1C0001846022110F06AFE044620B1B6F8E84085
:10D1D000B4FA84F464090321184610F05FFE80B1AC
:10D1E00039463046FFF752FFC4B11A481A4A0221A5
:10D1F00010F052FED6F8EC000521FBF767F900208D
:10D20000F8BD0121184610F049FE0028E8D10F2191
:10D21000184610F043FE0028E2D1E5E7052130462C
:10D2200010F098FE054688B101210C30F7F7ACFCF0
:10D23000234607702246294606F1EC00FBF7F2FE72
:10D240000028DCD02846F7F771FBD8E76FF06800BC
:10D25000D6E700BFB4FE02007848030010B510F016
:10D2600058FE044610B96FF0150010BD0A210430B5
:10D2700010F0F7FE0028F6D0237A062B11D8DFE84D
:10D2800003F00E04040A100C0C0001212046BDE836
:10D290001040FFF791BF0421F8E70221F6E70821CB
:10D2A000F4E70348034A012110F031FE0020DCE7D7
:10D2B000B4FE0200004703002DE9F3410B8A044647
:10D2C0000E4643B92D4A2E48012110F0E5FD0020FD
:10D2D00002B0BDE8F081012106F10C00F7F736FC41
:10D2E000A4F1EC05E83C07460421204610F0D6FDE9
:10D2F0003B7828B1234A2248022110F008FEE6E7D5
:10D300000E2B01D9204AF6E7DFF8808058F8332049
:10D310004AB902211E4A1A4810F0F9FD0721284691
:10D32000FFF74AFFD3E71946284610F09AFE3B78EC
:10D3300060B91348174A022110F0E9FD0321204685
:10D3400010F0ACFD0028C2D00821E8E708EBC301CB
:10D35000328A0979914208D0012100930848134686
:10D360000D4A0EF07BFC0A21D9E7314658F83330DC
:10D370002846984701460028A9D0D0E7D0480300A6
:10D38000B4FE0200EB4803001C490300B807030089
:10D390003E49030058490300C04003000E4B10B53E
:10D3A000186018B9BDE81040FEF71CBF0B4C0C48C4
:10D3B00006F074FFBFF35B8F54F80439BFF35B8F43
:10D3C0005B0607D52046FEF7BBFF014610B120469D
:10D3D000FFF7F2FE10BD00BF043A002094250020A4
:10D3E000C40D00202DE9F04782B090F8E930D1F863
:10D3F0000C80D0F8EC6023F0020380F8E93098F854
:10D40000003000AF044606F17009BBB398F806304F
:10D4100003F0C003C02B31D04046F7F72DFC6E4619
:10D4200088B06C466A4BDFF8AC8125464FF4007A31
:10D43000C4E90530A4F81CA045F8108F00232A4643
:10D440004FF4E2516448F5F763F94846B546F7F7FB
:10D4500013FCA546614BA4F81CA0C4E90530C4F830
:10D4600010805D4800232A464FF4E251F5F750F949
:10D470000A20B5460837BD46BDE8F0870722414679
:10D48000484612F065FA68B1307A414600F054FC23
:10D49000054638B10146204610F009FD28B328465C
:10D4A00000F0ACFC0D21201D10F0F8FC00287ED00F
:10D4B000317A4A46022000F07DFC0546B8B948465C
:10D4C000F7F7DAFB6C4688B06A46454BC2E905308F
:10D4D0004FF4007393833F4B42F8103F3E482B4676
:10D4E0004FF4E251F5F714F9A5460820C2E7F378A6
:10D4F000002B3DD106F17E031878012828D19A79B6
:10D5000002F0C002402A23D1D3F80120C5F83A2006
:10D51000B3F80530EB8796F87030CBB196F87630DB
:10D5200003F0C003C02B13D02E493A46C7E9009838
:10D53000FAF72AFFD8F80030C5F80130B8F80430FF
:10D54000A5F8053098F80630EB713046FBF72CFA59
:10D5500094F8E9309A070ED52349244A244840F626
:10D5600015730DF026FD40F6157120480DF018FDDD
:10D5700006F17703C0E72846F9F770FB30B116488B
:10D580001C4A022110F088FC032073E72846F9F7B3
:10D5900065FB48B11849154A154840F631730DF03E
:10D5A00008FD40F63171E0E72846F9F767FB94F88B
:10D5B000E9305B0703D50A21204610F0B7FCB4F828
:10D5C000E81009B1002055E72046FFF75FFDF9E7B5
:10D5D0007349030003000001B4FE02005A4A03002D
:10D5E000074803008FE00200B649030087490300A3
:10D5F0001C120300D14903000C4A03002DE9F0413D
:10D600000B46D0F8EC5000AF04460D21043010F06A
:10D6100045FC60B305F17008297ADE6842460420B3
:10D6200000F0C8FB0546C8B94046F7F725FB6C4635
:10D6300088B06A461A4BC2E905304FF400739383F1
:10D64000184B42F8103F18482B464FF4E251F5F7BB
:10D650005FF80820A546BD46BDE8F081324632F8A5
:10D66000023B0383D6F8023003615368436194F8A8
:10D67000E93023F0010284F8E9209A0708D508214F
:10D68000204610F053FCB4F8E81029B10020E2E77E
:10D690005B07F8D50A21F3E72046FFF7F7FCF5E72B
:10D6A0000748030003000001B4FE02002DE9F04129
:10D6B0000E460446D0F8EC80FEF744FDF668114AA9
:10D6C000337801210546271D0F4810F020FC0A2160
:10D6D000384610F0C6FC38B16DB920463178FFF7F6
:10D6E000D5FC0020BDE8F0810B21384610F0B9FCD4
:10D6F0000028F1D1F1E72B69002BEED04046984786
:10D70000EBE700BF2B4A0300B4FE02002DE9F04F07
:10D71000054689B0A0F1E806044600AF88463046C9
:10D72000012155F8EC9910F09CFC28B3B8F1000FDA
:10D7300017D00321304610F0B1FBE8B14046F8F7AE
:10D7400031FA0138C0B208289ABF724B1C5C002421
:10D750000221304610F0EAFB21462846FFF796FCEE
:10D760000AE099F80B303BB10321304610F096FBEC
:10D7700030B9284610F0A0FC2437BD46BDE8F08F34
:10D780000521304610F08AFBB8B114F8043C1A07A2
:10D7900007D514F8033C1B0703D51121304610F0C0
:10D7A000C5FB14F8043C23F0080304F8043C14F807
:10D7B000033C23F0080304F8033C14F8033CD807A7
:10D7C00025D50621284610F0B1FB0221304610F085
:10D7D000ADFB2368D3F8A080B8F1000F1FD103F18F
:10D7E0007000F7F749FA6C4688B06A464A4BC2E9BE
:10D7F00005304FF400739383484B42F8103F48487C
:10D8000043464FF4E251F4F783FFA546B4E7990786
:10D8100001D50821D6E75A07D7D50A21D2E7052135
:10D8200010F03CFB88B914F8043CDB070DD52368E5
:10D830001A21381DD3F8A08003F010FF824648B1AA
:10D84000384A3748012110F027FB34F8041C00291E
:10D8500092D182E70621284610F07CFB814608B968
:10D86000314AEEE710210C30F7F78EF998F80C20CA
:10D87000391D834612F03CF898F80C000F2805D8A3
:10D88000C0F110025146584412F05AF8494600229D
:10D890002846FEF7B1FC0721284610F05BFB8146C5
:10D8A00008B9224ACDE70A210C30F7F76DF907F1E4
:10D8B0001402034603CAC3F80200C3F80610BA8B69
:10D8C0001A80494628461A4AFEF796FC30460D2132
:10D8D00010F0E4FA07F114060028B6D00121404602
:10D8E00000F050FA3B1D08F14A0C1A4603CAB24236
:10D8F000CCF80000CCF8041013460CF1080CF4D15D
:10D90000334603CBBB8BC8F84000C8F84410A8F8D6
:10D9100048309AE7F74A03004D4A0300030000012C
:10D92000B4FE0200624A03007D4A0300A44A0300D9
:10D9300065D9010010B5094A04460121084810F0D4
:10D94000ABFAA4F5A4700821FFF7A0FBA4F5A27020
:10D950000421BDE8104010F0E9BA00BFCC4A030032
:10D96000B4FE020008B51ABB8378012B20D1062132
:10D970000FF06EFB70B90F490F4A104840F2B72301
:10D980000DF017FB0E480DF014FB0B4840F2B721C9
:10D990000DF006FB10F8043C23F0010300F8043CF2
:10D9A00030F8041C21B9BDE80840EC38FFF76EBB25
:10D9B00008BD00BF14400300874903001C12030088
:10D9C000D84A03002DE9F84300AF044610F0A1FA4D
:10D9D000054670B3061D0321304610F05FFA40B3D0
:10D9E000D4F8A00008B100F009FA04F17009207A17
:10D9F000494600F0E3F88046C4F8A000E0B9484684
:10DA0000F7F73AF96C4688B06A463B4BC2E90530F5
:10DA10004FF400739383394B42F8103F38484FF46A
:10DA2000E2514346F4F774FE0821A5462846FFF765
:10DA3000C3FBBD46BDE8F8830E21304610F02EFA38
:10DA400028B1D4F8A020537B43F0020353732A7A01
:10DA5000D4F8A010032A4B7B3AD8002A3FD0D4F840
:10DA6000A020537B43F0010353732B7D697BD4F8D3
:10DA7000A0208B4228BF0B4613730521304610F0BF
:10DA80000DFAD4F8A0305A7B90B342F010025A73CA
:10DA90000D21304610F002FA0028CAD0D4F8A000B8
:10DAA000202100F06FF9D4F8A03005F147021A33B5
:10DAB000573552F8041B43F8041BAA42F9D1D4F895
:10DAC000A020002313615361D4F8A0201383B0E792
:10DAD000053A012A03D843F020034B73BFE723F034
:10DAE00020034B73D4F8A020537B23F00103BBE742
:10DAF00022F010025A739CE707480300030000015C
:10DB0000B4FE020008B5074B074893F8A23003F0B3
:10DB100006039A1F53425341044A1370F9F714FE47
:10DB2000002008BD88070020B00A00204C490020D2
:10DB300008B558B907490848084A4FF4DC730DF096
:10DB400038FA06484FF4DC710DF02AFABDE80840B7
:10DB5000F9F794B8784B03001C120300484B0300FC
:10DB60002DE9F041124F3E46054616F8013B83422F
:10DB70000C464FF0010804D10722304611F0E8FEB0
:10DB800088B1B8F1000F05D00A490722304611F0DC
:10DB9000DFFE58B93D702268C7F80120064BA28805
:10DBA0009A80A2799A710248BDE8F0810020FBE7D3
:10DBB000083A00205D270300093A002008B549B95A
:10DBC00006490748074A5E230DF0F3F905485E2130
:10DBD0000DF0E6F9BDE80840FFF7C2BF8C4B03002B
:10DBE0001C120300484B03000B4610B511460446B7
:10DBF00063B9094909480A4ABC230DF0DAF9084813
:10DC0000BC210DF0CDF9BDE8104018470548C28988
:10DC10002242F8D110BD00BFA04B03001C1203002C
:10DC2000484B0300083A002008B5034900220220AF
:10DC3000FFF7DAFF002008BD31DB0100F8B50E4622
:10DC40000546114652B10F4CE38920462B4010F88F
:10DC5000012B4FF000070BD11846F8BD0A490B48BD
:10DC60000B4AC9230DF0A5F90948C9210DF098F90F
:10DC7000964203D1072211F06BFE08B13846ECE75B
:10DC80002046EAE7083A00208C4B03001C120300F0
:10DC9000484B0300F8B506460C4649B920492148CF
:10DCA000214AF2230DF085F91F48F2210DF078F991
:10DCB0000B78012B01D00020F8BD8B7903F0C00355
:10DCC000402BF8D1194DEF892946BF0711F83A2B9F
:10DCD0004FF0000304F1010006D5B24204D1062240
:10DCE00011F036FED0B10023EA89297802F0020251
:10DCF000002BE0D1002ADED0B142DCD1671C0C48F9
:10DD000039460EF0F5FB01230028EDD0D4F80130A0
:10DD1000C5F83A30074BB4F805209A800348CBE7A2
:10DD20008C4B03001C120300484B0300083A0020F0
:10DD3000323A0020423A002010B529B10D4C237828
:10DD400083420DD0002010BD0B490C480C4A40F214
:10DD500023130DF02EF90A4840F223110DF020F99B
:10DD60000722601C11F0F4FD00280CBF20460020A3
:10DD7000E9E700BF083A00208C4B03001C120300A7
:10DD8000484B030008B558B907490848084A40F20B
:10DD900033130DF00EF9064840F233110DF000F97F
:10DDA000C3891943C18108BD784B03001C120300CD
:10DDB000484B0300F8B506460F4615464AB90C49CC
:10DDC0000C480D4ADB230DF0F4F80B48DB210DF075
:10DDD000E7F8FFF733FF044640B929463846FFF716
:10DDE000EDFE044610B13146FFF7CCFF2046F8BDEA
:10DDF0008C4B03001C120300484B030010B5044673
:10DE000058B90E490E480F4A4FF49D730DF0D1F8E2
:10DE10000C484FF49D710DF0C3F8037A5B0701D5F0
:10DE2000F8F746FF214611F8010BF7F703F92046F2
:10DE30005C22BDE81040002111F082BD784B030048
:10DE40001C120300484B0300F0B59BB0144602AF10
:10DE5000064650B94E4A4F4801210DF0ECFE6FF0D6
:10DE6000150528466437BD46F0BD502207F1100164
:10DE70001846A047041E06DA474A234645480121B2
:10DE80000DF0E2FEEBE707F1080130460EF043FB30
:10DE9000054698B16C4688B002AA404BC2E90536E7
:10DEA0004FF4007393833E4B42F8103F39480023F0
:10DEB0004FF4E251F4F72CFCA546D0E7391D30466B
:10DEC0000DF084FF786838B10A2229460CF04EFB29
:10DED000034608B1334AD1E71CBB07F108022146CB
:10DEE0003F20FFF7ABFE20B15C22214611F028FD58
:10DEF000B7E707F10800F6F7BFFE6E4688B002AA42
:10DF0000294BC2E905304FF400739383244B42F848
:10DF1000103F204823464FF4E451F4F7F9FBB5468F
:10DF20009FE707F108010020FFF71AFE0646C8B96F
:10DF300007F10800F6F7A0FE6C4688B002AA1B4B5A
:10DF4000C2E905304FF400739383154B42F8103F3C
:10DF5000104833464FF4E251F4F7DAFB6FF00B054B
:10DF6000A5467EE7502C0BD050230093104A094859
:10DF7000234601210DF072FE3046FFF73FFF6EE7AA
:10DF8000224607F110010C3011F0B2FC69E700BF26
:10DF90008827030074FE0200B44B0300EB42030029
:10DFA0000300000107430300D34B0300F64B0300BB
:10DFB000154C030010B5024658B90E490E480F4AD9
:10DFC00040F24F130CF0F5FF0C4840F24F110CF0EB
:10DFD000E7FF0146502311F8010B0C32F7F71CF84C
:10DFE000044628B1064A0346012106480DF02CFEDE
:10DFF000204610BD784B03001C120300484B030061
:10E00000334C030074FE0200884210B500EB02039B
:10E0100011D98C18A04211D20D490E4A0E4840F277
:10E02000B1230CF0C6FF0D480CF0C3FF094840F2C5
:10E03000B1210CF0B5FFEFD09942ECE7013A114461
:10E0400011F8012900F8012B8342F9D110BD00BF5E
:10E05000924C0300604C03001C120300E94C0300C7
:10E060002DE9F0479AB01D46DDE923972E4B164661
:10E070000CAA84468A4603F1300E90461868596807
:10E08000144603C4083373452246F7D118681B7938
:10E09000206023716146202204A8FFF7B5FF2348C2
:10E0A0006B46202204A910F088FA0446C0BB102257
:10E0B00051460DF13500FFF7A7FF102231460DF153
:10E0C0004500FFF7A1FF2946062211F8013B8DF814
:10E0D00055300DF15600FFF797FF2299062211F8EF
:10E0E000013B8DF85C300DF15D00FFF78DFF4B4675
:10E0F00035224146684610F060FA044680B9484629
:10E1000010F0D8F901238DF8303035223B464146D6
:10E11000684610F052FA044610B9384610F0CAF9B1
:10E1200020461AB0BDE8F087760203001B4D0300BD
:10E1300070B598B00E4614460146202204A81D462C
:10E14000FFF762FF202231460CA8FFF75DFF102287
:10E15000294614A8FFF758FF102221466846FFF70A
:10E1600053FF6B46502204A9184610F026FA40B916
:10E17000039B054A1BBAB3FBF2F102FB11331C9A55
:10E18000136018B070BD00BF40420F0037B50C4699
:10E190000A490B4A411A4023009349110546234678
:10E1A000084810F028FA011E05DA2846234603B075
:10E1B000BDE83040184703B030BD00BF783A0020BA
:10E1C0005FE6020050FB0200C9B2012908B509D977
:10E1D00008490948094A7A230CF0EBFE07487A21DE
:10E1E0000CF0DEFE03690C2201FB0233986C00F098
:10E1F000070008BD724D03001C120300354D0300DB
:10E2000070B5C9B2012903690BD918491848194AD0
:10E2100040F25D130CF0CDFE164840F25D110CF09B
:10E22000BFFEEFF31185402484F31288BFF36F8F94
:10E230000C2606FB0134A46C14F0C00408D0A242E2
:10E2400006D085F31188BFF36F8F4FF0FF3070BD9C
:10E2500071430B4401229A6485F31188BFF36F8FD9
:10E2600043680B445B6898470020F0E7724D030059
:10E270001C120300354D030070B50D460649411AC6
:10E280000446491105484022FFF7BAFF2B460146D4
:10E290002046BDE870401847783A002050FB020045
:10E2A000002270B5012104461046F5F709FE0F481B
:10E2B00003F0A2FC0E4B984215D110F0AAFF26697C
:10E2C0000C4930460DF037F800280BDB0125B5640A
:10E2D0002469084904F120000DF02DF8002801DB25
:10E2E0006565002070BD6FF00400FBE7B5E3010039
:10E2F0000000AD0B300803007FB500220123CDE9FB
:10E30000022304ABCDE90433094ACDF800D06B46B3
:10E31000CDF804D010F09CF9002805DB4FF48042C2
:10E320000023684605F0FCFF07B05DF804FB00BF62
:10E3300077E6020010B5EFF31184402383F31288CF
:10E34000BFF36F8F074A136823F00201DB071160E8
:10E3500002D4012003F032FC84F31188BFF36F8FE5
:10E3600010BD00BFD03A002030B4104B0C2202FB8D
:10E37000003301460020D3E910521864EFF31180F6
:10E38000402484F31288BFF36F8F9C6C04F0C004A8
:10E3900044F002049C6480F31188BFF36F8F1DB1B9
:10E3A0002B46034830BC184730BC7047783A0020F1
:10E3B00050FB0200012808B506D0042808D098B9FF
:10E3C0000F4B9B6C5B0719D1BDE80840FFF7CCBF32
:10E3D0000C490D4A0D4840F26E230CF0EAFD40F264
:10E3E0006E2109480CF0DCFD0649074A074840F257
:10E3F00072230CF0DEFD40F27221F2E708BD00BF8F
:10E40000783A0020C2540300354D03001C1203006B
:10E4100010B4EFF31182402383F31288BFF36F8FA0
:10E420001748016841F002040460C80707D482F36A
:10E430001188BFF36F8F012010BC03F097BB4FF022
:10E440008041D1F80C04D1F80C14C907EFD5EFF3D3
:10E45000118083F31288BFF36F8F0A498B6C03F02E
:10E46000C00343F002038B6480F31188BFF36F8F06
:10E4700082F31188BFF36F8F002010BCFFF774BFC9
:10E48000D03A0020783A00202DE9F0414449BFF30A
:10E490005B8F0646012251E8003F41E8002000283A
:10E4A000F9D1BFF35B8FA3B93E493F484B60CB60C6
:10E4B0008A60F3F7FDF800280BDA3C493C4A3D48F6
:10E4C0004FF40C730CF075FD4FF40C7138480CF0E0
:10E4D00067FD76B3731E012B58D8012E07D14FF07C
:10E4E0008043D3F81C3403F00303012B21D011F037
:10E4F0009AF80546F8B9304B1B78E3B14FF08043EA
:10E500000222C3F808230746DFF8B0804FF08044AA
:10E51000D4F81824D4F81834D20315D503F0030323
:10E52000012B01D0012E0FD155B387F31188BFF312
:10E530006F8FBDE8F081EFF31187402383F31288DA
:10E54000BFF36F8F0125DFE7ADB138460DF055FF02
:10E55000D4F81835002BDBD1D4F80421002AD7D009
:10E56000C4F80431D4F804310123C4F81835C8F8CC
:10E570008031A360CCE70021212007F0FDFDE7E713
:10E580004FF080430222C3F80423D2E70C49084A23
:10E59000084840F242230CF00CFD40F2422195E77E
:10E5A000743A0020643A0020983A00203F1B030090
:10E5B000354D03001C120300534A002000E100E027
:10E5C000C254030008B5074810F016FF38B10648DA
:10E5D000F5F74CFF0448F2F793FB002008BD6FF0FD
:10E5E0001200FBE7C8FB0200EDE501000A2838B580
:10E5F000074D044604D1AB680D21DB6928469847D6
:10E60000AB680348DB69E1B29847204638BD00BFDC
:10E61000C8FB0200EFF31182402383F31288BFF39B
:10E620006F8F0A4BD3F8001161B10021D3F80805B0
:10E63000C3F80011D3F80031C0B282F31188BFF3E0
:10E640006F8F70476FF00A00F7E700BF00D00040FF
:10E65000F0B5034610469C7893F803C0EFF311829F
:10E66000402585F31288BFF36F8F1F7893F801E080
:10E67000E41B04EA0C04A04288BFA0B23E180CEAD6
:10E6800006063D461E7082F31188BFF36F8F0A188D
:10E690008A4216D177450CD1EFF31182402181F3E4
:10E6A0001288BFF36F8F1978597082F31188BFF306
:10E6B0006F8F1B79241AA34222BF064B01221A60D6
:10E6C000F0BD5E190135767901F8016B05EA0C059C
:10E6D000DEE700BF00D000402DE9F0472D4D006976
:10E6E000A8420E4614460BD02B492C482C4A40F227
:10E6F00003130CF05EFC2A4840F203110CF050FCAE
:10E70000DB4313F0010504D03030FFF7A1FFBDE873
:10E71000F0879AB3EFF31188402383F31288BFF395
:10E720006F8F0D20F5F7BEFB07460D20F5F7A6FB12
:10E7300088F31188BFF36F8FDFF868A0DFF8688077
:10E74000CAF80051DAF800314FF400590123CAF831
:10E7500000302546C8F88091DAF8003183B1FFF720
:10E7600059FF031EC8F88091F6DB013DADB2735529
:10E77000002DF1D117B10D20F5F772FB2046C6E749
:10E78000EFF31180402383F31288BFF36F8F0DF0F6
:10E7900034FEE1E7D43A0020F14D03001C120300DF
:10E7A000BF4D030000D0004000E100E02DE9F04142
:10E7B000194B07699F420D46144605D107F14508DC
:10E7C00064B92046BDE8F08114491548154AE5238F
:10E7D0000CF0EFFB1348E5210CF0E2FB4FF0FF33A8
:10E7E0004FF0FF32384605F09BFD22462946404651
:10E7F000FFF72EFF0646384605F050FD3EB94FF0B4
:10E80000FF324FF0FF33084805F08AFDE6E7A41B0E
:10E81000A4B23544D4E700BFD43A0020F14D030040
:10E820001C120300BF4D0300EC3A002038B5214B09
:10E8300004699C420BD020492048214A40F24713EA
:10E840000CF0B7FB1E4840F247110CF0A9FB012267
:10E850001146204610F072FE0122002104F118003A
:10E8600010F06CFE40F20743A4F848304FF070639C
:10E8700023630C2384F834300025124B84F8455070
:10E88000A4F84650D3F8042522F00102C3F8042569
:10E890000121C3F80051D3F80021C3F804132A461C
:10E8A00019600D20F5F70CFB0D20F5F7D9FA284675
:10E8B00038BD00BFD43A0020F14D03001C12030004
:10E8C000BF4D030000D0004010B5FFF7A3FE0028A5
:10E8D00020DB174B93F8322093F8314093F8331034
:10E8E000141B31EA0404C0B20DD193F8472093F809
:10E8F000464093F84810141B31EA04040BD10D4B29
:10E9000001225A600EE09C180132114084F8350053
:10E9100083F8321010BD9C180132114084F84A006F
:10E9200083F847100448BDE8104005F0B7BC00BFAD
:10E93000D43A002000D00040EC3A0020F7B50F4652
:10E94000164648B91849194A194818230CF031FBE2
:10E95000182116480CF024FBE9B91649134A14484B
:10E9600019230CF026FB1921F3E7331BB3F5806F55
:10E9700038BF1D462A4601AB3919002009F08AF933
:10E9800068B9019BAB420AD12C44A642EDD809D00C
:10E99000162003B0F0BD4FF480650024F5E76FF05A
:10E9A0001500F6E70020F4E7604E0300304E030048
:10E9B0001C1203000560030000F1744000F5A6007E
:10E9C0000A289ABF024B33F910006FF00F0070470E
:10E9D000640D0300024B0B6001231360704700BFFE
:10E9E0000809030000487047880803000268154BB7
:10E9F000FF2A08BF4FF0FF32C3F824254268FF2AE0
:10EA000008BF4FF0FF32C3F828258268FF2A08BFED
:10EA10004FF0FF32C3F83025C268FF2A08BF4FF01D
:10EA2000FF32C3F834250269FF2A08BF4FF0FF32D6
:10EA3000C3F838254269FF2A08BF4FF0FF32C3F8F8
:10EA40003C25704700900240054B994206D14FF09B
:10EA5000FF324FF0FF33183005F062BC704700BF43
:10EA60000000AD0B30B50D46416885B0B9B1D1E9B4
:10EA700000138468ACB1D4E900249CB193B19C42EA
:10EA800009D15C1C092C03780FD9124A1248009452
:10EA900002210DF0E3F86FF0150005B030BD0B4614
:10EAA000E7E7224601331C44ECE78DF8083040F2DA
:10EAB0000113ADF80A3002A800238DF809408DF843
:10EAC0000C308DF80D5004F0DFFA05B0BDE8304091
:10EAD000FFF772BF834E03003CFF02002DE9F04FA9
:10EAE00091B043685D6B00AF804607F128020021BA
:10EAF00028460FF0FCFE041E73DBBB6A2A681979F6
:10EB0000186800F0CFFE041E6BDB002201212920D3
:10EB1000F5F7D6F9D8F80490D8F810207949484686
:10EB200004F082FAFFF748FF041E55DB764D0FCD47
:10EB300007F128040FC495E8030007F1040A002533
:10EB400084E803007D60AB23CAE901553B716F4B3C
:10EB5000D3F82425D2B23A61D3F82825D2B27A610B
:10EB6000D3F83025D2B2BA61D3F83425D2B2FA61E3
:10EB7000D3F83825D2B23A62D3F83C35DBB27B62A7
:10EB800007F12800FFF732FF012004F0F3FA07F144
:10EB9000100601463046FFF729FF5D4B994225D10B
:10EBA00029465046FFF75EFF041E15DB232010F0B8
:10EBB0001FFC4FF0030B9F23C7E90A55C7F810A0AD
:10EBC000C7F814B087F828303E63294607F12800BB
:10EBD000FFF748FF041E0CDA04F016FB08B104F03E
:10EBE000EDFA20464437BD46BDE8F08F6FF00404CF
:10EBF000F2E75A46514609F1300010F0A9FE0446EA
:10EC000018B36C468CB097F804E097F805C0BE794D
:10EC100099F8300099F8311099F832306A46DFF8E7
:10EC2000F480D3620823C2E9058EC2E907C6C2E9AF
:10EC3000090142F8103F38482B4644F24001F3F7EF
:10EC400067FDA5466FF01204C6E7D8F80420537F8D
:10EC5000023B012B16D992F81C80A8F10208B8F1EA
:10EC6000020F8CBF4FF000084FF001080FF05AFD63
:10EC7000051E0ADA294A28482B4601210CF0E4FF38
:10EC80002C46A9E74FF00108F0E7EAB2C5F380157A
:10EC9000A845A1D00023012182F04002BB623F6160
:10ECA00079613B6387F82810FE6207F128003B80FA
:10ECB0003A70FFF7D7FE041E07D10FF033FD041E94
:10ECC00004DB14F00104F8D186E785DA144A154B09
:10ECD0006D468AB0B8F1000F18BF13466A46124954
:10ECE000D461C2E905134FF4007313840F4B42F84B
:10ECF000103F094800234FF41151F3F709FDAD46C9
:10ED00006AE700BFBBE602006C000300009002400F
:10ED10000000AD0BAC4E03003CFF0200DE4E0300D2
:10ED200093390300A64E0300EE4E030004000001D9
:10ED30002DE9F04F824687B00E461C46904682B1C0
:10ED4000002B00F08F800029426803DBD26A0B445D
:10ED500093420BD9444A45480094334601210CF0B4
:10ED60007DFF6FF0150007B0BDE8F08F754205F02C
:10ED700003050FF0C3FCA54228BF2546D8F10003C8
:10ED800003F0030308F0030758BF5F427F4207F018
:10ED90000307A74228BF2746631BE41B24F0030494
:10EDA00023F00309A145C8BFA14603F0030BC8BF68
:10EDB000A3EB040BB9F1000F19D008EB070372198C
:10EDC00049461846039310F009FB04460146DAF859
:10EDD0001000FFF739FE264A944238D1BD4206D0D2
:10EDE000039B4A46194608EB050010F08FFDADB1B4
:10EDF000C5F10407F21B042104A810F0EFFA044641
:10EE00000146DAF81000FFF71FFE194B9C421ED195
:10EE100004AB2A46D919404610F06AFDBBF1000F39
:10EE20001ED072194A44082104A810F0D7FA0446EB
:10EE30000146DAF81000FFF707FE0D4B9C4206D1A1
:10EE400009EB05005A4604A9404410F051FD504614
:10EE50000FF039FC204607B0BDE8F04FFFF7ACBD1E
:10EE6000034CF4E718467EE7FF4E03003CFF020028
:10EE70000000AD0B2DE9FF470E46074641681D46D1
:10EE80009046A2B19BB1042B01D9AB070FD116F06C
:10EE900003040CD1002E03DBCA6A731993420CD908
:10EEA000394A3A480095334601210CF0D7FE6FF0FD
:10EEB0001504204604B0BDE8F08738460FF01EFC6C
:10EEC00020460FF04AFC044630B101200FF045FC0B
:10EED00038460FF0F8FBECE7032D1CD8324604212E
:10EEE00003A810F07BFA044601463869FFF7ACFD31
:10EEF000274B9C4234D12A46414603A810F0F8FC27
:10EF00003246042103A810F066FA04460146386927
:10EF1000FFF79AFD24E008F06043B3F1005F02D1EF
:10EF200018F0030F2BD0DFF868A0042DA94628BFE6
:10EF30004FF004094A46414603A810F0D9FC324676
:10EF4000494603A810F047FA044601463869FFF71E
:10EF50007BFD544504D1B5EB0905C8444E44E4D1CA
:10EF60002046FFF729FD044601200FF0F6FB054679
:10EF700038460FF0A8FB002C08BF2C4699E7324614
:10EF800029464046BFE700BF484F03003CFF020050
:10EF90000000AD0B2DE9F3470B460E46D0F804C038
:10EFA0000746C1F30B0115462AB96FF01504204638
:10EFB00002B0BDE8F087C2F30B0252EA0104F4D1BB
:10EFC000002B04DBDCF82C105A198A4206D93C4A83
:10EFD0003C48009501210CF041FEE6E70FF08EFB66
:10EFE0002046D7F804800FF0B8FB0446002863D110
:10EFF000DFF8D490D8F82C309D4221D104F070F97C
:10F00000AA46044638692146FFF71EFD4C453DD10E
:10F010005644A5EB0A0500214FF4A47007F0ACF8A4
:10F020000FF080FB041E3DDB14F00104F3D1002D32
:10F03000E0D101200FF091FB002C08BF04463BE01B
:10F04000B5F5803F09D3B3B253B93146012004F07E
:10F05000E5F84FF4803A0446D4E7B5F5805F09D36C
:10F06000C6F30B0030B9314604F0D8F84FF4805A9B
:10F070000446C7E7154A13480095334601210CF0B2
:10F08000EDFD13493869124CFFF7DEFC0D48114ABB
:10F090000095334601210CF0E1FD2046FFF78CFC82
:10F0A0000446C6E707480C4A0095334601210CF098
:10F0B000D5FD01200FF051FB38460FF004FB76E739
:10F0C000924F03003CFF02000000AD0BDC4F030039
:10F0D0000400AD0B17500300FA4F0300024B0B6006
:10F0E00001231360704700BF283B00200048704791
:10F0F0002409030007B50346054A0091054801218C
:10F100000CF0ACFD6FF0150003B05DF804FB00BF20
:10F110004B500300DCFE020010B5012211460748E7
:10F12000074C10F00BFA02F0E5FD10F050F92060EA
:10F1300010F049F96060002010BD00BF303B002096
:10F14000283B00204FF08042D2F81015D2F810353D
:10F1500001F01E0123F01F030B4343F00103C2F82B
:10F160001035024B00221A70704700BF4F49002033
:10F170004FF08053D3F83031082B20D14FF080422C
:10F18000D2F81015CB071AD5D2F8103501F01E01B0
:10F1900023F01F030B43C2F81035D2F808315BB1DE
:10F1A000D2F8103523F01F030B4343F00103C2F8DC
:10F1B00010356FF08B007047024B01221A7000204F
:10F1C000704700BF4F490020F8B5044610F0FBF827
:10F1D000237B05460BB110F02BF8134F0026FFF7E9
:10F1E000C7FFE8B9606803F03FFCA3685B1BA3603E
:10F1F00063682B4463603B780BB1FFF7A3FF237B6D
:10F2000001363BB9A368002BE9D1A068003818BFCC
:10F210000120F8BD304602F03BFE0028F2D0F4E7B2
:10F220006FF08B00F5E700BF4F49002070B5037BFE
:10F2300004460BB10FF0FCFF194E0125A368032B08
:10F2400006D8184AD2F80034DB07FBD5002070BD81
:10F25000FFF78EFF08BB23686068196803F03CFC69
:10F2600033780BB1FFF76EFF636804336360236884
:10F2700004332360A368043BA360237B0135002B88
:10F28000DCD0284602F004FE0028D7D0054AD2F888
:10F290000034D907FBD50120D9E76FF08B00D6E702
:10F2A0004F49002000E00140F0B589B00E461546F8
:10F2B00010F089F82946074630460FF063FA60B32C
:10F2C000B6FBF7F307FB136323B9B5FBF7F407FBB2
:10F2D00014545CB11F4A009533461F4801210CF0BD
:10F2E000BDFC6FF01504204609B0F0BDAF42FAD85E
:10F2F0004FF0FF334FF0FF32184805F011F80FF0D0
:10F300008BFF04AB014660B91022184610F018FBC1
:10F31000CDE90565FFF758FF16E0114A0095334621
:10F32000DBE710222146184610F00AFB01228DF877
:10F330001C200C4ACDE902200B48CDE9056502F0FE
:10F34000E1FC02A802F0E4FC0446044804F0A6FF35
:10F35000C9E700BF68500300DCFE0200303B00201C
:10F360004B500300C9F10100645E010070B50D4609
:10F3700088B01946284616461C460FF003FA58B9BD
:10F380001D4A00942B461D4801210CF067FC6FF0CC
:10F390001504204608B070BD45EA04039B0703D05E
:10F3A000174A00942B46EEE7002CF2D04FF0FF33C3
:10F3B0004FF0FF32134804F0B3FF0FF02DFF034668
:10F3C000CDE9046504A806948BB101238DF81C30A7
:10F3D0000D4BCDE9023041F64C5002F093FC02A8EF
:10F3E00002F096FC0446074804F058FFD1E78DF878
:10F3F0001C30FFF71BFFF5E74B500300DCFE02005B
:10F4000087500300303B00202DF2010010B5036946
:10F4100061B92049204A21483E230BF0CAFD20480B
:10F420000BF0C7FD3E211C480BF0BAFD486850B9EF
:10F430001C49194A19483F230BF0BBFD1A480BF031
:10F44000B8FD3F21EFE75868F8B1884219D19C68B0
:10F4500008685860A14200D19860002008602AB175
:10F460005A680A609A68596002B99960002010E0F1
:10F47000814206D10868206098688142EDD19C6085
:10F48000EBE7044600680028F2D1002AE8D16FF0CB
:10F49000150010BD5A100300C95003001C120300D0
:10F4A00005510300145103002651030038B5456887
:10F4B0002B69B3B11035284603F058F9044680B9DA
:10F4C0000146284603F018F9084B98420BD1084929
:10F4D0002246284603F0DEF8224605210620F4F7EE
:10F4E000EFFC002038BD6FF00400FBE70000AD0B1F
:10F4F000D1F7010008B503685909024614D0012963
:10F5000006D103F01F034FF6FF71D940C80713D48B
:10F510000B490C480C4A4FF46C730BF04AFD0A4837
:10F520004FF46C710BF03CFD4FF0FF31D940C9072F
:10F53000EED54FF0A04000E00448136008BD00BFC6
:10F54000705103001C1203003D51030000030050E2
:10F55000F0B54068057B01F01F0444EA45140569D5
:10F5600087B0002D5CD0B2F5001F00F1100506D168
:10F57000214628460FF00BFF002007B0F0BD01AE7A
:10F580000027B2F5800F0197776034D1B3F1007F87
:10F5900014BF052304238DF804300023CDE9046350
:10F5A00003938368CB40D90717D4B2F1A07F14D15D
:10F5B00068460094FFF79EFF009B03F5E07350F848
:10F5C0002330DB0709D46A462146284603F068F851
:10F5D000164B98421AD0CDF808D003AA21462846E7
:10F5E00002F028FF124B98421DD1012221462846E5
:10F5F00003F0D2F8C0E7B3F1C06F05D0B3F1007FDC
:10F6000014BF01230223C6E70323C4E76946284643
:10F6100003F0BCF8064B9842DDD06FF00B00ACE76E
:10F620006FF08500A9E76FF01500A6E70400AD0BA9
:10F630000000AD0B2DE9F043466840F20635337B00
:10F64000D00687B001F01F0702EA050547EA431715
:10F6500054BFC2F340130323B5F5837F14468DF8DE
:10F66000033045D00FD8062D18D007D8B5B1022DDC
:10F6700040D06FF0150007B0BDE8F083B5F5807F8E
:10F68000F7D101250AE040F20222954234D0B5F5C7
:10F69000407F33D0B5F5007FEBD102250123220353
:10F6A00003FA01F12CD57368C3F8081533696BBBF5
:10F6B00003A80397FFF71EFF039B00EB830084F46E
:10F6C0008033C3F30043C4F34044D0F8002744EA36
:10F6D00043049DF8033022F4E16244EA830422F0FB
:10F6E000070244EA05231343C0F800370020C2E7AD
:10F6F0000725D3E70425D1E70525CFE70325CDE787
:10F70000630344BF7368C3F80C15CFE710360DF1DF
:10F7100002023946304602F0C3FF14F4403F8046EF
:10F7200017D1394630460FF030FE254B9845DDD1D4
:10F730009DF80210304603F023F84045D6D0214909
:10F740002148224AEC230BF034FC2048EC210BF03A
:10F7500027FC01AB4FF0000903AA39463046CDE93A
:10F760000439CDE90199CDF80C9002F063FE144BF9
:10F7700098427FF47EAF14F4003315D09DF8033027
:10F780008DF80E3084F48034C4F300444B4603AA51
:10F79000394630468DF80C508DF80D4002F0FEFED3
:10F7A000074B9842C1D064E7CDE9043303AA0DF1B9
:10F7B000030339463046039302F03CFEF0E700BFF6
:10F7C0000000AD0BBF5103001C1203009351030056
:10F7D000420970B5034602D0012A1ED070BD144EF6
:10F7E000326951680029F9D003F01F0301250C6824
:10F7F0009D400029F2D08A682A4012D04B6873B924
:10F800000C490D4A0D4861230BF0D3FB0C480BF05B
:10F81000D0FB094861210BF0C3FB0A4EE0E73046FC
:10F8200098471CB1236821461C46E2E72346FAE7C5
:10F8300078FB0200D3510300C95003001C120300DF
:10F840002651030064FB020008B50368590902460B
:10F8500014D0012906D103F01F034FF6FF71D940E0
:10F86000C80713D40B490C480C4A4FF46C730BF0C7
:10F87000A0FB0A484FF46C710BF092FB4FF0FF3184
:10F88000D940C907EED54FF0A04000E0044813600E
:10F8900008BD00BF705103001C1203003D5103005E
:10F8A000000300502DE9F04FDFF890B185B0154608
:10F8B000824600EB810840F2FF19D04503D10020B9
:10F8C00005B0BDE8F08FDAF800305804C3F3C32167
:10F8D000C3F3080400F1AC80594A1B0E575C4C4539
:10F8E00008BF4FF0FF34222B00F2A580DFE803F0C1
:10F8F00012191F22252B22A3A3A3A33B68A3A3A312
:10F90000A3A3A3A3A3A36B818487A3A3A38A919496
:10F91000979A9D00C5F80C45621C5ED10AF1040A55
:10F92000CBE7C5F81445631CF8D000265FE0C5F8A6
:10F930000845F1E7C5F81045F5E7661CC5F8084528
:10F94000ECD0002604E0601CC5F80C45E6D001268A
:10F9500003A80394FFF778FF039B012101FA03F347
:10F96000C0F80C3508E0C5F80845002FDBD1631C52
:10F97000D4D0002631460627DAF80030019303F48C
:10F980000040002818BF002103A8009118BF0126DD
:10F990000394FFF759FF039C019B009900EB84003F
:10F9A000C3F3412CD0F800473B0243EA8C030B43DE
:10F9B00004EA0B04234343EA4603C0F80037ADE7EB
:10F9C000C5F80C45D1E7C5F86045611CDAF8003090
:10F9D000A4D0C3F30043002BB9D003A80394FFF7CE
:10F9E00033FF039B012606FA03F3C0F808353146BE
:10F9F000C2E7C5F86445E8E7C5F86845E5E7C5F836
:10FA00006C45E2E7C5F82445621C87D00021012639
:10FA1000B2E7C5F828457FE7C5F83045F4E7C5F8F3
:10FA20003445F1E7C5F83845EEE7C5F83C4573E7DE
:10FA30006FF0150044E76FF0850041E7F0F8FCFF38
:10FA4000FB510300F7B50546002201210220F4F71F
:10FA500037FA0220F4F704FA6A6811681369C1F8EA
:10FA60002435137D507D927D03431343C1F86C35DB
:10FA70002C692368ABB16B683D4A1B683D49C3F8EC
:10FA800004232068002208300FF080FE2368DD6325
:10FA900020683949002268300FF078FE2368C3F8E7
:10FAA0009C506E68D6E9004313F0010346D02F69DD
:10FAB00007F10C000FF0CAFB304B984208D03048D9
:10FAC000304A01210CF0B7F86FF0040003B0F0BD2C
:10FAD000387B04F10C0204F590710FF0ADFB387B1C
:10FAE000012707FA00F002F023FB0823C4F80035D1
:10FAF000B36AC4F844350023C4F84835A760D4F885
:10FB00005831002BFBD00021C4F800156C68E66862
:10FB100001AA30460EF0EBFE002805DB019B32689F
:10FB200019791868FFF7BEFE63685B075FBF6B68F3
:10FB30001B680822C3F800250020C7E70822C4F884
:10FB40000025B26AC4F84425C4F848350123A360EF
:10FB5000D4F82031002BFBD00023C4F82031D4F896
:10FB600020310123E3604FF48073C4F80433C6E707
:10FB700014020A008DEB020025F002000000AD0B1C
:10FB800054FF0200035203002DE9F843044646687F
:10FB900088460FF048FD6368A8B92E4A127892B1E2
:10FBA0001F684FF04009642560680EF09CFF002834
:10FBB0003ED101200FF03EFB013DF5D10021212077
:10FBC00006F0DAFAEFE721691F684FF04009EFF31A
:10FBD000118589F31288BFF36F8F60680EF083FF81
:10FBE00008B30B6853B1D3F8A4203AB1D3F8B420CA
:10FBF000002A03DAD7F84C25C3F8B42073685B07F2
:10FC000044BF4FF48003C7F80433B36A83F800801D
:10FC1000B16A012220460EF076FF85F31188BFF30A
:10FC20006F8FBDE8F88385F31188BFF36F8FCEE740
:10FC3000EFF311810D4689F31288BFF36F8F60686F
:10FC40000EF051FF0028D9D181F31188BFF36F8FD7
:10FC5000B4E700BF534A0020F7B5064605691C46C5
:10FC6000EFF31187402383F31288BFF36F8F2B6864
:10FC7000D3F8A4C0BCF1000F07D087F31188BFF3FD
:10FC80006F8F6FF00F0003B0F0BDC3F8A4202B6896
:10FC9000C3F8A01001F06043B3F1005F2B6814D1EA
:10FCA000C3F8A8102B68C3F8AC20294630460EF0E4
:10FCB0004CFF87F31188BFF36F8F73681B7D012B97
:10FCC00001D1631C06D10020DDE7C3F8B0C00EF0FF
:10FCD000EBFEEAE70B480C4A2D6824EAE4744FF483
:10FCE000004600210023C4FB0601EBF701FD683547
:10FCF00002460B4600200021CDE90001284606F00F
:10FD000081FFE0E73F420F0040420F002DE9F74F2F
:10FD1000D0F804A0D0F810B0DAF80050DBF80040BA
:10FD200017469AF808208146884672B15D495E4AB6
:10FD30005E4840F2BB330BF03CF95D480BF039F9FB
:10FD4000594840F2BB310BF02BF994F86120002A9E
:10FD500040F0A58094F8622002F0FF01002A40F0F4
:10FD60009E80581C55D0042B53DD52484FF4004C54
:10FD7000052293FBF2F6504A0023C6FB0C01EBF779
:10FD8000B7FC0023C4E91601C4E91087C4E91233A3
:10FD900063652365DAF80420510750D594F8606054
:10FDA000002E4CD0BE4228BF3E46DAF82410324620
:10FDB00040460FF09DFDBF1B4FF000032CD194F87F
:10FDC0006020921BD2B284F86020DAF824000BF194
:10FDD000080B81190FF09AFDBFF35B8F5BE8003FC2
:10FDE00043F004034BE80032002AF7D1BFF35B8FE6
:10FDF00045F30735002D08DB6B09304905F01F0579
:10FE000001224033AA4041F82320002003B0BDE87E
:10FE1000F08F00200146B4E7D4E916210A430DD043
:10FE2000C5F80831D5F80831D4E91623002000219F
:10FE3000CDE9000104F1080006F0E4FEB04400231F
:10FE4000C5F83485C5F83875C5F81031D5F81021D6
:10FE5000C5F84C31D5F84C31012384F86130DAF81B
:10FE600004305A0718D5EFF31181402383F3128829
:10FE7000BFF36F8FD9F81020936843F002009060B1
:10FE80009B0701BFD9F804301B680822C3F800257E
:10FE900081F31188BFF36F8F01232B60B5E76FF0FB
:10FEA0000F00B3E7C2540300225203001C120300E8
:10FEB000565203003F420F0040420F0000E100E0B5
:10FEC00070B40E49D1E90034D01AC31844F10004CB
:10FED00022F07F46C1E90034A6F50013B3F5400FC8
:10FEE00009D2074B1B681A0A1B069C19054B42F1E5
:10FEF0000005C3E9004570BC06F0D0BCE027002037
:10FF0000683B0020E82700200D4B1868010A000616
:10FF1000BFF35F8F0B4BD3F80435181841F1000184
:10FF2000B3F5801F0AD2084BD3E90023904271EB4E
:10FF3000030303D210F1807041F10001704700BF4C
:10FF4000683B002000100140E82700202DE9F7431E
:10FF50002B4CD4F8043399070BD5D4F8043143B1B2
:10FF6000284A0023C4F80431D4F80431136801335B
:10FF70001360D4F80433DA0323D5BFF35B8F224B2D
:10FF800053E8002F22F0010143E800100028F7D1C8
:10FF9000BFF35B8FD30702D4D4F840318BB1002577
:10FFA000C4F84051D4F84031FFF7AEFFEFF31082B0
:10FFB00072B6164BD3E90267B042B94104D282F35C
:10FFC000108803B0BDE8F0834FF0FF384FF0FF39E1
:10FFD000C3E90289D3E900101D604FF48033C4F8EF
:10FFE0004833C4F84051D4F8403182F310880029D6
:10FFF000E7D0009032463B4628468847E1E700BFFD
:020000040002F8
:1000000000100140683B0020603B0020D02700200A
:100010002DE9F84F4B4DBFF35B8F06460F4655E871
:10002000008F28F0010345E80032002AF7D1BFF322
:100030005B8F454C4FF48039C4F80893BFF35F8F52
:10004000BFF36F8FFFF760FFB04271EB070308F05B
:10005000010840D23D4B301A67EB0101984271F123
:1000600000014CD23A4BD3E902239F4208BF96428B
:100070003ED04FF0000CC4F84893C4F840C126F0BD
:100080007F40D4F84031DFF8CCA0834603216FF0E5
:10009000020E2BF07F43C4F84035C4F84493D4F8E3
:1000A0000425AEEB02035B4423F07F4353451FD985
:1000B000D4F840315BB1D4F80425131A23F07F4300
:1000C000B3F5000F14D9C4F840C1D4F8403101EBA6
:1000D000020B0131DDE7204BBFF35B8F53E8001FBC
:1000E00041F0010143E80012002AF7D1BFF35B8F12
:1000F000174B1A4A1A60C3E9026700225A60B8F126
:10010000000F1CD0BFF35B8F55E8003F43F00103A5
:1001100045E80032002AF7D1BFF35B8F4FF48033FC
:10012000C4F804330C4BBFF35B8F1B68BFF35B8FCA
:10013000DB0742BF0A4B4FF40032C3F80021BDE891
:10014000F88F00BF643B00200010014001008000D8
:10015000D0270020FDFF7F00603B0020C1FE010092
:1001600000E100E070B5194C194BC4F80833C4F82D
:100170004833184B00254FF0FF304FF0FF31C4F8E3
:100180000855C3E902014FF48033C4F80433124B1D
:1001900002264FF40032C4F804630121C3F8802121
:1001A00011202A46F3F78CFE1120F3F759FE0123A4
:1001B0000A4AA3600021236009481360FFF728FF63
:1001C0003046FEF761F9284670BD00BF00100140BF
:1001D00003000F00D027002000E100E0643B002076
:1001E000FFFF7F00431C10B50F4C05D08442A8BF11
:1001F0000446012CB8BF0124FFF786FE0B4AD2E962
:100200000031C01AB0F5000F074A0AD220449042CC
:1002100028BF1046C018BDE8104041F10001FFF7AB
:10022000F7BE1046F6E700BFFFFF7F00E027002083
:1002300008B5FFF769FE024B1B68C01A08BD00BF76
:10024000E02700202DE9F04112F0FC6FD0E90147D2
:10025000066913460ED04249424A43484FF474732C
:100260000AF0A7FE41480AF0A4FE4FF474713D481D
:100270000AF096FE02F03002302A0CD13C49394A8D
:10028000394840F2D3330AF094FE3A480AF091FE1E
:1002900040F2D331EBE7384A384D1A40AA420CD12C
:1002A0003749304A304840F2D7330AF082FE3548A9
:1002B0000AF07FFE40F2D731D9E703F00602042AA4
:1002C00009D13149274A284840F2DA330AF071FE51
:1002D00040F2DA31CBE713F4402216D09D030CD460
:1002E0002A49204A204840F2DD330AF062FE2848BD
:1002F0000AF05FFE40F2DD31B9E7B2F5402F18D0C9
:10030000244A9A4301D183F44023246801258D4077
:10031000254223F4801219D11F49124A124840F293
:10032000ED330AF046FE1D480AF043FE40F2ED317F
:100330009DE71B490B4A0C4840F2E1330AF039FEB5
:1003400018480AF036FE40F2E13190E73468DB07E6
:100350004CBF2C43AC4334603B68BDE8F0411847C8
:10036000BE5203008D5203001C1203001B530300F6
:100370003F53030078530300020003000200010012
:10038000B5530300FC5303004B5403007E54030099
:10039000C4540300010010006C550300AA5503006B
:1003A000FF5403004055030070B5836846689C699C
:1003B0000569002C66D002F4C003B3F5C00F0ED15E
:1003C0003249334A334840F273330AF0F2FD32487F
:1003D0000AF0EFFD40F273312D480AF0E1FD63B9F8
:1003E0002E492B4A2B4840F277330AF0E2FD2C4885
:1003F0000AF0DFFD40F27731EEE702F0E863B3F197
:10040000C86F0CD12749224A224840F27A330AF0B9
:10041000D0FD25480AF0CDFD40F27A31DCE702F04C
:10042000C863B3F5800F0CD12049194A194840F22E
:1004300081330AF0BEFD1E480AF0BBFD40F2813157
:10044000CAE7366801238B4033420CD11949104A60
:10045000104840F28B330AF0ACFD17480AF0A9FDB2
:1004600040F28B31B8E7160204D52D682B4218BF35
:1004700082F0C062114BA4461340BDE8704002F008
:10048000B07260476FF0570070BD00BFBC550300ED
:100490008D5203001C120300FD5503002956030072
:1004A000535603007E560300FF56030053570300C4
:1004B0009D5703006C550300AA5503004000000639
:1004C00010B5012303FA01F1436804691B6819425E
:1004D0000ED10E490E4A0F484FF4CB630AF069FD66
:1004E0000D480AF066FD0A484FF4CB610AF058FD4A
:1004F0002368194203D022B183681B6903E0002AF4
:10050000FAD08368DB68BDE8104018476C550300DB
:100510008D5203001C120300AA55030008B50349BD
:1005200003480EF086FD6FF0150008BDE25703008A
:10053000CCFE020008B5034903480EF07AFD002006
:1005400008BD00BFFD570300CCFE02002DE9F743B4
:1005500000241E4E25464FF0010830683779436865
:100560001B6808FA07F71F420ED11949194A1A48A1
:1005700040F2FF530AF01DFD18480AF01AFD154815
:1005800040F2FF510AF00CFDD0F81090836801A9E9
:100590005B68984700280CD012DB08FA05F31C436F
:1005A0000135042D06F10806D7D1204603B0BDE879
:1005B000F083D9F80020019B53403B42F0D0ECE798
:1005C00003B0BDE8F043FFF7B5BF00BF180A030052
:1005D0006C5503008D5203001C120300AA55030042
:1005E0002DE9F041114E07468846002527FA05F20D
:1005F00012F0010210D128FA05F3DB070ED531798C
:100600003068FFF75DFF044640B1094909480EF024
:1006100010FD2046BDE8F0810122F0E70135042DF0
:1006200006F10806E2D10024F3E700BFF809030051
:1006300012580300CCFE02002DE9F843154DDFF8F7
:100640005880DFF85890074600262868AFB140452B
:1006500016D0484514BF4FF0E8624FF098622979F0
:10066000FFF7A2FE044670B10D4A034601210D4872
:100670000BF0EAFA2046BDE8F8834FF40012EEE7EB
:100680004FF09862EBE70136042E05F10805DCD146
:10069000F0E700BF180A030078FB020064FB0200C9
:1006A00028580300CCFE020070B50446EFF3118613
:1006B000402383F31288BFF36F8F234805F04EFF6A
:1006C00068B9224A2249234888230AF072FC1E494D
:1006D00021480AF06EFC88211C480AF061FC1F4D7D
:1006E000194805F05FFF2B78BBB91D4B9C4202D027
:1006F0001C4B9C420AD10020FFF79EFF18B11A49FB
:100700001A480EF096FC1A4B00221A7001232B7027
:1007100018482122002304F0C7FB0B4805F02CFFEA
:1007200068B90A4A14490B4840F231130AF041FCF7
:10073000054912480AF03DFC40F23111CCE786F33E
:100740001188BFF36F8F70BD903B00206B150300C5
:10075000981503001C120300AD150300604900202A
:1007600078FB020064FB020048580300CCFE020044
:100770005F490020F0270020C3150300DA150300AD
:100780002DE9F0414B4F3B7853B10020FFF754FF68
:1007900028B149494948BDE8F0410EF04ABC3870DB
:1007A000FFF7D4FEBFF35B8F454B044653E8002FA1
:1007B00043E800410029F9D1BFF35B8F414BDFF8DB
:1007C00008811A7842BBD8F80060A64219D03F4B86
:1007D0001B6866400BB1314698474FF0FF333C48E9
:1007E0004FF0FF3203F0F6FA3A4B1D6835B1043D85
:1007F00031462B68204698476D68F7E7344803F088
:10080000B9FBC8F8004054B1BDE8F04132484FF49C
:10081000A472002304F048BB00221A70F1E7EFF342
:100820001186402383F31288BFF36F8F2B4805F0A6
:1008300095FE68B92A4A2B492B4888230AF0B9FB50
:1008400026492A480AF0B5FB882125480AF0A8FB6A
:10085000224805F0A7FE264B1D78012D17D01F4812
:1008600005F08AFE68B91E4A22491F4840F231133A
:100870000AF09FFB194920480AF09BFB40F2311116
:10088000E3E786F31188BFF36F8FBDE8F081284658
:100890001C70FFF7D1FE044610483D7005F06CFE59
:1008A0000028E0D086F31188BFF36F8F002CECD0C6
:1008B00012496FE75F49002064580300CCFE020034
:1008C000A03B00201A0C0020703B0020A43B00201D
:1008D000743B0020883B0020F0270020903B002044
:1008E0006B150300981503001C120300AD150300DF
:1008F00060490020C3150300DA1503007D5803008A
:1009000070B50D4C0026E2882068217942F400324F
:10091000FFF798FC054648B90136042E04F1080497
:10092000F1D1BDE870400F21FFF75ABE03490448DA
:100930000EF07FFB284670BDF809030095580300B0
:10094000CCFE0200074BBFF35B8F1B68BFF35B8FCE
:1009500000B10360044811B102685A400A600360A4
:10096000704700BFA03B00206C3B00202DE9F843FE
:100970003B4B18603B483C4D0EF0A7FD2E464FF018
:1009800000082F46F2883068317912F0010F14BF49
:10099000102320231A4342F48032FFF753FC04460D
:1009A00030B1324932480EF044FB2046BDE8F883AE
:1009B00008F10108B8F1040F06F10806E2D1064675
:1009C00080464FF00109286829794FF40012FFF79B
:1009D000EBFC044608B12749E4E72B7908F101084C
:1009E00009FA03F3B8F1040F46EA030605F1080516
:1009F000E9D1DFF88480214BC8E90136054657F874
:100A000035008368DB6933B10122414698470446CB
:100A100020B11B49C6E76FF05704FAE70135042DF2
:100A2000EDD11849184804F023F9184B1648012253
:100A30001A700023002204F0BDF921462046FFF77A
:100A400081FFFFF783FDBFF35B8F114B53E8002F4E
:100A500043E800010029F9D1BFF35B8FA5E700BF90
:100A6000A43B0020743B0020180A0300AF58030089
:100A7000CCFE0200CC580300943B0020A9060200E3
:100A8000E758030081070200F0270020604900209A
:100A9000A03B0020032810B50A4603D9BDE810404A
:100AA000FFF73CBD074B03EBC00153F83000097959
:100AB000FFF706FD044618B1034904480EF0B9FAE1
:100AC000204610BDF809030012580300CCFE0200B6
:100AD00002460B46014803F07DB900BF040D00201B
:100AE000014803F047BA00BF040D00200A4E08B5C4
:100AF00004460D4609480A4940F2371332460AF0C7
:100B000058FA084821462A460AF053FA40F23711AB
:100B100030460AF045FA00BF0F5903001C120300CB
:100B2000C25403004859030010B503460A46114851
:100B300081680C6864B91049104A11485B230AF0B7
:100B400038FA10480AF035FA0C485B210AF028FA06
:100B50001946A04768B10C490C4A09484FF4227362
:100B60000AF027FA0A480AF024FA08484FF42271DA
:100B7000ECE710BDB4FB0200A45903007059030058
:100B80001C120300C4590300621503000F5903002F
:100B9000EA59030008B50A490A480EF034FD002856
:100BA0000CDA0949094A0A4830230AF002FA0948CE
:100BB0000AF0FFF9054830210AF0F2F908BD00BF3C
:100BC000AC3B002000300020C2540300245A030034
:100BD0001C1203004D5A0300F0B589B0064600AF61
:100BE00033480D46334903F03DFE00F087FE07F120
:100BF0000C00DFF75DFF6C4688B06A462E4B5361F0
:100C00002E4B93614FF4007393832D4B42F8103FAA
:100C10002C492D4807F10C03F1F77AFDA5462B4826
:100C20000EF0EAFB50B92A4A274801210BF003F8DD
:100C30006FF0120420462437BD46F0BD254B7B6083
:100C4000381DDFF799FF034638B1234A1E480121BA
:100C50000AF0FAFF6FF01504ECE74FF0FF304FF0A9
:100C6000FF31FFF735FF04460028E3D11B491C483C
:100C7000DFF7DCFE044610B1FFF732FFDAE741F69A
:100C80004C5307F10800BB60EBF701F820B1FFF708
:100C900027FF6FF08504CDE7012338463B70EAF764
:100CA000EEFF0028F3D1FFF71BFF33691D60C1E79A
:100CB000AC3B0020E9F00200AD2D0300705A0300A8
:100CC00003000001C01C4001A4FE0200B4FB0200AE
:100CD000975A0300290B0200B75A0300202800206E
:100CE000950B020030B5314887B0DFF71BFEDFF708
:100CF000F1FE18B16FF0850007B030BDDFF7FEFEE2
:100D00000028F7D1DFF70EFF0028F3D1DFF718FF37
:100D10000028EFD1DFF722FF04460028EAD10125A1
:100D200003AA02218DF80C50DFF738FE0028E3DB20
:100D3000082303AA07212046ADF80C30DFF72EFE6A
:100D40000028D9DB1A4B039303AA03212046DFF7BF
:100D500025FE0028D0DB03AA042120468DF80C5084
:100D6000DFF71CFE0028C7DB1F2303AA062120464D
:100D7000ADF80C30DFF712FE0028BDDBB0F5EC6FEC
:100D800012DD0C4A00904FF4EC630B4829460AF040
:100D900065FF002383F31188BFF36F8F0423184688
:100DA00002DF6FF00B00A7E70020A5E7ED0A0200C5
:100DB00045450302DB5A0300A4FE02007FB54FF055
:100DC000FF304FF0FF31FFF783FE002840F08680B0
:100DD000434D0DF10F01284600F02AFC0446FFF7B1
:100DE0007FFE002C7AD19DF80F30042B48D1287853
:100DF0006B783E2803F1020313D0FF2829D04A2B39
:100E00002CD94A2200923748374A01210AF026FF9E
:100E1000002383F31188BFF36F8F0423184602DF8A
:100E200012E0AA78022AEAD14A2BEAD8002200234B
:100E300001242146F4F790F90646A0B924B92B4ABB
:100E4000284801210AF0F7FE04B0BDE87040FFF722
:100E5000A1BEAA7802F0FD02802AE4E74FF0FF323B
:100E60004FF0FF33E5E76A781D49023206F10C00C6
:100E70000BF00DFB1E4B1F481B6831469847E3E7FC
:100E8000022B0AD14FF0FF324FF0FF330320F4F76B
:100E900037F9064658B9184AD2E7082B18D14FF04F
:100EA000FF324FF0FF330520F4F72AF906466B882E
:100EB00004334A2B09D94A2200920A480A4A0121DE
:100EC0000AF0CCFE84F31188A5E71A462946CDE73F
:100ED0000A4A044801210AF0B7FEB5E704B070BD24
:100EE00061490020A4FE0200FD5A03001D5B0300BF
:100EF000A83B002004FC0200375B0300505B0300AA
:100F0000F7B5804E33780446002B40F087830423E6
:100F10008DF807307C4B05881F68B7B10DF10603CB
:100F20000DF10702711CB84701280ED09DF806305C
:100F3000002B40F08B819DF80730B3700E22012307
:100F40007270F370B580B07189E1B5F5105F4FEA4A
:100F500095230AD2002B4ED0013B072B08D8DFE89F
:100F600003F00907367A070707C13F2B00F03A82E2
:100F7000012055E0204640F2064230F9033B9342FF
:100F80000FD040F21D4293421ED0012040F2064392
:100F90009D4200F05B8140F21D439D4200F056816E
:100FA0003EE0EAF7DEFE42F264039D4240F20C832B
:100FB00042F285039D4233D842F267039D4200F21C
:100FC000148342F26603E8E7EAF7CDFEEBE720463A
:100FD00040F6634230F9033B934230D00DDC40F6DB
:100FE000034293421FD040F62D4293421ED040F65A
:100FF0000142934212D0012028E140F67B42934205
:1010000020D040F67C429342F5D19DF807303F490D
:1010100002338DF80730EAF757FD01E0EAF746FDA5
:101020000128E8D087E7DFF77FFEF9E79DF8073072
:10103000364903338DF80730EAF73DFDF0E7EAF76C
:101040003CFDEDE79DF80730304904338DF807305B
:10105000EAF738FDE4E72388A3F58053013B082B2A
:10106000C9D801A252F823F08D1002009F1002008F
:10107000B3100200F70F0200F70F0200F70F020093
:10108000F70F0200F70F0200D31002009DF807309F
:101090001E4808338DF80730EAF714FEC0E79DF8C4
:1010A00007301A4840338DF807300EF01FF8002043
:1010B00041E79DF8073008338DF80730134B0022C5
:1010C0001A605A60F37A23F0600343F06003F3720E
:1010D000EDE79DF807300D4806338DF80730EAF745
:1010E000F3FD9DE7204642F25E0130F8033B1AB261
:1010F0008A4242F264017BDCB2F5005F08DC8D427B
:101100006EE000BFAB490020BC3B0020B24900208C
:10111000A3F50053013B5D2B5FD8DFE813F07000AF
:10112000780081005E00A500A800AB00B400B70005
:10113000BA005E005E005E005E00BD00C600C90031
:10114000CC005E005E00CF00D800DB00E4005E0053
:10115000ED00F600FF005E005E005E005E005E00D7
:10116000090112011B011E01210127012A012D0184
:1011700030015E005E0039013C013F014801510130
:1011800054015E005E005E005E005E005E005E0078
:101190005E005E005E005E005E005E005E005E005F
:1011A0005E005E005E005E005E005E005E005E004F
:1011B0005E0057015E005E0060015E005E005E0042
:1011C0005E005E005E005E005E005E005E005E002F
:1011D0005E005E005E005E00240142F264039D42F8
:1011E0003FF409AF40F2FF8142F285030120E1E6BE
:1011F00042F27C039A4282D1EAF7B1FD01E0EAF7BC
:1012000065FD42F264039D427FF4CDAE1EE09DF881
:101210000730CE4803338DF80730EAF75CFDF0E77E
:101220009DF80730C94808338DF807300DF09BFF53
:1012300042F264039D4208D040F2C58142F2850328
:101240009D4240F2E9810020EAE600200F237370FE
:101250000423B3700123F0703371A6F80550012305
:101260003370002003B0F0BDEAF737FDC9E7EAF7B5
:1012700036FDC6E79DF80730B44801338DF80730D6
:10128000EAF72FFDBDE7EAF72EFDBAE7EAF72DFDF5
:10129000B7E7EAF72CFDB4E79DF80730AB48013318
:1012A0008DF80730EAF725FDABE7EAF724FDA8E75C
:1012B000EAF723FDA5E7EAF722FDA2E79DF807304C
:1012C000A24907338DF80730EAF71BFD99E7EAF7E3
:1012D0001AFD96E79DF807309C4910338DF80730CA
:1012E000EAF713FD8DE79DF80730984808338DF82D
:1012F0000730EAF70CFD84E79DF807309349023385
:101300008DF80730EAF705FD7BE79DF807308F4938
:1013100002338DF80730EAF700FD72E79DF80730D9
:1013200008338DF807308F23F371C023F3727FE702
:101330009DF80730854902338DF80730EAF7F1FC54
:101340005FE79DF80730814804338DF80730EAF7EE
:10135000EAFC56E7EAF7E9FC53E700F0FFFA50E74A
:101360000DF017FF4DE70DF017FF4AE7EAF7DFFC36
:1013700047E7EAF7DEFC44E7EAF7DDFC41E79DF8E2
:101380000730724801338DF80730EAF7D6FC38E7AA
:10139000EAF7D5FC35E7EAF7D4FC32E79DF80730E9
:1013A0006A4808338DF80730EAF7CDFC29E79DF845
:1013B0000730664904338DF80730EAF7C6FC20E7AA
:1013C000EAF7C5FC1DE7EAF7C4FC1AE79DF8073009
:1013D0005E4802338DF80730EAF7BDFC11E7EAF703
:1013E000BCFC0EE720464FF60B4230F8033B93421D
:1013F00022D8B3F57C4F01D801206DE0A3F57C43E2
:10140000013B0A2BF8D801A252F823F0C9140200BC
:10141000E5140200F9130200F9130200F9130200A7
:1014200035150200F9130200F9130200111502002C
:10143000231502003B15020003F5407292B21D2AEB
:10144000DAD8A3F57D431D2BD6D801A252F823F09C
:10145000511502007F150200851502008B15020050
:101460009115020097150200F9130200F91302000A
:10147000F91302009D150200F9130200F91302008E
:10148000A3150200F9130200F9130200F913020078
:10149000F9130200F9130200F9130200F913020014
:1014A000A9150200F9130200BB150200F91302008E
:1014B000F9130200F9130200F9130200F9130200F4
:1014C000F9130200C11502009DF807301F480C33C4
:1014D0008DF80730EAF7FAFA25F008034FF60252C2
:1014E00093425BE59DF8073040338DF80730174B8A
:1014F00000221A80F37923F0230343F02303F371CE
:10150000337A23F0070343F0070333720020E3E745
:101510009DF807300D4817338DF80730EAF7F2FAD7
:10152000DAE79DF80730094820338DF80730EAF7ED
:101530003BFBD1E7EAF7E4FACEE79DF80730034832
:1015400001338DF80730EAF780FBC5E7B249002088
:101550009DF8073040338DF80730324B00221A6077
:10156000F37923F03F0343F03F03F371337A43F001
:1015700080033372737A43F002037372C6E7EAF7AB
:101580007AFBA9E7EAF779FBA6E7EAF778FBA3E796
:10159000EAF777FBA0E7EAF77AFB9DE7EAF779FB42
:1015A0009AE7EAF77AFB97E79DF807301D4904337D
:1015B0008DF80730EAF773FB8EE7EAF77FFB8BE7DE
:1015C000EAF77EFB88E7002042F226039D4217D807
:1015D00042F20C039D427FF6D9ACA5F500530D3BBA
:1015E000114A9BB206E00120EEE7A5F50153283B26
:1015F0000E4A9BB222FA03F3DB077FF511AD25E615
:1016000042F232039D423FF421AEA5F50153033B64
:10161000012B3FF605AD19E60020CDE44FF0FF3079
:1016200020E600BFB2490020411200032F80402075
:1016300038B5094C23780D461BB9BDE83840EAF7A8
:1016400025BAA278611C02320EF052F90020042360
:1016500020702B7038BD00BFAB49002070B5064626
:101660000C460F4D28460DF0C7FEA8B1A2B2AB68DC
:101670001B6863B90B490C4A0C485B2309F099FCC1
:101680000B4809F096FC08485B2109F089FC3146BB
:101690002846BDE8704018476FF0120070BD00BFCB
:1016A000B4FB0200A4590300705903001C1203008C
:1016B000C4590300884208B501F1200310D99842AB
:1016C00013D20E490E4A0F4840F2B12309F071FCC3
:1016D0000D4809F06EFC0A4840F2B12109F060FCA7
:1016E000EFD000F120029142EAE7013813F8012D12
:1016F00000F8012F8B42F9D108BD00BF924C0300C6
:10170000604C03001C120300E94C03001E4B1F49F0
:1017100003F12002002808BF194670B5104605F0F5
:10172000E1FE034650B31A4A1A4801210AF08CFA26
:1017300012244FF0FF324FF0FF330120F3F7E0FCAB
:1017400000F10C06022105463046F3F71DFA3E2350
:1017500003702223437001213046F3F715FA092361
:10176000037021213046F3F70FFA00F8014B3CB12A
:101770002022FF210EF0E4F8284670BD0446D8E789
:101780000549FFF797FFF7E7F3490020F25B0300F5
:10179000B45B03009CFE0200134A00202DE9F041D7
:1017A0003E4CBFF35B8F2368BFF35B8F022B274652
:1017B0005BD0042B5ED0012B5ED1394C394E2021F9
:1017C0002046FFF74BFF002844D120223146204617
:1017D0000EF0BEF80028F2D03348214605F06EFE28
:1017E00005460028EBD14FF0FF324FF0FF330120C8
:1017F000F3F786FC00F10C06022104463046F3F7AD
:10180000C3F93E2303704223437001213046F3F7AE
:10181000BBF90823037041213046F3F7B5F90646BA
:1018200000F8015BC5B1402200210EF089F8BFF33A
:101830005B8F002357E8002F47E800310029F9D1DA
:10184000BFF35B8F44B31948036921461B68BDE8A9
:10185000F04118471F25C6E71349FFF72BFF14492E
:1018600006F12100FFF726FFE1E70020FFF74EFF1A
:101870000446DCE70120F9E70E4A0F4802210AF08E
:10188000DAF9BFF35B8F002354E8002F44E80031FE
:101890000029F9D1BFF35B8FBDE8F081D03B002078
:1018A000F3490020F25B0300134A002004FC02000D
:1018B000334A0020D55B03009CFE020010B586B0C1
:1018C0001022002101A80EF03BF80B4C05940123D7
:1018D0008DF811304FF0FF324FF0FF33012101A896
:1018E00005F0D6FB20460DF0F5FF049B6FF3943313
:1018F0000493FFF753FFEDE7C03B002010B588B01D
:101900000E480DF0E2FF0E4C0E4900220023CDE9F7
:10191000062300230A22CDE90323CDE901330093F6
:101920004FF47072084B204603F02AFC074920460A
:1019300008B0BDE810400DF07CBE00BFC03B0020E9
:10194000802F002080650020BD180200E55B0300A9
:101950000148F2F709BA00BF802F002008B50B4BF1
:10196000BFF35B8F012253E8001F002903D143E836
:1019700000200028F7D1BFF35B8F05D10448002178
:1019800005F0B8FC002008BD0C20FCE7D03B00208F
:10199000C03B002010B50029114BBFF35B8F0446FC
:1019A0000CBF0222042253E8001F002903D143E8A0
:1019B00000200028F7D1BFF35B8F0ED121460948E4
:1019C000FFF778FE084804F12001FFF773FE07488F
:1019D000002105F08FFC002010BD0C20FCE700BFAB
:1019E000D03B0020134A0020334A0020C03B002097
:1019F0000A4E08B504460D4609480A4940F22B1321
:101A0000324609F0D6FA084821462A4609F0D1FAAA
:101A100040F22B11304609F0C3FA00BF1E5C0300F0
:101A20001C120300C25403004B5C030037B5322381
:101A3000ADF80430154A00230125192168468DF8B8
:101A40000630ADF800508DF80230E9F753F904463E
:101A5000C0B94FF4AF60EDF7F7FA0D482946EDF73E
:101A6000AFFB044670B901462A460820F2F728FA6F
:101A70002A4621460B20F2F723FA2A462146284619
:101A8000F2F71EFA204603B030BD00BFF119020084
:101A9000D43B002008B54FF0FF304FF0FF31FFF787
:101AA00017F848B107490848084AB42309F081FAF1
:101AB0000648B42109F074FAEDF74AFCBDE8084085
:101AC000FFF70EB8625C03001C1203001E5C0300EB
:101AD00008B50A490A480DF096FD00280CDA0949B4
:101AE000094A0A48302309F064FA094809F061FA02
:101AF0000548302109F054FA08BD00BF043C00201D
:101B000000300020C2540300245A03001C120300BA
:101B10004D5A030037B50D4D0D49002400946FF068
:101B200009034FF48062284603F034F80949284637
:101B30000DF07FFD0849094802F094FE2246042179
:101B40001920F2F7BDF9204603B030BD0030002067
:101B5000806900206F5C0300951A0200043C00209D
:101B6000014B00201B681847143C002010B530B111
:101B700001280AD1BDE810400A48E6F779BA0A4BB5
:101B8000BDE810401B68012018470849084A094869
:101B90001C2309F00EFA084809F00BFA04481C212E
:101BA00009F0FEF9611B0200143C0020C25403003E
:101BB000835C03001C120300C05C030008B590B1F5
:101BC000012803D1BDE80840E6F762BA0649074A92
:101BD00007482A2309F0EDF9064809F0EAF9034815
:101BE0002A2109F0DDF908BDC2540300835C03001B
:101BF0001C120300C05C0300014B186001487047D1
:101C0000143C00200000AD0B38B52F4C237E8342DE
:101C10000D4609D02D492E4A2E48552309F0C9F901
:101C200055212B4809F0BCF9BFF35B8F236CBFF340
:101C30005B8F13BB09293AD8DFE801F00539393940
:101C40003921211C391F236AD3E90020904701283C
:101C500005D00223E06384F834301F480EE047F2D9
:101C600030532363032384F834301C4B84F8290059
:101C7000A363F2E7144802F011FB002038BD0023F3
:101C800084F82930207E164B14492363EDF7D9FAE6
:101C900004460028F1D00E4A12490E484D2309F09F
:101CA00088F92146104809F084F94D21B9E7084A1E
:101CB0000E490848812309F07CF929460C4809F0AF
:101CC00078F98121ADE700BF183C00200A5D0300D0
:101CD000D05C03001C1203004C3C00203C3C002064
:101CE000FF3F420F2C5D0300355D0300C25403002B
:101CF000585D03000248012200210DF01FBC00BF07
:101D0000183C0020014BD861704700BF183C0020F0
:101D100070B54FF0FF3106464FF0FF30FEF7D8FEAA
:101D2000054648B14D494E4A4E48AD2309F041F9A8
:101D3000AD214B4809F034F94B494C48E6F7FAFA23
:101D40000446FEF7CDFE002C08DA4948494A2346EE
:101D5000012109F079FF6FF00B0070BD464C40F295
:101D600001132385E36926626433E36247F230534B
:101D700023636FF0730384F82450E36304F1400697
:101D8000BFF35B8F56E8003F46E80052002AF9D1C6
:101D9000BFF35B8FA3683BB13849314A3148C32355
:101DA00009F007F9C321C4E74FF0FF304FF0FF31CE
:101DB000FEF78EFE38B12949294A2A48C62309F080
:101DC000F8F8C621B5E7207E04F12401EDF739FAD1
:101DD000054658B1224A2A492248C82309F0E9F8A1
:101DE0002946284809F0E5F8C821A2E7FEF778FE61
:101DF000254A0023204602F093FA00280FDA234AEE
:101E00001B48012109F017FFBFF35B8F012356E840
:101E1000002F46E800310029F9D1BFF35B8F4FF066
:101E2000FF304FF0FF31FEF753FE38B10B490C4A3B
:101E30000C48D32309F0BDF8D3217AE7207EEDF7D3
:101E4000E2F9FEF74DFEBFF35B8F236CBFF35B8FB0
:101E500013B1094802F0DEFAE06B7EE7625C030032
:101E6000D05C03001C120300303C0020091C02005F
:101E7000E4FE0200705D0300183C0020965D030044
:101E80002C5D0300355D0300447B0B00C13A030069
:101E9000074B01221A64D3F84035B3FBF0F0184425
:101EA000044BDB69984234BF00200120704700BF1B
:101EB00000800040183C00204FF08053D3F83021C0
:101EC000082A06D1D3F83431052B02D8024AD05C57
:101ED00070470020704700BFD85D0300024AD2F867
:101EE0000034002BFBD0704700E0014010B54FF0EC
:101EF0008053D3F83021082A4ED14FF08042002180
:101F0000C2F80C11C2F81011C2F8381502F540429F
:101F1000D3F80414C2F82015D3F80814C2F8241515
:101F2000D3F80C14C2F82815D3F81014C2F82C15E5
:101F3000D3F81414C2F83015D3F81814C2F83415B5
:101F4000D3F81C14C2F84015D3F82014C2F8441575
:101F5000D3F82414C2F84815D3F82814C2F84C1545
:101F6000D3F82C14C2F85015D3F83014C2F8541515
:101F7000D3F83414C2F86015D3F83814C2F86415D5
:101F8000D3F83C14C2F86815D3F84014C2F86C15A5
:101F9000D3F84434C2F87035FFF78EFF18B13A4BCE
:101FA0003A4AC3F88C26FFF787FF18B1384BFB225B
:101FB000C3F81825FFF780FF70B14FF080414FF054
:101FC0008053D1F8E42ED3F8583222F00F0203F0F8
:101FD0000F031343C1F8E43EFFF76EFF20B12D4B12
:101FE0004FF40072C3F840264FF08053D3F83031DD
:101FF000082B1AD14FF08043D3F80024D20744BFF6
:102000006FF00102C3F800244FF08053D3F834314D
:10201000052B02D8204AD35C3BB14FF01023D3F8F4
:1020200008224FF08043C3F858254FF01023D3F80F
:102030000022002A03DBD3F80432002B22DA1749EE
:1020400001234FF01020C1F804351224FFF746FF9A
:10205000C0F80042FFF742FFC0F80442FFF73EFF1E
:102060000023C1F80435FFF739FFBFF34F8F0C4948
:102070000C4BCA6802F4E0621343CB60BFF34F8F8E
:1020800000BFFDE710BD00BF0050004048810300C5
:1020900000F0004000900240D25D030000E00140EB
:1020A00000ED00E00400FA0530B50468CCB1BFF3E0
:1020B0005B8FB4FA84F3C3F11F03DBB201229A40B1
:1020C00024EA020250E8005FA54204D140E8002C57
:1020D000BCF1000FF6D1BFF35B8FE6D102480B7065
:1020E00030BD0248FCE700BF0000AD0B0200AD0BA5
:1020F00010B50368CB40DB0714D401238B40026882
:10210000BFF35B8F43EA020150E8004F944204D1D1
:1021100040E8001CBCF1000FF6D1BFF35B8FEED19D
:10212000014810BD0148FCE70000AD0B0400AD0BF9
:10213000014BC3F80405704700F00140034A43090E
:1021400000F01F00D35C1844C0B27047D05E03009B
:1021500008B50268014610460DF07AF858B91149E1
:10216000114A12484FF46C7308F023FF4FF46C715E
:102170000D4808F015FF02F01F0352090B600BD049
:10218000012A0CD00A49084A084840F2B93308F03D
:1021900010FF40F2B931EBE74FF0A04008BD054811
:1021A000FCE700BF705103003D5103001C12030007
:1021B000C254030000030050072808B50BD9084992
:1021C0000848094A40F2AA3308F0F3FE064840F2F4
:1021D000AA3108F0E5FE800000F5807008BD00BF60
:1021E000135E03001C120300DE5D030070B505469C
:1021F000FFF7A4FF0C4C08300E4634F81030DA0517
:1022000008D5C3F3432304EBC302284654F8333004
:1022100052689847A3682BB1E26831462846BDE86A
:102220007040184770BD00BF000B002008B5FFF7D5
:1022300085FF034B083033F81000400B08BD00BF8A
:10224000000B002008B5FFF779FF034B083033F887
:102250001000C0F3400008BD000B002008B5FFF7D8
:102260006DFF044B083033F8100010F01C0018BF4D
:10227000012008BD000B002008B5FFF75FFF034BEE
:10228000083033F81000C0F3401008BD000B0020E8
:10229000034611F0010010B5CCB20DD1A207C4F372
:1022A000400012D5094AD2F820055860C2F820052E
:1022B000003818BF012008E04FF0A041D1F82025D8
:1022C0001A60C1F82025002AE8D010BD0003005094
:1022D00010B5FFF733FF184A083032F81030D9052F
:1022E0001DD5C3F3432123F4F85322F8103002F133
:1022F0000E04002034F8023F13F4807F03D0C3F3B0
:10230000432399420BD001303028F3D100230B48EE
:1023100042F83130FFF7ECFE094B984200D110BD76
:1023200008490948094A4FF4DC7308F042FE07489F
:102330004FF4DC7108F034FE000B0020780B002015
:102340000000AD0BBF5103001C1203001D5E030013
:102350002DE9F843002407460E4625464FF00108B4
:10236000A146B5420DD1124BD3F87C2132B10022E7
:10237000C3F87C21D3F87C3144F000442046BDE80A
:10238000F883E8B2FFF718FFA0F58072920808FA08
:1023900002F2174209D000F1804303F5C0431968E7
:1023A00019B1C3F800901B6814430135D9E700BF89
:1023B00000600040F7B506460846FFF7BFFE194F1C
:1023C00000F108050C4637F81530DB0727D53046F5
:1023D0000CF0B7FF2046FFF74FFF40B12046FFF754
:1023E00025FF316800F5A270002341F82030204617
:1023F000FFF76EFF002301A827F815300194FFF7BF
:10240000A7FE019B00EB8300074BD0F80027134089
:1024100043F00203C0F80037044803B0F0BD04489D
:10242000FBE700BF000B0020F0F8FCFF0000AD0B45
:102430000400AD0B2DE9FF41164680460846FFF724
:102440007DFE37680D460446E7B108460CF06EFF86
:1024500008BBCDE900008DF80E008DF80F003B465B
:102460000DF10F020DF10E0128460CF003FF474A53
:1024700004F1080132F8113023F0020343F00103A4
:1024800022F81130736863B328461F785968FFF744
:10249000D9FE10B1D1B13E4826E03C4A04F1080013
:1024A00032F8103023F02003DB04DB0C22F810306C
:1024B00061B1032FEFD87168496891F800C0D8F86E
:1024C0000010A7B90CF5A27C41F82C702F4A04F13A
:1024D000080132F8113023F01C0343EA870322F885
:1024E0001130B3684BBB2B4804B0BDE8F08101EB61
:1024F0008C0143EA4C33D1F810E52EF0030EC1F8FD
:1025000010E5D8F8001001EB8C0E43F02003DEF844
:10251000101522F8103021F44F3121F44071CEF81B
:1025200010152902DEF8108501F47C5141EA0741BB
:1025300041EA0801CEF81015C8E7D3E9006728463C
:10254000FFF7C6FE002ECED0104DD5E900239642EF
:1025500003D19F4201D1002209E00F480DF10F0184
:10256000FFF7A2FD0B4B9842BED19DF80F2045F816
:10257000326005EBC20308345F6035F8143043EA7B
:10258000422343F4807325F81430ACE7000B00209D
:102590000400AD0B0000AD0B780B00202DE9FF41CE
:1025A0000C468046204611461E46FFF7C7FD0546ED
:1025B00021B32046FFF746FE18B92046FFF75CFE20
:1025C00010BB2046FFF74AFE10B14B78012B1BD001
:1025D00001238DF80F300023CDE900134A1C8B1C1A
:1025E00020460DF10F010CF045FE274A05F10801C8
:1025F00032F8113043F0030322F81130002E41D09D
:102600002046FFF71FFE18B9204804B0BDE8F0814E
:1026100096F800C0D8F800301B4F0CF5A2720021CC
:1026200043F8221005F1080237F8121021F02001BA
:10263000C904C90C27F8121075781DB3D8F800002A
:10264000B67800EB8C002D04D0F8103523F49913E4
:1026500023F4F853C0F81035230203F47C5305F437
:1026600040353605D0F810E52B4306F4801641EAD4
:102670004C31334341F0200143EA0E0327F8121096
:10268000C0F810350248C0E7000B00200400AD0B75
:102690000000AD0B014BC3E902127047000B002094
:1026A00010B514465AB90E490E480F4A40F20D3380
:1026B00008F07FFC0C4840F20D3108F071FC084630
:1026C000FFF7DAFD50B10846FFF738FD074B083039
:1026D00033F8103006485B0B237010BD0548FCE74B
:1026E000BB5E03001C1203001D5E0300000B0020F4
:1026F0000000AD0B0400AD0B2DE9F041184D95F82D
:10270000804006464CBB6022214605F110000DF0CA
:1027100017F936682F6FA046A7420FD10023C6F8DD
:102720007C3146F30730D6F87C31F1F799FB012371
:102730000C4885F88030AB67BDE8F081E0B2FFF768
:102740003BFDA0F580739B081F2B08BF46F8008057
:1027500004F1010408BF3358DEE70348ECE700BF8B
:10276000000B00200000AD0B0C00AD0B034B93F8E9
:102770008000003818BF0120704700BF000B002008
:102780000148FFF7B5BC00BF740B00200148FFF7FC
:102790008BBC00BF740B00202DE9F34105460846B1
:1027A0000C461646FFF75AFD58B93549354A3648A2
:1027B00040F2FA3308F0FDFB40F2FA31314808F0FC
:1027C000EFFB2B68D3F80423002AA4BF4FF000428C
:1027D000C3F804230846FFF74FFD18B30846FFF778
:1027E00031FD0746F0B90846FFF720FD0446FFF724
:1027F000E3FCD5F8008048F8007058F800302B68EA
:1028000022B203EB8203D3F8102542F00102C3F891
:10281000102526B12A680123A340C2F8043302B070
:10282000BDE8F0814EB91949164A174840F20E43E7
:1028300008F0BFFB40F20E41C0E72046FFF77EFCE8
:10284000134B083033F81030C3F38203042B12D03B
:10285000052B12D001A80194FFF77AFC019BD0F858
:102860001015D94001F001010231204602B0BDE847
:10287000F0410CF04CBD0321F7E70221F5E700BF62
:102880009A5E03001D5E03001C120300C55E030078
:10289000000B00202DE9F04F694BDFF8A881D3F839
:1028A0000403D8F87010C0B289B040F00040FFF7C0
:1028B0004FFD051E2FDAC24600235AF87C1F06A8DA
:1028C000CDE90633FFF7E4FC5F4B01930DF11809E6
:1028D0004FF0000B019A12F8013B0192DA0803F065
:1028E00007031AF8022022FA03F3DA071CD409F1CD
:1028F0000409BBF1000F14D0D8F870104FF000405D
:10290000FFF726FDD8F87C1006A8FFF7C1FC0028C9
:10291000DAD125F000450124002D79D109B0BDE8B8
:10292000F08F4FF0010BD5E7484B5B440293D9F889
:1029300000100029DBD0029B91FAA1F11C78B1FABA
:1029400081F141EA44142046FFF7F8FB0830059472
:1029500038F81070C808BB0819F80020039301F07C
:102960000701012303FA01F122EA010209F800201C
:1029700005A8FFF7EDFB059A039B02F5E072C7F38C
:10298000820650F822205B073746C2F3014224D565
:1029900039462046D6B2FFF729FC05A80594FFF773
:1029A000D7FB059B03F5E07350F82330C3F30143D5
:1029B0009E4207D1002120460CF0A9FC314620465A
:1029C0000CF0A5FC05A80594FFF7C2FB059B0122AE
:1029D00002FA03F3C0F82035A9E7022A0CD103213B
:1029E00020460CF094FC06F00503012BEAD1394691
:1029F0002046FFF7FBFBE5E70221204603920CF09F
:102A000086FC032EF3D0039A032ADBD1022EEDE7D6
:102A100095FAA5F3B3FA83F304FA03F29B0003F1EA
:102A2000804303F5C04325EA0205D3F81005D3F827
:102A30001015C0F30520C1F30141FFF7D7FB6BE789
:102A400000600040000B0020E05E0300E05E030039
:102A5000044AD2F80034DB07FBD50160BFF35F8F77
:102A6000704700BF00E0014008B54FF080531A697D
:102A700059694A43904207D21A69B0FBF2F302FB4C
:102A800013036BB10E4819E00E490F480F4A40F28C
:102A9000071308F08EFA0D4840F2071108F080FA8B
:102AA0000B4B0222C3F80425C3F80805D3F8002411
:102AB000D207FBD500220748C3F8042508BD00BF94
:102AC0000A00AD0B3E5F03001C120300E25E030030
:102AD00000E001400000AD0BF8B50D4601210446B1
:102AE0000CF057FC58B91249124A134840F295139A
:102AF00008F05FFA40F295110E4808F051FA14F010
:102B0000030709D00D490B4A0B484FF4CB7308F06B
:102B100050FA4FF4CB71EFE7094E0123C6F80435A4
:102B200029462046FFF794FFC6F80475F8BD00BF9C
:102B3000585F0300E25E03001C120300725F030093
:102B400000E0014001460148FFF7AEBA840B0020C7
:102B500070B5104D6C6B9CB14FF47A735C430A23D3
:102B6000B4FBF3F40C4ED6F8003163B995F8393064
:102B70004BB90A200CF05EFB013CF4D1074870BD54
:102B80004CF25034EEE795F83930002BF6D104487A
:102B9000F5E700BF5C3C0020009002400700AD0B51
:102BA0000000AD0B094B10B500220124C3F800450D
:102BB000C3F800211C6038B1FFF7CAFF044B9842EC
:102BC00003D1044B83F83840014810BD0090024007
:102BD0000000AD0B5C3C002070B53D4C94F83050CB
:102BE0004DB93C493C4A3D487F2308F0E2F97F213A
:102BF000394808F0D5F938B93949374A3748802378
:102C000008F0D7F98021F3E700F06046B6F1005FE5
:102C10005AD1860758D1012D05D09D4256D194F83E
:102C20003850002D52D02F4D022B0BBFC5F8102568
:102C3000C5F80425C5F81405C5F808050CBFC5F886
:102C40001815C5F80C154FF0000684F83960266891
:102C50000CBF08250425BEB994F838306BB1214B60
:102C600005F1804505F524350022C3F80021012334
:102C70002B60BDE87040FFF76BBF0120FFF792FFAC
:102C8000194B9842EBD170BDA66826B1E060616136
:102C9000E2611648F7E7A261124A84F83030012356
:102CA000A0602161C2F80061C2F8043394F83820B2
:102CB00002F0FF0012B9FFF775FFEAE705F1804562
:102CC00005F524352B60E4E70948DCE70948DAE735
:102CD0005C3C0020D75F03009B5F03001C120300D5
:102CE00003600300009002400700AD0B0000AD0B35
:102CF0000A00AD0B0B00AD0B084B9A685A621A69BB
:102D00009A629A69DA62DA689A6032B15A691A612B
:102D1000DA699A610022DA60704770475C3C0020F3
:102D200008B543090DD0012B1FD014491448154A8A
:102D30004FF46C7308F03DF912484FF46C7108F0D1
:102D40002FF94FF0FF33C340DA07EED54FF0A04222
:102D500002EB80020C4BD2F80007034043EA012348
:102D600043F00203C2F8003708BD00F01F004FF621
:102D7000FF73C340DB07D8D5044AE9E7705103006D
:102D80001C1203003D510300F0F8FCFF000300504B
:102D900010B50E4B0238D3F83C26D3F83836072846
:102DA00013D8DFE800F0110F0D0B0A080604100E0F
:102DB000C871100C8871100A48710A711A0ECA7015
:102DC0001A0C8A701A0A4A700B7010BD00900240EB
:102DD000023807281FD8DFE800F029272511232112
:102DE0001F04CB791B068A7943EA02434A7943EAF6
:102DF00002230A7913430E4AC2F83C36CB781B06ED
:102E00008A7843EA02434A7843EA02230A78134362
:102E1000074AC2F8383670470023E4E70023E5E7A5
:102E20000023E6E70023EBE70023ECE70023EDE7D0
:102E3000009002400268154BFF2A08BF4FF0FF3296
:102E4000C3F824254268FF2A08BF4FF0FF32C3F8B9
:102E500028258268FF2A08BF4FF0FF32C3F83025CB
:102E6000C268FF2A08BF4FF0FF32C3F83425026959
:102E7000FF2A08BF4FF0FF32C3F838254269FF2A06
:102E800008BF4FF0FF32C3F83C2570470090024066
:102E90000A4B002283F83820094B01214FF0805063
:102EA000C3F808131961D0F83001082808BF596524
:102EB000C3F80025C3F80021704700BF5C3C002028
:102EC0000090024030B5194D0FCD8DB006AC0FC447
:102ED00095E8030084E803001549D1F82435DBB2F6
:102EE0000093D1F82835DBB20193D1F83035DBB24D
:102EF0000293D1F83435DBB20393D1F83835DBB225
:102F00000493D1F83C3506A8DBB20593FFF792FF96
:102F10000023C1F8003101230B60D1F80031002BF0
:102F2000FBD06846FFF786FF0DB030BD840003007C
:102F30000090024070B590F82930044613B190F823
:102F40002A206ABB6068FF2864D0A268FF2A61D08B
:102F5000E268FF2A5ED02269FF2A5BD0D3B9032141
:102F6000FFF7DEFEA0680321FFF7DAFEE068032129
:102F7000FFF7D6FE20690321FFF7D2FE6069FF2824
:102F800002D00321FFF7CCFEA069FF2802D0032165
:102F9000FFF7C6FE94F82A3013B9201DFFF74AFF49
:102FA0001D4E636A73631D4D94F8293086F83A30DC
:102FB0000123C5F80833FFF785FF2368C5F84035BE
:102FC000A37F617F227F9B0143EAC1031343E27F1A
:102FD00043EAC213C5F84435D5F8002694F82030EA
:102FE00022F07F4222F0FF02134394F8212043EAAB
:102FF000026394F8222043EA426394F8232043EAD0
:103000000273C5F80036336813B12920F0F728FFA2
:10301000034870BD0348FCE75C3C00200090024080
:103020000000AD0B0400AD0B38B558B9104911487C
:10303000114A4FF4DB7307F0BCFF0F484FF4DB710C
:1030400007F0AEFF0D4C94F8305075B9C4E900128A
:10305000FFF770FF0A4B984206D1C4E902550123DD
:1030600084F8303084F8385038BD0648FCE700BF9B
:103070001B6003001C1203009B5F03005C3C0020EC
:103080000000AD0B0C00AD0B2DE9F843DFF8C0904C
:10309000074699F830008846144658B92D492E4AFB
:1030A0002E484FF4017307F084FF4FF401712A4852
:1030B00007F076FF012849D199F83830284E83B3BC
:1030C000284D0123C5F80833FFF7FCFEB8F1000FC7
:1030D0002ED14FF0000889F83980C5F80081BB78FF
:1030E0007A781B0343EA02233A781343FA7843EAD7
:1030F00042333A7943EA82337A7943EAC233C5F8F4
:103100003436FFF725FDB04217D13B796BB916492C
:10311000114A124840F2362307F04BFF40F23621A5
:10312000C5E7FFF73FFDB042CAD10D48BDE8F883BF
:1031300078784146FFF74CFECBE7C5F800811CB11B
:1031400078782146FFF724FE0848EFE70848EDE7C6
:103150005C3C0020D75F03009B5F03001C12030050
:103160000700AD0B00900240246003000000AD0B8F
:103170000B00AD0B08B50C4B93F830205AB90B4936
:103180000B480C4A4FF43F7307F013FF09484FF404
:103190003F7107F005FF93F838301BB9BDE80840D0
:1031A000FFF700BD044808BD5C3C0020D75F03006A
:1031B0001C1203009B5F03000C00AD0B08B50C4B09
:1031C00093F830305BB90B490B480C4A4FF442730B
:1031D00007F0EFFE09484FF4427107F0E1FE012BC2
:1031E00003D1FFF755FE064808BD0648FCE700BFBF
:1031F0005C3C0020D75F03001C1203009B5F0300B0
:103200000000AD0B0B00AD0B034B93F83000003802
:1032100018BF0120704700BF5C3C002038B5274B29
:1032200093F830405CB926492648274A40F23133AA
:1032300007F0BFFE244840F2313107F0B1FE11F033
:10324000030536D11A68C2B1012C34D11F4AC2F825
:103250001C150421C2F8200583F8395083F830107A
:10326000C2F80051C2F8044393F8383003F0FF006D
:10327000EBB9FFF797FC164818E0144CC4F81C157E
:10328000C4F8200583F8392093F8383043B100237F
:10329000C4F800310123E360BDE83840FFF758BCB3
:1032A0000120FFF77FFC0B4B9842F0D138BDD46072
:1032B000E1E70948FAE70948F8E700BF5C3C00206D
:1032C000D75F03001C1203009B5F030000900240C5
:1032D0000000AD0B0700AD0B0A00AD0B0B00AD0BF2
:1032E00008B50B4B93F830305BB90A490A480B4AD2
:1032F0004FF4597307F05DFE08484FF4597107F019
:103300004FFEBDE8084000210220FFF787BF00BF45
:103310005C3C0020D75F03001C1203009B5F03008E
:1033200010B5224BD3F8002192B1214C0022C3F8F2
:10333000002194F8381094F8302071B90121032A43
:1033400084F8381005D0042A05D0022A00D19960EB
:1033500010BD5960FCE7D960FAE7032A19D0042AA6
:1033600019D0022A04D1012384F82030FFF7C4FCCD
:10337000A36813B9012384F8303094F8393003F08E
:10338000FF0013B9D4E900319847002384F82030B6
:10339000DEE70223E8E7032284F82020D3F81C2587
:1033A0006262D3F8203584F82830E1E700900240CB
:1033B0005C3C002008B5124BA822002118460CF0F6
:1033C000BFFA032202610F4942610F4A8161C26163
:1033D0004FF480620262002282624262C26201662F
:1033E0000A49416610218166094902670346C2669F
:1033F000426711F8010D98540132102AF9D108BD25
:10340000100400203660030010000020000000209F
:103410004F6003002DE9F84FDFF87C80182606FB8B
:10342000008E00FB06664644DEF82440DEF828C025
:103430007368A44507468946154603EB040022D865
:10344000DEF820B0ABEB040A0AF1FF339A4203D84E
:103450000CF04EFA2C440FE063449A4219D85246BD
:103460002C440CF045FAB4EB0B0405D070682246EE
:1034700009EB0A010CF03CFA182303FB0783012037
:103480005C62BDE8F88F0CF1FF3CACEB040C94459A
:10349000DED20020F5E700BF10040020034B182205
:1034A00002FB00339A6A586A801A704710040020A1
:1034B00003484FF0FF324FF0FF3300F08BBC00BFEA
:1034C000400D0020014800F055BD00BF400D002018
:1034D00008B50A4A0A4B93420ED90A490A4A0B48D0
:1034E000182307F066FD0A4807F063FD0648182117
:1034F00007F056FD1433EEE7FCD308BD18FC0200BC
:1035000050FB020073600300506003001C120300B4
:103510004419030010B50446EEF78EFF0348044A31
:10352000012108F088FB20460BF071FF2CFF020000
:103530008B6003002DE9F843044600AF0D46EFF31E
:103540001188402383F31288BFF36F8F0428304A19
:1035500098BF304B9668117C94BF53F820302E4BA7
:10356000E9468AB06A462D48C2E9073140F2013384
:1035700093842B4BC2E9050442F8103F29480023ED
:103580004FF43151EFF7C4F8CD4645B1EB69C3F3C1
:10359000080323B1244A2348012108F04CFB2EB133
:1035A00030460CF049F808B1037803B91F48E946E2
:1035B0008AB06A461E4BD061C2E9053640F201333B
:1035C00013841C4B42F8103F164800234FF411514E
:1035D000EFF79EF82946CD462046FFF79BFF042CC7
:1035E0000CD11549154A1648872307F0E2FC154807
:1035F00007F0DFFC1148872107F0D2FC88F311881F
:10360000BFF36F8F3046F0F7AFFBBD46BDE8F883E0
:10361000983C0020440A03009A600300A86003005D
:10362000050000012CFF0200D0600300572D0300AD
:10363000F1600300040000012B6103000961030035
:103640001C1203004861030038B5094B53F82040B1
:10365000013053F82050A54200D838BD636823B12B
:1036600020460BF0DCFE0834F5E723689847FAE7BC
:10367000580A030070B5394B394C3A4D012286B0D7
:1036800003201A70FFF7E0FFEFF736FE0BF0E3FEC2
:103690000420FFF7D9FFAC42264628D93249334AE5
:1036A0003348452307F085FC324807F082FC45216A
:1036B0002E4807F075FC54F80C3C059354F8103C68
:1036C000049354F8143C039354F8183C029354F8B0
:1036D0001C3C019354F8203C009354E90A2354E91C
:1036E0000C0101F0DBFC54F8303C5E65D3E7AE42E0
:1036F00004F13004DFD302F009FB194C1E4EAC423A
:103700001FD91949194A1A48692307F052FC194868
:1037100007F04FFC6921CBE7D4E90A23B3F1FF3F5F
:1037200008BFB2F1FF3F05D052EA0301206803D180
:103730000BF084FF3034E2E73146183002F09AFF94
:10374000F8E7E9D302F050FBECF73EFE0B4A137B9F
:1037500023F00103137306B070BD00BF534A00206D
:1037600098FD0200C8FD0200E8610300C761030084
:103770001C12030044190300B3F60200203100209C
:1037800008B50348034A0021121A0BF060FE08BD79
:10379000A00F0020584A002070B5002386B00122F7
:1037A000CDE90423134E144D01930F22CDE90232CB
:1037B0001249142303FB005506EBC01604464FF4D0
:1037C000C07000FB04110E4B00954FF4A072304600
:1037D00001F064FC737B0B4AEE6023F00403737307
:1037E0004FF4046304FB033313442C746B6006B082
:1037F00070BD00BFA0300020983C00200076002063
:103800008D3D0200C06D0020BFB50020FFF71CFFFA
:103810002E4B83F308882E4C2E4E63692E4F43F4B3
:1038200000736361E02384F8223000252023E377CE
:1038300025766576A57684F82050636A43F4E02304
:10384000636284F82350F0F70BFAF0F7DFFB4FF0D8
:10385000FF33A362E362214CF0F7E8FCF0F7FAFBD8
:10386000EEF73EFD40F201132046A381C4E919554D
:1038700003F006FEB460FFF72BFE0120FFF7E4FE25
:103880000220174CFFF7E0FE02F02AFB154B746193
:103890000593012314490095CDE903534FF4906239
:1038A0003B46CDE90155204601F0F8FB627B064618
:1038B00022F004022046627301F08EFE2846FFF7D4
:1038C0006BFF3A4631462046F0F77EFB007600203B
:1038D00000ED00E0983C00207536020040320020E8
:1038E00020310020156203008077002038B50D4C90
:1038F0000D4DAC4213D90D490D4A0E48192307F05E
:1039000058FB0D4807F055FB0948192107F048FB03
:10391000D4E9011220460BF09FFD1834E9E7F7D3F4
:10392000002038BDD80C0020F00C00203F620300BE
:103930001D6203001C120300441903002DE9F04F1F
:1039400089B09046DDE91223064606A899460591FE
:1039500017460BF0D6FEDDE90634CDE9023406F158
:103960001404EFF31185402383F31288BFF36F8FA4
:10397000204602F0F3FD60B9364A374937488823BC
:1039800007F017FB2146364807F013FB8821314822
:1039900033E0204602F006FEEFF30583FBB906F1A3
:1039A0000C0A4FF0400B059942463046ECF748FEB2
:1039B000034620B32046029302F0DEFD029B00285E
:1039C0003FD1244A2749254840F2311307F0F1FA44
:1039D0002146254807F0EDFA40F23111D7E757EAC2
:1039E0000903DCD02149224A1C484B2307F0E1FAA5
:1039F000204807F0DEFA1E484B2107F0D1FA57EABB
:103A00000907D7D0DDE9022306A80BF09EFEDDE909
:103A100006232946CDE900231746204652469946FB
:103A200001F010FFEFF311858BF31288BFF36F8F56
:103A3000204602F093FD00289ED0204602F0B2FD01
:103A4000B1E785F31188BFF36F8F184609B0BDE861
:103A5000F08F00BF6B150300981503001C120300C4
:103A6000AD150300C3150300DA1503005862030007
:103A70001D6203009A260300F8B505460E4600F1C4
:103A80001404EFF31187402383F31288BFF36F8F81
:103A9000204602F063FD68B91B4A1C491C48882374
:103AA00007F087FA21461B4807F083FA8821164859
:103AB00007F076FA204602F075FD28463146ECF70D
:103AC00071FD05F10C000BF002FE28B139462046CD
:103AD000BDE8F84002F06EB8204602F04DFD68B92E
:103AE000094A0D490A4840F2311307F062FA2146AB
:103AF0000A4807F05EFA40F23111D8E787F31188DF
:103B0000BFF36F8FF8BD00BF6B150300981503005E
:103B10001C120300AD150300C3150300DA150300E2
:103B200038B50D4C0D4D0020AC4213D90C490D4A4F
:103B30000D48942307F03DFA0C4807F03AFA09487B
:103B4000942107F02DFA20460BF08EFC002802DBB2
:103B50002034E9E7F7D338BD780C0020D80C0020DA
:103B6000C36203009E6203001C1203004419030099
:103B70002DE9F74305460F4691461C4600F108061D
:103B8000EFF31188402383F31288BFF36F8F304621
:103B900002F0E4FC60B9324A32493348882307F026
:103BA00008FA3146314807F004FA88212C4826E00B
:103BB000304602F0F7FC2B691BB33B601C68EB69D5
:103BC0002C610133EB6114B96A6993421FD0EB6831
:103BD000E41A09D4D5E905235A43A24204D9B4FB17
:103BE000F3F203FB124494B12149224A1E48E72311
:103BF00007F0DFF9204807F0DCF91E48E72107F05D
:103C0000CFF959EA040214D13B606FF00B0430463F
:103C100002F0B2FCF0B9124A1849134840F23113CD
:103C200007F0C7F93146164807F0C3F940F23111E1
:103C3000BCE7CDE900942A464146304601F002FE39
:103C4000044618B90F4B9B685B693B60204603B084
:103C5000BDE8F08388F31188BFF36F8FF6E700BFEC
:103C60006B150300981503001C120300AD1503002B
:103C7000E06203009E6203005C630300C31503005F
:103C8000DA150300983C00202DE9F04104460D466A
:103C900000F10806EFF31187402383F31288BFF386
:103CA0006F8F304602F05AFC60B92F4A2F493048D6
:103CB000882307F07EF931462E4807F07AF98821EB
:103CC000294830E0304602F06DFCE368EB1A1DD461
:103CD000D4E905125143994218D9B3FBF2F102FB22
:103CE00011339BB9D4F81080B8F1000F1DD12046D4
:103CF00001F07CFEC8B1C0F87C80456101F06CFC2D
:103D000039463046BDE8F04101F054BF1A491B4A1C
:103D100017484FF4887307F04CF9194807F049F930
:103D200016484FF4887107F03BF923692B60E3696B
:103D30002561013BE361304602F01EFC68B90A4A86
:103D400010490B4840F2311307F033F931460E4861
:103D500007F02FF940F23111B2E787F31188BFF372
:103D60006F8FBDE8F08100BF6B150300981503004D
:103D70001C120300AD150300776303009E6203006D
:103D800093630300C3150300DA15030008B50D4B58
:103D90009B6893F90E30002B09DB4024EFF311836D
:103DA00084F31288BFF36F8F08F01AFBF6E7064919
:103DB0000648074A1B2307F0FCF805481B2107F0BB
:103DC000EFF800BF983C0020D66303001C120300EC
:103DD000B56303002DE9F341044617461E46EFF391
:103DE000058565B15849594A59486F2307F0E1F8EC
:103DF000584807F0DEF855486F2107F0D1F8EFF387
:103E00001188402383F31288BFF36F8F524802F06A
:103E1000A5FB60B9514A52494D48882307F0C9F8BB
:103E20004D49504807F0C5F888214C48E5E74A4815
:103E300002F0B8FBE3684C4A9BB1A06891688842E5
:103E400029D057EA06032ED1434802F095FBA0B1D2
:103E500088F31188BFF36F8F6FF00F0002B0BDE8D9
:103E6000F081916891F90E103B4821610133E360C4
:103E70009368A36002F080FB78B9384A3B49344824
:103E800040F2311307F095F83349394807F091F8BB
:103E900040F23111C9E72169E6E788F31188BFF3E1
:103EA0006F8F0020DAE791F90E1090F90E309942E9
:103EB000A8BF19466FF07E029142B8BF11468B42EF
:103EC00002DD0BF0FAFA0546CDE9007622482246DB
:103ED000414601F0B7FC0028E3D0EFF31186402300
:103EE00083F31288BFF36F8F1B4802F037FB002863
:103EF00090D0194802F056FBA068C0B12368216930
:103F00009C420AD04BB193F90E309942A8BF194692
:103F10006FF07E039942B8BF19460BF0CEFA30B16C
:103F20000D48314601F046FE6FF00A0096E7002D7D
:103F3000F6D1094802F020FB00289ED086F31188B4
:103F4000BFF36F8FF0E700BF20640300FE63030040
:103F50001C12030032640300B83C00206B15030000
:103F600098150300AD150300983C0020C31503000D
:103F7000DA15030070B50446EFF3058666B13849DB
:103F8000384A3948D72307F014F8384807F011F8B1
:103F9000D721344807F004F88368002B5AD0344AFC
:103FA0009268934259D1C3683BB932492D4A2E4891
:103FB000EF2306F0FEFFEF21EBE7012B03D0013BDF
:103FC000C360002070BDEFF31185402383F3128896
:103FD000BFF36F8F284802F0C1FA60B9274A284919
:103FE0002148882306F0E5FF2349264806F0E1FF33
:103FF00088212248CEE7204802F0D4FA2169A0683F
:104000000BF05BFA204601F0F1FCA06050B190F992
:104010000E202261C66701F0DFFA1748294601F039
:10402000C9FDCEE7E060144802F0A6FA68B9134A69
:1040300015490D4840F2311306F0BBFF0E491348F5
:1040400006F0B7FF40F23111D3E785F31188BFF3D3
:104050006F8FB6E76FF01500B4E74FF0FF30B1E7B0
:1040600020640300FE6303001C120300326403009B
:10407000983C002057640300B83C00206B150300F7
:1040800098150300AD150300C3150300DA150300EE
:104090002DE9F04704469DF820A00E46904699462B
:1040A00000F10805EFF31187402383F31288BFF373
:1040B0006F8F284602F052FA68B93D4A3D493E48A2
:1040C000882306F076FF29463C4806F072FF8821D7
:1040D000374806F065FF284602F064FABAF1000F8F
:1040E00000D0666804F10C0001F080FC58B1002398
:1040F000C367C0F8148001F06FFA2846394601F012
:1041000059FD00201EE0B9F1000F2DD0082103F069
:10411000BDF9C8B9284602F02FFA68B9244A2849DF
:10412000254840F2311306F044FF2946254806F0A1
:1041300040FF40F23111CBE787F31188BFF36F8F57
:104140006FF00B00BDE8F0870122C0F80480026028
:10415000016801F003015EB922680A4302606268E7
:1041600020606AB960600BE0C8F800904046EFE755
:104170003268032A10D80160616839B9C4E90000C7
:10418000042104F1140003F063F8B6E70A6802F0B2
:10419000030202430A60E5E722F003020A430260D9
:1041A000326802F0030240EA02033360E8E700BF2E
:1041B0006B150300981503001C120300AD150300D6
:1041C000C3150300DA1503002DE9F74306469046B0
:1041D0001F4600F10805EFF31189402383F312888D
:1041E000BFF36F8F284602F0B9F968B9244A254910
:1041F0002548882306F0DDFE2946244806F0D9FE2E
:1042000088211F4806F0CCFE284602F0CBF934681E
:10421000F4B12368726823F00303944220463360AC
:1042200008BF736001210BF057F90446284602F0DD
:10423000A3F9E8B9124A1649134840F2311306F0BF
:10424000B8FE2946134806F0B4FE40F23111D8E713
:1042500058EA0703EAD0CDE9008706F10C02494687
:10426000284601F0EFFA38B90B4B9B685C6903E014
:1042700089F31188BFF36F8F204603B0BDE8F08348
:104280006B150300981503001C120300AD15030005
:10429000C3150300DA150300983C002038B5044626
:1042A000EFF31185402383F31288BFF36F8F174814
:1042B00002F054F968B9164A16491748882306F0DF
:1042C00078FE1249154806F074FE1148882106F060
:1042D00067FE0E4802F066F9204601F087FB48B100
:1042E0000022C26701F078F929460848BDE8384045
:1042F00001F060BCD4E902329A4218BF0133A360D6
:10430000022104F1100002F0A3FFEDE7BC3C002005
:104310006B150300981503001C120300AD15030074
:10432000F7B5044616461D46EFF305837BB152EA06
:1043300005030CD02D492E4A2E48882306F039FE5D
:104340002D4806F036FE2A48882106F029FEEFF3B4
:104350001187402383F31288BFF36F8F274802F041
:10436000FDF860B9264A27492248882306F021FE35
:104370002249254806F01DFE88212148E5E71F480F
:1043800002F010F9A368D3B1013B1C48A36002F00E
:10439000F3F868B91A4A1D49164840F2311306F07D
:1043A00008FE16491A4806F004FE40F23111E4E70F
:1043B00087F31188BFF36F8F002003B0F0BD56EA7A
:1043C00005030BD10D4802F0D7F80028E2D087F39F
:1043D0001188BFF36F8F6FF00F00EEE7CDE9006536
:1043E00022463946054801F02DFAE6E78E640300BF
:1043F0006E6403001C1203009A260300BC3C0020DC
:104400006B15030098150300AD150300C3150300D9
:10441000DA15030070B50446EFF31185402383F3EA
:104420001288BFF36F8F154802F098F868B9144AE4
:1044300014491548882306F0BCFD1049134806F0BE
:10444000B8FD0F48882106F0ABFD0C4802F0AAF831
:104450006FF00A06204601F0C9FA18B1C66701F0EC
:10446000BBF8F7E7A060022104F1100002F0F0FEB3
:1044700029460248BDE8704001F09CBBBC3C0020CE
:104480006B150300981503001C120300AD15030003
:104490001FB5094A92E8030002AB83E803004FF41A
:1044A00000620093054906484FF0FF3300F072FBAD
:1044B000002005B05DF804FB9C000300407C002058
:1044C000A03100202DE9F0436D4E6E4F85B00546BA
:1044D000EFF31188402383F31288BFF36F8F3046C8
:1044E00002F03CF868B9684A68496948882306F0D0
:1044F00060FD6349674806F05CFD8821624806F06C
:104500004FFD304602F04EF8D5F88040ACB902219C
:1045100005F198000BF022F8002837D10023029310
:104520004FF0FF324FF0FF33CDE90023414605F154
:104530008802304601F028FFCAE7D5F884202368B6
:10454000C5F88030944208BFC5F88430D5F898305B
:1045500043F00203C5F89830E368D4F8049023F0E0
:10456000040343F00103E360304602F005F8B8B9F4
:10457000454A4949464840F2311306F01AFD404980
:10458000464806F016FD40F23111B7E705F19004F8
:1045900000220121204601F099FE0028F8D1BDE754
:1045A00088F31188BFF36F8FB9F1000F0AD13C492E
:1045B00037483C4A40F2AF2306F0FBFC394840F252
:1045C000AF219CE72046C847EFF31188402383F3CF
:1045D0001288BFF36F8F304601F0C0FF002882D0F1
:1045E000304601F0DFFFE368D90623F0010231D441
:1045F000E260E3689A0716D5386823F00203E360A7
:1046000088B10368002170B14268944230D10368D8
:1046100041BB7A683B60824200D17B60002340F856
:10462000083BFFF73BFED5F8983023F00203C5F8AE
:1046300098303046C3F3002401F09EFF002897D045
:1046400088F31188BFF36F8F002C7FF441AF01F026
:104650004FFC3DE723F01103E36004F11000FFF786
:104660001DFEC6E70B607B68834208BF7960D5E713
:1046700023B11A68014618461346C4E71A46F9E7FB
:10468000C83C0020C03C00206B15030098150300B7
:104690001C120300AD150300C3150300DA15030057
:1046A00027650300E564030070B5C368C3F34006E3
:1046B0009B0705460C460DD50122002104F1080098
:1046C0000AF03CFF00232360054B65605A681AB965
:1046D000C3E90044304670BD14605C60FAE700BF77
:1046E000C03C0020F8B5C3689A0704460F46C3F3E0
:1046F000400639D45B0725D40B680BB983680B607F
:10470000E368DD0721D5A3685BB928492848294A11
:104710004FF4AF7306F04DFC26484FF4AF7106F02E
:104720003FFC3B6002263D68002D3CD0224B9B683D
:10473000AB420CD0D5F89830D807C3F3800216D41A
:104740006FF0120600233B6027E00126EBE70AF03A
:104750006AFFD5F898300028EED1D907C3F3C0021C
:10476000EED552B15B0708D46FF00F06EAE7002AD6
:10477000FAD1C3F3C003002BF6D100232360D5F890
:10478000843063B9C5E9204428460AF002FFE36893
:1047900043F00403E3603B68A3603046F8BD1C604F
:1047A000C5F88440F0E76FF01506CBE70665030017
:1047B0001C120300E5640300983C002073B5044616
:1047C000EFF31185402383F31288BFF36F8F1E48E8
:1047D00001F0C4FE68B91D4A1D491E48882306F031
:1047E000E8FB19491C4806F0E4FB8821174806F04D
:1047F000D7FB154801F0D6FE00230321201F0193AB
:10480000A4F110060AF0AAFE28B1A369019301A938
:104810003046FFF767FF0C4801F0AEFE68B90B4A5F
:104820000E490C4840F2311306F0C3FB06490C4810
:1048300006F0BFFB40F23111D8E785F31188BFF3D2
:104840006F8F02B070BD00BFC83C00206B15030025
:10485000981503001C120300AD150300C3150300D7
:10486000DA15030038B50D46044648B90C490D4A1F
:104870000D48992306F09DFB99210A4806F090FB0C
:1048800039B90A49074A08489A2306F092FB9A2147
:10489000F3E7102200210BF053F8656038BD00BF2C
:1048A000C2650300E56403001C12030027650300D2
:1048B0002DE9F041C36803F00503002B07460C46C1
:1048C00014BF4FF001084FF000082FD085685DB984
:1048D00020492148214A4FF4E47306F06AFB1F483F
:1048E0004FF4E47106F05CFBD5F8806026B1B74266
:1048F00001D03668FAE701260122002104F11000F8
:104900000AF01CFE16492046FFF7ACFFE36843F0AF
:104910001003E3609EB13B68236073B9D5F884301F
:104920003BB9C5E9204428460AF033FE4046BDE8BD
:10493000F0811C60C5F88440F5E73C60F3E7D5F8EA
:1049400080302360D5F88430C5F88040002BEAD150
:10495000F0E700BF0C6503001C120300E5640300D0
:1049600073F5020037B50C46019059B92849294A18
:1049700029484FF4C27306F01CFB4FF4C27125485E
:1049800006F00EFB4B684BB92449224A224840F2FC
:10499000851306F00EFB40F28511F0E7EFF3118569
:1049A000402383F31288BFF36F8F1D4801F0D6FDBB
:1049B00060B91C4A1C491848882306F0FAFA1849BD
:1049C0001A4806F0F6FA88211648D9E7144801F08B
:1049D000E9FD204601A9FFF785FE0446104801F0D5
:1049E000CBFD68B90F4A12490B4840F2311306F06B
:1049F000E0FA0B490F4806F0DCFA40F23111E3E728
:104A000085F31188BFF36F8F204603B030BD00BF20
:104A1000C2650300E56403001C1203002165030066
:104A2000C83C00206B15030098150300AD1503006A
:104A3000C3150300DA150300014601480AF0E3BD7F
:104A4000A031002070B50C46054658B93849394A9E
:104A500039484FF4EA7306F0ACFA4FF4EA7135487E
:104A600006F09EFAC368DB0509D53449314A32485D
:104A700040F2D51306F09DFA40F2D511EFE70AF0A7
:104A8000D2FD48B12E492B4A2B484FF4EB7306F068
:104A900090FA4FF4EB71E2E74CB92A49254A2648CF
:104AA00040F2D71306F085FA40F2D711D7E7EFF3BB
:104AB0001186402383F31288BFF36F8F224801F0E1
:104AC0004DFD60B9214A22491B48882306F071FA3E
:104AD0001D49204806F06DFA88211C48C0E71A4895
:104AE00001F060FD28462146FFF7E2FE0546164824
:104AF00001F042FD68B9154A17490F4840F23113D9
:104B000006F057FA1049154806F053FA40F23111F1
:104B1000E3E786F31188BFF36F8F3DB14FF0FF32AB
:104B20004FF0FF3304F11000FFF7FAFB284670BD89
:104B3000C2650300E56403001C1203003E65030028
:104B4000913A03006D650300C83C00206B1503001B
:104B500098150300AD150300C3150300DA15030013
:104B600008B558B908490948094A4FF4347306F0A2
:104B700020FA07484FF4347106F012FAA0220021FF
:104B80000AF0DEFE08BD00BF0C6503001C12030026
:104B9000E5640300F0B589B004460E9D58B92E496E
:104BA0002E4A2F4840F2DF2306F003FA40F2DF21BD
:104BB0002A4806F0F5F949B92A49284A28484FF405
:104BC000387306F0F6F94FF43871F1E7D0F8980031
:104BD00010F0010009D02449204A214840F2E12385
:104BE00006F0E7F940F2E121E2E7C4E9200004F130
:104BF0008800C4E9220004F19000C4E924004DB308
:104C00002879002840F2011008BF0120C4F898005C
:104C100000204FF0FF364FF0FF37CDE90330CDE9EC
:104C20000100CDE90667114B0094204600F0A8FA78
:104C300055B1296811B120460AF0FBFC6B791BB114
:104C4000237B43F001032373204609B0BDE8F04005
:104C50000AF0F4BC0120D9E781650300E564030094
:104C60001C120300876503008D650300C544020024
:104C700038B50D46044658B90F49104A104840F25D
:104C80005B3306F096F940F25B310C4806F088F988
:104C900049B90C49094A0A484FF4577306F089F993
:104CA0004FF45771F1E7302200210AF049FE4FF42A
:104CB00080736560E36038BDC1650300E56403008F
:104CC0001C12030027650300F7B5164601901D4628
:104CD0000C4659B92D492E482E4A40F2D53306F0DC
:104CE00068F92C4840F2D53106F05AF9EFF31187F4
:104CF000402383F31288BFF36F8F274801F02EFC07
:104D000060B9264A26492248882306F052F92249EA
:104D1000244806F04EF988212048E5E71E4801F0B6
:104D200041FCE36813F01E0F27D155EA060216D1A5
:104D3000204601A9FFF7D6FC0446174801F01CFCE9
:104D4000E8B9164A1849124840F2311306F031F911
:104D50001149164806F02DF940F23111DCE743F015
:104D60000803E360019BA36204F11000104932467E
:104D70002B4601F07FFC0124DFE70024DDE787F309
:104D80001188BFF36F8F204603B0F0BDC1650300EB
:104D90001C120300E5640300C83C00206B150300EF
:104DA00098150300AD150300C3150300DA150300C1
:104DB000BD47020001460148FFF786BFA031002031
:104DC000F7B5164601901D460C4659B92C492D4899
:104DD0002D4A40F2F93306F0ECF82B4840F2F93155
:104DE00006F0DEF8EFF31187402383F31288BFF358
:104DF0006F8F264801F0B2FB60B9254A254921484A
:104E0000882306F0D6F82149234806F0D2F88821F5
:104E10001F48E5E71D4801F0C5FB20460AF0AAFB44
:104E200055EA060316D1204601A9FFF75BFC0446AC
:104E3000164801F0A1FBE0B9154A1849114840F2A3
:104E4000311306F0B6F81149154806F0B2F840F2F1
:104E50003111DDE7E368134943F00803E360019B88
:104E6000A36204F1100032462B4601F003FC01243A
:104E7000DEE787F31188BFF36F8F204603B0F0BDE4
:104E8000C16503001C120300E5640300C83C002058
:104E90006B15030098150300AD150300C31503003F
:104EA000DA150300BD47020001460148FFF788BF3D
:104EB000A031002038B5044658B923492348244A74
:104EC00040F21B4306F075F8214840F21B4106F002
:104ED00067F8EFF31185402383F31288BFF36F8FD8
:104EE0001C4801F03BFB60B91B4A1C49174888234A
:104EF00006F05FF817491A4806F05BF88821164853
:104F0000E5E7144801F04EFB20460AF033FB20464B
:104F10000AF046FB04460F4801F02EFB68B90E4A22
:104F200010490A4840F2311306F043F809490E4887
:104F300006F03FF840F23111E1E785F31188BFF345
:104F40006F8F204638BD00BFC16503001C120300EF
:104F5000E5640300C83C00206B15030098150300AE
:104F6000AD150300C3150300DA150300F8B50D46AF
:104F7000044658B93E493F4A3F4840F22C4306F0A8
:104F800018F840F22C413B4806F00AF849B93B4971
:104F9000384A394840F22D4306F00BF840F22D41D3
:104FA000F1E70AF040FB48B13549324A324840F255
:104FB0002E4305F0FEFF40F22E41E4E7EFF31186A9
:104FC000402383F31288BFF36F8F2E4801F0C6FA97
:104FD00060B92D4A2D492848882305F0EAFF294960
:104FE0002B4805F0E6FF88212748CDE7254801F04A
:104FF000D9FAE36803F01F03002B14BF0127002731
:1050000017D1204801F0B8FA68B91F4A21491A4857
:1050100040F2311305F0CDFF1A491F4805F0C9FFD2
:1050200040F23111E0E786F31188BFF36F8F384605
:10503000F8BD20460AF09EFA20460AF0B1FA204652
:105040002946FFF731FB04460E4801F095FA002887
:10505000DBD086F31188BFF36F8F002CE7D04FF0C1
:10506000FF324FF0FF3305F10800FFF759F9DEE793
:10507000C1650300E56403001C1203006D650300B5
:10508000913A0300C83C00206B15030098150300FB
:10509000AD150300C3150300DA1503002DE9F04335
:1050A00085B005460F9C0F2C0E461F4645D12E4B52
:1050B0009F4246D1073222F007027F3210992973AE
:1050C00005F1580322F03F02C5E9163304210023FD
:1050D0003F2AC5E90633AB606973AC73EB7306F125
:1050E0004009A2F1400805D883F31188BFF36F8F00
:1050F000084602DFB41821462846EEF709FB0730C0
:105100000E9B20F00700E866C5E9199802930D9BF5
:105110000193241A0C9B009322463B4631462846B5
:10512000EEF720FF00236B65104B9B6803B11B6FEC
:105130002B67204605B0BDE8F08304F110031E2B59
:10514000B8D90B4A0B490C4840F2112305F031FF46
:105150000A4821466FF00F030E2205F02AFF04488B
:1051600040F2112105F01CFF8D3D0200983C00200B
:10517000D6650300F96503001C120300796603007D
:10518000F0B587B0DDE912760446EFF3058575B119
:1051900019491A4A1A4840F29E2305F00AFF194895
:1051A00005F007FF154840F29E2105F0F9FE059530
:1051B000109D04950F9D03950E9D02950D9D0195E3
:1051C0000C9D0095FFF76AFFB6F1FF3F08BFB7F1EE
:1051D000FF3F05D056EA070305D1204600F030FD19
:1051E000204607B0F0BD08493A46334604F118009E
:1051F00001F040FAF4E700BF20640300D665030025
:105200001C120300AA660300B3F6020038B5144D61
:105210002B4653F8184F9C4200D004B9EC68AB6899
:10522000A8B963B90F49104A1048C82305F0C1FE58
:105230000F4805F0BEFE0C48C82105F0B1FE5A7BB0
:10524000D20604D1A26912B9DA897F2A05D89C4214
:1052500002D0204601F0F6F823466B6138BD00BF4E
:10526000983C0020FB660300CF6603001C1203007D
:105270009A26030008B590F90D20437B002A0146C9
:1052800011DA03F07F0343730B4B984209D10B49AA
:105290000B480C4A802305F08CFE0A48802105F05B
:1052A0007FFE0AF0CDF9084B9868431A58425841DE
:1052B000BDE80840FFF7AABFA03000204467030004
:1052C0001C12030022670300983C002008B5836885
:1052D0005BB90A490A480B4A40F2362305F069FED9
:1052E000084840F2362105F05BFE0AF0A9F9437B3D
:1052F00023F0020343730023836008BD6567030046
:105300001C1203002267030070B590F90D30427B38
:10531000002B38DBD30636D18369002B33D162F002
:105320007F024273184A904209D118491848194A15
:10533000792305F03EFE1748792105F031FE164924
:105340000A4652F8184F944218BF2346CC6923B935
:10535000C0E900242060C8610CE090F90E5093F978
:105360000E60B5420BD0AE4209DD5A68C0E900328A
:1053700010605860BDE870400020FFF747BFA342AF
:10538000E6D01B68E3E770BDA0300020446703004F
:105390001C12030022670300983C00202DE9F8430B
:1053A000171E427B0E4614BF0821102111420446ED
:1053B0000FD141EA0203D20928D14373082937D01B
:1053C0000120FFF723FFBFF35F8F637B23F06003B0
:1053D0006373494B9B68A34275D1EFF30583002BA0
:1053E00071D1464801F0C8F800285BD1444A4549CC
:1053F000454840F26B1305F0DCFD4049434805F099
:10540000D8FD40F26B113E4805F0CAFD03F07F0362
:1054100043733F4B984208D13E493F4A3A48802364
:1054200005F0C7FD80213C48EEE70AF009F9C5E721
:10543000A36813B12046FFF749FF04F1180001F0FB
:10544000DFF9A56D04F15808A84511D04FF0000907
:1054500075B12846FFF73AFF05F1180001F0D0F9C1
:10546000C5F87C902846FFF74FFFA56DA845EFD102
:10547000DFF88480D8F808309C42A1D1EFF305838F
:10548000002B9DD0254D0120FFF7C0FE40F20113F7
:10549000AB8128460023C5E9193301F0F1FFC8F8B4
:1054A000085090E73046EEF775FC17B31C491A4ACE
:1054B000154840F2ED1305F07CFD1A4805F079FD22
:1054C00040F2ED11AFE70D4801F056F868B90C4A0B
:1054D0000C490D4840F2311305F06BFD07490B48AC
:1054E00005F067FD40F231118DE786F31188BFF3B7
:1054F0006F8FBDE8F88300BF983C0020CC3C0020B3
:105500006B150300C31503001C120300DA1503001A
:10551000A0300020446703002267030040320020CF
:105520007C6703008767030070B590F90D20437B0B
:10553000244C002A014610DA03F07F03A042437393
:1055400009D12149214A2248802305F032FD8021DA
:105550001E4805F025FD0AF073F84B7BA14263F06D
:105560007F034B7307D11849184A1948792305F06E
:1055700020FD7921ECE7174A1046D46950F8183F0E
:10558000834208BF002323B9C1E900042160D1612F
:105590000CE091F90E5093F90E60B5420ED0AE4278
:1055A0000CDD5868C1E90030016059609068431A09
:1055B0005842BDE870405841FFF728BE9C42E3D0F6
:1055C0001B68E0E7A0300020446703002267030067
:1055D0001C120300983C002038B50446EFF31185F7
:1055E000402383F31288BFF36F8F174800F0B6FF94
:1055F00068B9164A16491748882305F0DAFC12499B
:10560000154805F0D6FC8821104805F0C9FC0E4865
:1056100000F0C8FF2046FFF777FE0B4800F0ACFF14
:1056200068B90A4A0D490B4840F2311305F0C1FC34
:1056300005490B4805F0BDFC40F23111E4E785F364
:105640001188BFF36F8F38BDCC3C00206B15030071
:10565000981503001C120300AD150300C3150300C9
:10566000DA15030038B50446183001F0C9F8EFF335
:105670001185402383F31288BFF36F8F1A4800F01F
:105680006DFF68B9194A1A491A48882305F091FC38
:105690001549194805F08DFC8821144805F080FC57
:1056A000114800F07FFF627B12F0100216D00E4806
:1056B00000F062FF68B90D4A10490E4840F23113FC
:1056C00005F077FC08490E4805F073FC40F23111F3
:1056D000E3E785F31188BFF36F8F38BD2946204675
:1056E000BDE83840FFF75ABECC3C00206B150300E4
:1056F000981503001C120300AD150300C315030029
:10570000DA15030038B50446EFF31185402383F31F
:105710001288BFF36F8F184800F020FF68B9174A4E
:1057200017491848882305F044FC1349164805F02A
:1057300040FC8821114805F033FC0F4800F032FF8F
:10574000A36813B12046FFF7C1FD0B4800F014FF1A
:1057500068B90A4A0D490B4840F2311305F029FC9B
:1057600005490B4805F025FC40F23111E2E785F3CD
:105770001188BFF36F8F38BDCC3C00206B15030040
:10578000981503001C120300AD150300C315030098
:10579000DA15030070B504460D46EFF31186402379
:1057A00083F31288BFF36F8F1F4800F0D7FE68B9EC
:1057B0001E4A1F491F48882305F0FBFB1A491E4853
:1057C00005F0F7FB8821194805F0EAFB164800F0C0
:1057D000E9FE637B13F0280F0CD1A36813B12046B8
:1057E000FFF774FD637BBDB903F0FB0363732046D1
:1057F000FFF78AFD0C4800F0BFFE80B90B4A0F4945
:105800000C4840F2311305F0D4FB07490C4805F071
:10581000D0FB40F23111D6E703F0EB03E6E786F365
:105820001188BFF36F8F70BDCC3C00206B15030057
:10583000981503001C120300AD150300C3150300E7
:10584000DA1503002DE9F047DFF8D4A0354D364BCB
:105850001746A842DAF808201A60DDE908980446DD
:105860000E460BD131493248324A40F2AB2305F0A3
:10587000A0FB304840F2AB2105F092FBEFF311831F
:10588000402383F31288BFF36F8F284600F066FE33
:1058900060B9294A29492648882305F08AFB294608
:1058A000274805F086FB88212348E5E7284600F0D5
:1058B00079FEDAF808503946284609F0C9FEB8F1F1
:1058C000FF3F08BFB9F1FF3F06D01E494A46434695
:1058D00005F1180000F0CEFE204600F04DFE68B93C
:1058E0001949154A124840F26B1305F062FB214634
:1058F000164805F05EFB40F26B11D5E7094800F051
:105900003BFE40B910490C4A094840F26B1305F0C0
:1059100050FB0449ECE73046BDE8F047EEF73ABAF1
:10592000983C0020CC3C0020D03C0020A96703001C
:105930001C120300226703006B1503009815030077
:10594000AD150300B3F60200C3150300DA1503001A
:1059500070B50546EFF31186402383F31288BFF339
:105960006F8F1B4800F0FAFD68B91A4A1A491B48A4
:10597000882305F01EFB1649194805F01AFB8821FB
:10598000144805F00DFB124800F00CFE2C68A542EF
:1059900015D014B12046FFF799FC0D4800F0ECFD3E
:1059A00078B90C4A0F490D4840F2311305F001FB5C
:1059B00007490D4805F0FDFA40F23111E0E70024F7
:1059C000EBE786F31188BFF36F8F204670BD00BFF1
:1059D000CC3C00206B150300981503001C1203003B
:1059E000AD150300C3150300DA15030070B50546B5
:1059F000EFF31186402383F31288BFF36F8F1D48A6
:105A000000F0ACFD68B91C4A1C491D48882305F00C
:105A1000D0FA18491B4805F0CCFA8821164805F041
:105A2000BFFA144800F0BEFD2C68A54219D034B16D
:105A30002046FFF74BFC04F1180000F0E1FE0D4892
:105A400000F09AFD78B90C4A0F490D4840F2311325
:105A500005F0AFFA07490D4805F0ABFA40F23111F5
:105A6000DCE70024EBE786F31188BFF36F8F204655
:105A700070BD00BFCC3C00206B15030098150300DF
:105A80001C120300AD150300C3150300DA15030053
:105A90002DE9F04104460E46EFF31188402383F3CD
:105AA0001288BFF36F8F384800F058FD074660B981
:105AB000364A37493748882305F07BFA3249364859
:105AC00005F077FA8821314815E02F4800F06AFD8B
:105AD000637BDA0611D1A5697DB903F07F03637397
:105AE0002E4B9C421ED12E492A482E4A802305F077
:105AF00060FA2C48802105F053FAA673002722484B
:105B000000F03AFD002837D1204A2749214840F2C9
:105B1000311305F04EFA1C49244805F04AFA40F2C8
:105B20003111D0E7204609F08BFD637B204A63F0FA
:105B30007F03637371B21346A17353F8180F984231
:105B400018BF0546D06925B9C4E900300460D461A6
:105B50000AE095F90E60B1420AD08E4208DD6B680A
:105B6000C4E900531C606C600120FFF74FFBC6E7DF
:105B7000A842E9D02D68E6E788F31188BFF36F8F5C
:105B80003846BDE8F08100BFCC3C00206B15030017
:105B9000981503001C120300AD150300A03000206F
:105BA0004467030022670300C3150300DA150300EE
:105BB000983C002070B504460D46F9B9EFF3058610
:105BC000E6B91A4B5A699B689A4217D000F0D4FC88
:105BD00078B9174A1749184840F26B1305F0E9F9EC
:105BE0002146164805F0E5F940F26B11104805F022
:105BF000D7F93046BDE87040EEF7CCB8204600F04B
:105C0000BBFC68B90A4A0B490B4840F2311305F056
:105C1000D0F92146094805F0CCF940F23111E5E709
:105C200085F31188BFF36F8F70BD00BF983C0020D3
:105C30006B150300C31503001C120300DA150300E3
:105C400038B50446EFF31185402383F31288BFF380
:105C50006F8F1D4800F082FC68B91C4A1C491D4822
:105C6000882305F0A6F918491B4805F0A2F98821F8
:105C7000164805F095F9144800F094FC637B5A0728
:105C800016D4114800F078FC68B9104A134911483D
:105C900040F2311305F08DF90B49114805F089F9EF
:105CA00040F23111E4E785F31188BFF36F8F38BDFF
:105CB00023F0040320466373FFF726FB29460248BE
:105CC000BDE83840FFF776BFCC3C00206B150300E1
:105CD000981503001C120300AD150300C315030043
:105CE000DA150300034648B9EFF3058232B9064AD4
:105CF00051699268914201D0EEF74CB883F3118854
:105D0000BFF36F8F704700BF983C002010B5EFF3D2
:105D10001184402383F31288BFF36F8F264800F06D
:105D20001DFC60B9254A26492648882305F041F91B
:105D30002149254805F03DF98821204810E01E48FA
:105D400000F030FCEFF3058363B12049204A1D4881
:105D50008A2305F02EF91F4805F02BF98A211C48EB
:105D600005F01EF91C4B9A68D37B012B0AD11B4905
:105D7000174A14488B2305F01CF9164805F019F949
:105D80008B21ECE7013BD3730B4800F0F5FB68B9BE
:105D90000A4A13490B4840F2311305F00AF9064943
:105DA000104805F006F940F23111C6E784F3118876
:105DB000BFF36F8F10BD00BFCC3C00206B150300FC
:105DC000981503001C120300AD15030020640300A6
:105DD000E26703009A260300983C00200D68030048
:105DE000C3150300DA15030038B5EFF3118540241D
:105DF00084F31288BFF36F8F2D4800F0AFFB60B9BA
:105E00002C4A2D492D48882305F0D3F828492C48E1
:105E100005F0CFF88821274813E0254800F0C2FBA1
:105E2000284B9A68D37B73B92749284A23484FF4F3
:105E3000537305F0BEF8264805F0BBF84FF45371D4
:105E4000224805F0ADF8EFF3058060B121491F4A03
:105E50001A4840F24D3305F0ACF81D4805F0A9F89A
:105E600040F24D31ECE70133D373FFF7CFF910481F
:105E700000F082FB68B90F4A1749104840F231130D
:105E800005F097F80A49154805F093F840F23111EA
:105E9000C1E785F31188BFF36F8FEFF3118084F3AF
:105EA0001288BFF36F8FBDE83840FFF71BBF00BFFC
:105EB000CC3C00206B150300981503001C12030056
:105EC000AD150300983C00203E68030022670300E4
:105ED0009A26030020640300C3150300DA150300AB
:105EE000024B03F11802C3E906227047983C0020D8
:105EF000F8B5EFF305836BB14149424A424840F29D
:105F00005C4305F056F8414805F053F840F25C4117
:105F10003C4816E0EFF31185402383F31288BFF36A
:105F20006F8F3B4800F01AFB68B93A4A3A49364845
:105F3000882305F03EF83649384805F03AF88821BC
:105F4000344805F02DF83248354C00F02BFB35492C
:105F50008868437BA04203F07F03437307D1324933
:105F6000284A2948802305F024F88021D0E709F049
:105F700067FB8B685A7BA34262F07F025A7307D19A
:105F80002949204A2048792305F013F87921BFE7F1
:105F90000846CC6950F8182F824208BF002222B967
:105FA000C3E900042360CB610CE093F90E6092F921
:105FB0000E70BE421BD0B74219DD5168C3E9002103
:105FC0000B6053600120FFF721F9114800F0D4FA6B
:105FD00088B9104A15490C4840F26B1304F0E9FFE8
:105FE0000B49134804F0E5FF40F26B11A8E7A24209
:105FF000D6D01268D3E72846BDE8F840EDF7CABE10
:1060000020640300226703001C1203009A26030089
:10601000CC3C00206B15030098150300AD15030060
:10602000A0300020983C002044670300C315030003
:10603000DA1503002DE9F04105460E46EFF305831E
:106040006BB13F493F4A404840F2774304F0B1FF0B
:106050003E4804F0AEFF40F277413A4824E050EA6F
:10606000010303D1FFF744FF002067E0821C71F1B8
:10607000FF331BDB09F03FFB2C18EFF311884023A3
:1060800083F31288BFF36F8F314800F067FA88B945
:10609000304A31492C48882304F08BFF2C492F4883
:1060A00004F087FF88212B4804F07AFF6FF0010489
:1060B000241AE2E72A4F264800F074FA294BB86800
:1060C0001860FFF7D7F8B86827492A4633461830D2
:1060D00000F0D0FABA681E48537B43F010035373A4
:1060E00000F04AFA68B91B4A2049174840F26B137E
:1060F00004F05FFF16491E4804F05BFF40F26B118D
:10610000D1E74046EDF746FEBB685B7BDB060CD56E
:1061100018490C4A0C4840F2934304F04AFF0B48DC
:1061200004F047FF40F2934197E709F0E4FA201AA0
:1061300063EB0303012873F1000395DBBDE8F081F5
:1061400020640300226703001C1203009A26030048
:10615000CC3C00206B15030098150300AD1503001F
:10616000983C0020D03C0020B3F60200C315030089
:10617000DA1503006F68030010B5EFF3058474B1FE
:106180001349144A144840F2A14304F012FF134883
:1061900004F00FFF0F4840F2A14104F001FFB1F1FC
:1061A000FF3F08BFB0F1FF3F06D10D4B9868FFF7E6
:1061B00059FA4FF0FF3010BDFFF73CFF4FF47A72F1
:1061C00047F6FF73C0FB0234D80B40EA4440F2E7C5
:1061D00020640300226703001C1203009A260300B8
:1061E000983C0020014B9868704700BF983C002005
:1061F00038B50446EFF31185402383F31288BFF3CB
:106200006F8F284800F0AAF968B9274A274928481B
:10621000882304F0CEFE2349264804F0CAFE8821D4
:10622000214804F0BDFE1F4800F0BCF9237BDA07CB
:1062300024D51C4800F0A0F968B91B4A1E491C4827
:1062400040F2311304F0B5FE16491C4804F0B1FECB
:1062500040F23111E4E785F31188BFF36F8F184ADC
:106260001849134840F2965304F0A3FE16482146FD
:1062700004F09FFE124840F29651D2E7637B1B0761
:1062800009D5084800F078F90028D6D085F31188A0
:10629000BFF36F8F38BD294620460122BDE8384044
:1062A000FFF77CB8CC3C00206B1503009815030069
:1062B0001C120300AD150300C3150300DA1503001B
:1062C00022670300C2540300AF6803002DE9F843BE
:1062D000064688461746EFF31189402383F3128858
:1062E000BFF36F8F214800F039F9054668B9204A9D
:1062F00020492148882304F05CFE1C491F4804F013
:1063000058FE88211A4804F04BFE184800F04AF95C
:106310003468A6421FD004B32046C4F87C8067616D
:10632000FEF7D4FF04F1180000F06AFA2046FEF7E9
:10633000EBFF0E4800F020F988B90D4A10490E48CD
:1063400040F2311304F035FE08490E4804F031FEE6
:1063500040F23111D6E70025EBE72546E9E789F35E
:106360001188BFF36F8F2846BDE8F883CC3C00202E
:106370006B150300981503001C120300AD150300F4
:10638000C3150300DA150300D3B5DDE90667089CE1
:10639000CDE90067FFF756FA1CB1034B9B685B69B8
:1063A000236002B0D0BD00BF983C002008B568B1A2
:1063B0000F4B98420AD303F11802904206D2C01A3A
:1063C0001822B0FBF2F302FB13034BB109490A4850
:1063D0000A4A382304F0EDFD0848382104F0E0FDB6
:1063E000074BC0105843074B01221A5408BD00BF89
:1063F000C0320020F66803001C120300CE680300C0
:10640000ABAAAAAA544A0020C3897F2B12D80A4BF0
:106410001B6863B1094B90F90E201B689A4209DB97
:10642000437BDB0606D1064BC31A18BF012303F0DA
:10643000010070470023FAE7D83C0020D43C00203C
:10644000A030002070B50E4B0E4C1E7C06EB4603B0
:1064500004EBC3040546204600F0D2F90A4B0022A3
:1064600028469A55FFF7D0FF48B1084B08491A68EB
:10647000013A2046D317BDE8704000F0FBB870BD6C
:10648000983C0020C0320020544A0020D83C002014
:10649000AD63020038B5EFF31185402383F3128812
:1064A000BFF36F8F234800F059F868B9224A234997
:1064B0002348882304F07DFD1E49224804F079FD1D
:1064C00088211D4804F06CFD1A4800F06BF81E4B43
:1064D0001E4A9C681068A04213D1FFF7B3FF15480D
:1064E00000F04AF808BB144A1949154840F2311324
:1064F00004F05FFD0F49174804F05BFD40F23111D5
:10650000DFE700211B7C1160134AD35C002BE6D02F
:106510002046FFF779FF0028E1D0637BDB0602D13C
:106520002046FFF701F82046D7E785F31188BFF32F
:106530006F8F38BDCC3C00206B150300981503000D
:106540001C120300AD150300983C0020D03C002035
:10655000C3150300DA150300544A0020006838B15F
:10656000044B1B7C00F00300C01A18BF01207047C9
:1065700001207047983C0020002302680360EFF37D
:106580000581074B19B19968497BC90706D4197C65
:1065900098680843831A5842584170470120704751
:1065A000983C0020024B1A7C9B68134303607047A1
:1065B000983C002008B50648064A0749121A08F018
:1065C00048FFBDE80840054A0549064808F041BFB4
:1065D000C00400209C0F0020946D03000000000008
:1065E0008C6D0300C0040020034B1B680BB9F9F746
:1065F0001FBE0020704700BFDC3C002030B570B1EA
:106600000B4B5B6898420AD0036843B1D3E904217D
:10661000D0E90445121941EB0501C3E90421D0E991
:10662000003213605A600023C0E9003330BD00BF60
:10663000880B002010B50E4B1C689C4204D1FFF75C
:10664000D3FF6FF0004010BDFFF7CEFF002CF8D055
:10665000D4E904321B1A62EBE072B3F1004F72F11D
:106660000001EEDA002AACBF18460020EBE700BFBD
:10667000880B0020B3F1FF3F08BFB2F1FF3F2DE9C7
:10668000F047044692461D4600F09D80066866B1BC
:106690004E494F4A4F486E2304F08BFC4E4804F09D
:1066A00088FC4B486E2104F07BFC8160EFF311877E
:1066B000402383F31288BFF36F8F4848FFF74EFFE4
:1066C00060B9474A47494348882304F072FC43496C
:1066D000454804F06EFC88214148E4E73F48FFF755
:1066E00061FFBAF1FF3F75F1FF3323DA3F49D1E98A
:1066F00000206FF001039B1A4FF0FF3262EB0000A5
:10670000B3EB0A0360EB0500012B70F1000201DA24
:1067100001233046C4E90430354B1A68D3F804C06D
:106720009A4218BF164686B9C4E9003CCCF800402E
:106730005C601CE0FFF758FF1AF1010845F1000505
:1067400018EB000345EBE070E4E7D6E90415D4E963
:1067500004208A4270EB050E28DA891A726865EB0C
:106760000005C6E90415C4E90062146074601A6883
:106770009A4209D0944207D11E4B1C6824B9FFF7F6
:1067800059FF2146F9F72EFD1448FFF7F5FEB0B981
:10679000134A19490F4840F2311304F00AFC0F491B
:1067A000164804F006FC40F2311195E7521A60EBEE
:1067B00005006645C4E90420B6D03668B3E787F320
:1067C0001188BFF36F8FBDE8F08700BFCB6A03006D
:1067D000A76A03001C1203009A260300E03C002075
:1067E0006B15030098150300AD150300D832002087
:1067F000880B0020DC3C0020C3150300DA150300E1
:1068000038B50446EFF31185402383F31288BFF3B4
:106810006F8F1B48FFF7A2FE68B91A4A1A491B4836
:10682000882304F0C6FB1649194804F0C2FB8821EE
:10683000144804F0B5FB1248FFF7B4FE2368ABB16F
:106840002046FFF7DBFE00240D48FFF795FE80B9D8
:106850000C4A10490D4840F2311304F0AAFB0849D4
:106860000D4804F0A6FB40F23111E1E76FF015048A
:10687000EAE785F31188BFF36F8F204638BD00BF6C
:10688000E03C00206B150300981503001C12030068
:10689000AD150300C3150300DA1503002DE9F84F09
:1068A0000446EFF31188402383F31288BFF36F8F00
:1068B0004748FFF753FE68B9464A47494748882387
:1068C00004F077FB4249464804F073FB88214148B5
:1068D00004F066FBDFF80C91DFF80CB13C48DFF800
:1068E0000CA1FFF75FFECBF80040D9F8004000266E
:1068F0004C4508BF00240027DAE90021DBF800300E
:10690000002C4AD0D4E904504FEAE37CAB427CEB44
:10691000000E05DAED1A60EB0C00C4E904503CE00F
:10692000AA1841EBE5712046C4E90467CAE90021D1
:10693000FFF764FE2648FFF71FFE68B9254A2C4979
:10694000264840F2311304F034FB2149294804F071
:1069500030FB40F23111BAE788F31188BFF36F8F33
:10696000A36820469847EFF31188402383F31288E9
:10697000BFF36F8F1648FFF7F1FD00289CD0144835
:10698000FFF710FEDBF80030D9F800405B1B4C45E8
:10699000CBF80030B0D1DAE900219A1841EBE3716D
:1069A0000024CAE90021CBF80040FFF743FE21464E
:1069B000F9F718FC0648FFF7DFFD0028BED088F382
:1069C0001188BFF36F8FBDE8F84FFFF763BD00BFBD
:1069D000E03C00206B150300981503001C12030017
:1069E000AD150300880B0020DC3C0020D8320020CD
:1069F000C3150300DA15030070B5EFF311864023C9
:106A000083F31288BFF36F8F1A48FFF7A7FD68B9A9
:106A1000194A1A491A48882304F0CBFA154919482B
:106A200004F0C7FA8821144804F0BAFA1148FFF7B5
:106A3000B9FDFFF7D9FD144AD2E90045041945EB29
:106A4000E0750C48FFF798FD68B90B4A0F490C48F0
:106A500040F2311304F0ADFA06490D4804F0A9FAEA
:106A600040F23111DFE786F31188BFF36F8F2046C4
:106A7000294670BDE03C00206B150300981503000B
:106A80001C120300AD150300D8320020C31503000B
:106A9000DA150300F8B50446EFF31187402383F3BA
:106AA0001288BFF36F8F4F48FFF758FD68B94E4A01
:106AB0004E494F48882304F07CFA4A494D4804F077
:106AC00078FA8821484804F06BFA4648FFF76AFDD7
:106AD000226892B14348FFF74FFD00287CD1424A1B
:106AE0004549434840F2311304F063FA3D494348B5
:106AF00004F05FFA40F23111E4E7D4E90A36581C99
:106B000046F10001022871F1000127D3012B76F133
:106B10000001BCBF012316465D1E46F1FF3608F09A
:106B2000EEFD013041F10001401946EB0101012861
:106B300071F100014BDB08F0E2FD013041F1000191
:106B40006FF00102401946EB0103121A4FF0FF31BA
:106B500061EB03032A492046FFF78CFD236B0133C9
:106B60002363236AD3B11F48FFF706FD0028B6D080
:106B700087F31188BFF36F8F236A20469847EFF39E
:106B80001187402383F31288BFF36F8F1548FFF7F7
:106B9000E5FC00288BD01348FFF704FD54F8185F7C
:106BA000A54297D0002D95D02846FEF7ABFD0023D7
:106BB0000C48EB67FFF7E0FC002890D087F31188C2
:106BC000BFF36F8F2846BDE8F840FEF705BD6FF0B4
:106BD00001024FF0FF33BDE787F31188BFF36F8FDA
:106BE000F8BD00BFE43C00206B15030098150300BE
:106BF0001C120300AD150300C3150300DA150300D2
:106C0000956A02002DE9F843064614461D46914652
:106C10009846EFF31187402383F31288BFF36F8FF9
:106C20002848FFF79BFC68B9274A28492848882349
:106C300004F0BFF92349274804F0BBF98821224812
:106C400004F0AEF91F48FFF7ADFCB5F1FF3F08BFF8
:106C5000B4F1FF3F11D11B48FFF78EFC60BB1A4A0D
:106C60001D491B4840F2311304F0A3F915491B4894
:106C700004F09FF940F23111E1E7631C75F1FF3335
:106C80000ADB012C75F100032246BCBF012200255E
:106C900012F1FF3945F1FF383046FFF7B1FDDDE96C
:106CA0000823C6E90A23002333630D494A464346B5
:106CB0003046FFF7DFFCCEE787F31188BFF36F8F15
:106CC000BDE8F883E43C00206B1503009815030031
:106CD0001C120300AD150300C3150300DA150300F1
:106CE000956A02002DE9F84314234F4F15460C46D0
:106CF00003FB010000264FF040080CB9BDE8F88303
:106D000010F8073C40F80C6C03F03F03A0F11409A5
:106D1000082B42D8DFE803F05525054116414141D3
:106D2000330050F8043C002B42D14049404A4148CE
:106D3000B72304F03EF9404804F03BF9B7213C4842
:106D400004F02EF950F8043C002B31D13B49384A6D
:106D50003848BB2304F02DF9394804F02AF9BB2147
:106D6000EDE750F8043C1BBB3649314A3148BF239C
:106D700004F01FF9344804F01CF9BF21DFE750F894
:106D8000043CABB931492A4A2A48C32304F011F91B
:106D90002F4804F00EF9C321D1E72E49244A254893
:106DA000D02304F006F92C4804F003F9D021C6E7FB
:106DB00050F8143C2BB150F8102C13605A6040E985
:106DC00005663846FFF7D8FB70B9244A24491948AC
:106DD00040F2311304F0EDF81349224804F0E9F8C9
:106DE00040F231111D48ABE785F31188BFF36F8F77
:106DF000EFF3118588F31288BFF36F8F3846FFF7E2
:106E0000ADFB013C58B9154A17490A48882304F0DC
:106E1000D0F80549154804F0CCF88821E2E7384657
:106E2000FFF7C0FB484668E7E83C00200C6B030016
:106E3000EB6A03001C120300266B03003B6B03008C
:106E4000576B0300686B0300856B03009C6B0300AA
:106E5000B76B0300C2540300D06B03006B15030033
:106E6000C3150300DA15030098150300AD150300E0
:106E70002DE9F74F0026DFF8CC81009115460193EC
:106E8000044637464FF0400AB146009B9E4203DB62
:106E9000384603B0BDE8F08FEFF3118B8AF3128808
:106EA000BFF36F8F4046FFF759FB60B9664A6749E9
:106EB0006748882304F07DF86249664804F079F851
:106EC0008821614862E04046FFF76CFB637B03F07A
:106ED0003F03082B4CD8DFE803F02D3F054B294B2F
:106EE0004B4B450023699B6823B30223E268C4F837
:106EF0000890C2F386310B4363F39432E26085F865
:106F000000904046FFF738FB1434002840F094808E
:106F10004D4A51494E4840F2311304F04AF849496C
:106F20004E4804F046F840F23111CAE723691B6865
:106F3000002B2DD1019B002BE3D12B78002BE0D02F
:106F4000637B03F03F03082B6BD8DFE803F0354980
:106F5000236A386A6A6A590023699B68002BE9D062
:106F60000123C3E723695B6A002BE3D01023BDE74D
:106F70003B4A3C493648642304F01BF8617B3A489D
:106F800001F03F0104F015F86421354804F008F8D9
:106F90000423ABE7206950B93449314A2C488E2389
:106FA00004F007F8324804F004F88E21EDE72A4691
:106FB0002146103008F012FCA5600137A1E72069D6
:106FC00050B92C49264A2248922303F0F2FF2A485E
:106FD00003F0EFFF9221D8E72A4621461430E9E773
:106FE000206950B925491E4A1948962303F0E1FF4C
:106FF000234803F0DEFF9621C7E72A462146D9E75A
:10700000206950B91F49164A11489A2303F0D1FF4D
:107010001D4803F0CEFF9A21B7E72A4621462830C3
:10702000C8E710490E4A0A48A72303F0C2FF1748D1
:1070300003F0BFFFA721A8E78BF31188BFF36F8F81
:10704000013622E7E83C00206B1503009815030089
:107050001C120300AD150300C3150300DA1503006D
:10706000EB6A0300C2540300E66B03000C6B0300E1
:10707000266B03003B6B0300576B0300686B030038
:10708000856B03009C6B0300B76B0300D06B0300A0
:107090002DE9F04F1E465E4B9C680123174685B0D4
:1070A000054604F1600284F8603084F86130EFF343
:1070B000058BBBF1000F0ED05649574A57484FF485
:1070C000957303F076FF564803F073FF4FF4957104
:1070D000514803F065FF60B952494F4A4F4840F2AA
:1070E0002B1303F066FF504803F063FF40F22B11AF
:1070F000EEE700290CDA4D49474A48484FF49673A9
:1071000003F057FF4A4803F054FF4FF49671DFE74E
:1071100057EA06030CBF01230023FFF7A9FE8046B0
:10712000EFF311894FF0400A8AF31288BFF36F8F93
:107130004048FFF713FA60B93F4A4049374888236F
:1071400003F037FF3B493E4803F033FF88213A48BC
:10715000BFE73848FFF726FA94F860300BBB4A4681
:10716000414628460393FFF7BDFD3248FFF704FA76
:10717000039B68B9304A3349284840F2311303F081
:1071800018FF2C49304803F014FF40F23111DEE7BC
:1071900089F31188BFF36F8F1C46204605B0BDE808
:1071A000F08F57EA060384F860B00BD12148FFF74F
:1071B000E3F90028DED089F31188BFF36F8F6FF0F9
:1071C0000A04EAE7CDE90076204A1A484946FEF764
:1071D00039FB0446EFF311868AF31288BFF36F8FF1
:1071E0001448FFF7BBF90028A6D01248FFF7DAF9D8
:1071F000284632464146FFF775FD0E48FFF7BCF9B9
:107200000028B7D086F31188BFF36F8FC5E700BFA2
:10721000983C002020640300EB6A03001C1203006A
:107220009A260300036C0300196C0300286C03000A
:10723000386C0300E83C00206B1503009815030030
:10724000AD150300C3150300DA150300900B0020F1
:1072500070B504460D46EFF31186402383F3128880
:10726000BFF36F8F1C48FFF779F968B91B4A1C49B7
:107270001C48882303F09DFE17491B4803F099FE24
:107280008821164803F08CFE1348FFF78BF920681D
:10729000844209D0D0E9003213605A600023C0E96B
:1072A0000033294608F0CBFA0B48FFF765F968B9B7
:1072B0000A4A0E490B4840F2311303F07AFE0649A0
:1072C0000B4803F076FE40F23111DAE786F31188BD
:1072D000BFF36F8F70BD00BFE83C00206B1503004B
:1072E000981503001C120300AD150300C31503001D
:1072F000DA15030070B504460D46EFF311864023FE
:1073000083F31288BFF36F8F2148FFF727F968B91D
:10731000204A21492148882303F04BFE1C4920487C
:1073200003F047FE88211B4803F03AFE1848FFF798
:1073300039F92068E56001218442A16011D1144827
:10734000FFF71AF9E8B9134A1649144840F2311305
:1073500003F02FFE0E49144803F02BFE40F23111CA
:10736000E1E7D0E9003213605A600023C0E900333E
:1073700008F065FA314604460548FEF71BFC204636
:1073800070BD86F31188BFF36F8F0024F7E700BF4D
:10739000E83C00206B150300981503001C12030045
:1073A000AD150300C3150300DA15030004322DE9FF
:1073B000734306460D4620D24FF000084FF00009F7
:1073C000CDE9008941F00401FCF7B8FA0446A0B108
:1073D00044F8046B95B16B1E1C420FD0094A0A4950
:1073E0000A48252303F0E5FD094821462A4603F013
:1073F000E0FD0448252103F0D3FD0024204602B01F
:10740000BDE87083456C0300696C03001C12030027
:107410009B6C0300032808B50A4601D983070CD0EA
:107420001049114A1148432303F0C3FD104803F0EB
:10743000C0FD43210C4803F0B3FD431E03420AD0B4
:107440000C49094A0948472303F0B3FD0A4803F0F1
:10745000B0FD4721EEE70146BDE808400748FFF7C9
:10746000A5BF00BFC36C0300456C03001C120300E2
:10747000006D0300D3120300EE120300D80C0020AD
:10748000014B0367704700BFD80C002038B5044695
:107490000D4608F0C8F820B9064B9B681B6F0BB966
:1074A00038BD054B2A4621461846BDE83840FFF74F
:1074B0007DBF00BF983C0020D80C002030B599B0AB
:1074C0000546684600F028F86946044608A800F01A
:1074D00053FA08A90443284600F08AF9204619B057
:1074E00030BD00BF70B598B005466846164600F03E
:1074F00013F83146044608A800F046F908A96A4680
:107500000443084600F082F908A90443284600F025
:107510006DF9204618B070BD70B50B68124E1BBADD
:10752000C3614B681BBA83618B681BBA4361CB682C
:107530001BBA03610B691BBAC3604B691BBA83603A
:107540008B691BBA4360CB691BBA324603600146A4
:107550000446D8F7F5FD3146054602462046D8F7E1
:107560000FFE681E70BD00BF700A03002DE9F041D8
:1075700088B00C46064602F12001684606F1200755
:107580009046D9F7D7F86A4669466846D8F7F4FFB7
:1075900069463846D9F7CEF83A463946384604F1B6
:1075A0002005D8F7E9FF6A4669466846D8F7E4FF40
:1075B00041462846D9F7BEF86A4641463046D9F7D3
:1075C000A1F82A4629466846D8F7D6FF2A466946D2
:1075D0006846D8F7D1FF124A69466846D8F7CCFF0B
:1075E00069462046D9F7A6F8324621462046D9F703
:1075F00001F8324621462046D8F7FCFF22463146A4
:107600002846D8F7F7FF6A4629462846D9F77AF878
:107610003A4629462846D8F7EDFF08B0BDE8F08184
:10762000500B0300F0B599B004460D460A460146DA
:107630006846D8F7DFFF69466846D9F77BF86A469F
:10764000214608A805F1200604F12007D9F75AF8C9
:107650006A4629466846D9F755F83246394610A891
:10766000D8F78AFF324639463046D8F7C3FF31464D
:107670002846D9F75FF86A4608A92046D8F77CFF64
:10768000224629462846D8F7B5FF6A4608A9684623
:10769000D8F7B0FF6A4639463846D9F733F82A4654
:1076A00008A96846D8F7A6FF6A4631463046D9F79A
:1076B00029F83A4631463046D8F79CFF10A968466B
:1076C000D9F738F8224669462046D8F793FF08A92B
:1076D00022460846D8F78EFF10A908AA0846D9F70F
:1076E00011F83A4610A93846D8F784FF19B0F0BD12
:1076F0002DE9F04188B00C46054690460A46014601
:107700006846D8F777FF69466846D9F713F86A469E
:107710002946284604F12006D8F7F4FF05F1200792
:107720006A4621466846D8F7EDFF3246394630466C
:10773000D8F760FF31462046D8F7FCFF2A4621469D
:107740002046D8F757FF6A4621462046D8F752FF11
:107750006A4629464046D8F74DFF424639463846E4
:10776000D8F7D0FF224629466846D8F743FF6A4635
:1077700031463046D8F7C6FF3A4631463046D8F74C
:1077800039FF08B0BDE8F08170B500F1200690B077
:107790000D46044600F014F905F12001304600F0D2
:1077A0000FF9214608A8D8F7C5FF08A908460D4AD1
:1077B000D8F7E2FE08A922460846D8F7A3FF08A991
:1077C000094A0846D8F7D8FE31466846D8F7B2FFCE
:1077D000202269460DEB0200D8F7A0FE013810B058
:1077E00070BD00BF500B0300300B030000F002B966
:1077F00038B504460D4600F0FDF805F1200104F10E
:107800002000BDE8384000F0F5B800BF2DE9F04792
:107810001346B8B0544A89468046194610A8D8F78E
:107820008FFC5249024610A8D8F7AAFC179E4E4971
:1078300000EAD6760746C6F1010210A8D8F7A0FCE8
:10784000179B4A466FEA030A28A918A8FFF78EFE7D
:107850004FEADA7A20A9CAF10102084600F092F84C
:10786000C7F10107FE246A4618A928A8FFF740FFC0
:10787000631138AA02EB830304F01F0253F8A03C03
:10788000D340554603F0010A8AEA05052A4628A98D
:1078900018A8D8F7D1FC2A4630A920A8D8F7CCFCE4
:1078A000013C28A918A8FFF7BDFE631CDBD1CAF173
:1078B000010220A908A800F065F886EA0A066A46CF
:1078C00018A928A8FFF714FF28A9324618A8D8F746
:1078D000B3FC324630A920A8D8F7AEFC08A96A4606
:1078E0000846D8F70FFF08A9084600F09DF808A938
:1078F00008F1200409F120020846D8F703FF20A967
:1079000008AA2046D8F7FEFE08AA18A96846D8F7A4
:10791000F9FE69466846D8F70DFF18AA694608A817
:10792000D8F7F0FE21466846D8F704FF08AA694652
:107930001046D8F75FFE0E4A08A96846D8F75AFEE7
:1079400020462021D8F7FEFD08A902464442684699
:10795000D8F772FC4046074A6946D8F7D3FE3C4345
:10796000204638B0BDE8F087B00A0300D00A030013
:10797000300B0300900A03000A460149FFF746BF97
:10798000F00A030070B588B004460D461646002183
:107990002022684607F0D4FF0023294620222046F3
:1079A000009307F0A5FF2A4669466846D8F722FEED
:1079B000324669462046D8F73FFC08B070BD00BF8C
:1079C0000B681BBAC3614B681BBA83618B681BBA17
:1079D0004361CB681BBA03610B691BBAC3604B6977
:1079E0001BBA83608B691BBA4360CB691BBA036007
:1079F000704700BFCB691BBA03608B691BBA436039
:107A00004B691BBA83600B691BBAC360CB681BBA96
:107A100003618B681BBA43614B681BBA83610B68B7
:107A20001BBAC361704700BF70B598B00D460646DB
:107A300010A8D8F77FFE2A4610A96846D8F762FE3C
:107A4000694610A8D8F776FE10A90846D8F772FE46
:107A50006A4610A908A8D8F755FE08A910A8D8F7B3
:107A600069FE10A90846D8F765FE10A90846D8F7A0
:107A700061FE10A90846D8F75DFE10A908AA0846BD
:107A8000D8F740FE10A90846D8F754FE10A90846BA
:107A9000D8F750FE10A96A4608A8D8F733FE052487
:107AA00008A910A8D8F746FE10A90846D8F742FE44
:107AB000013C10A9F5D108AA0846D8F723FE0524F1
:107AC00010A90846D8F736FE10A90846D8F732FEA6
:107AD000013CF5D110A908AA0846D8F713FE10A951
:107AE00008A8D8F727FE08A90846D8F723FE08A952
:107AF0006A466846D8F706FE1024694610A8D8F7EB
:107B000019FE10A90846D8F715FE013C10A9F5D1B9
:107B10002A460846D8F7F6FD402410A90846D8F7AB
:107B200009FE10A90846D8F705FE013CF5D110A9B9
:107B30006A460846D8F7E6FD102410A90846D8F78B
:107B4000F9FD10A90846D8F7F5FD013CF5D110A9BB
:107B50006A460846D8F7D6FD102410A90846D8F77B
:107B6000E9FD10A90846D8F7E5FD013CF5D110A9BB
:107B700008AA0846D8F7C6FD2A4610A93046D8F705
:107B8000C1FD18B070BD00BF10B50C4C236813B117
:107B90000B4B1B682BB900F029FE30B9084B0122B2
:107BA0001A6001232360002010BD0138062801D986
:107BB000044810BD044B53F8200010BDF03C0020D9
:107BC000EC3C0020FE8FFFFF700B0300BFF34F8FD4
:107BD0000549064BCA6802F4E0621343CB60BFF369
:107BE0004F8F00BFFDE700BF00ED00E00400FA0585
:107BF00010B4094B09490A4C4FF0FE32C3F8002477
:107C00004968C3F80424C3F80824C3F80C240023EB
:107C1000C4F8003510BC084700B00250980B002093
:107C200000A00250D0E90012014BC3E900127047D6
:107C3000980B00202DE9F043134B144E002814BF7D
:107C400004461C4683B02368B34219D00D46204633
:107C50004FF4E07104F10409174604F58E7800F042
:107C6000E9F8484600F0ACFC404600F0DBFA084971
:107C700000972B464A46404600F0EAFA08B92660CB
:107C8000002003B0BDE8F083F43C0020A5BCC95A35
:107C90004986020070B51D460C4B002818BF0346EC
:107CA0000B481E68864282B00DD1002603F58E7007
:107CB00000963346144600F017FB002818BF3446E0
:107CC0002C6002B070BD0348FBE700BFF43C00200D
:107CD000A5BCC95AE88FFFFF10B5044650B16368D0
:107CE00013F0685F05D0064A934202D00023236058
:107CF000626010BD034B04485B689847EFE700BF24
:107D00002C5F5CA9980B00208C0B0300C8B1436862
:107D10000D4A934213D013F0685F0ED0012350E850
:107D2000002F194640E8001C9CF0000FF7D1012AF3
:107D3000F5D0BFF35F8F00207047044870470448B8
:107D400070476FF4E04070472C5F5CA9E98FFFFF3C
:107D5000EA8FFFFF80B14368094A93420AD013F0CB
:107D6000685F05D0BFF35F8F00230360184670473C
:107D700004487047044870476FF4E040704700BF04
:107D80002C5F5CA9E98FFFFFEA8FFFFF10B5044667
:107D900020B1044B63600022226010BD0248FFF74F
:107DA00027FFF6E73A00003AB40B030070B5D0E9BC
:107DB0000023174C174D6360D0E90230C4E902304C
:107DC00022604868D1F800C0134BC3E900C0D5F861
:107DD0001801D1F808C0C3F808C010F0685FD1F8E6
:107DE0000CC00969C3F80CC0196110D00B49C5F863
:107DF000BC110023C5E9453105F58A70C5F8B831D5
:107E00009047236805F5DC70BDE87040184770BDE9
:107E1000B40B0020F43C0020A00B00202C5F5CA9D8
:107E200038B131B1014400220346013081421A7059
:107E3000FAD1704738B131B1014400220346013014
:107E400088421A70FAD170472DE9F04FB2F5C07F21
:107E5000B5B000F2D780DFF8B49114460D464FF468
:107E6000D07200210DF15C080746484607F068FD16
:107E7000404601F051F9002309F11806A9F8103025
:107E800063BA29462246A9F812303046202389F8E1
:107E9000173007F02DFD5E4B079303F1043380226A
:107EA000089303F104330993325503F1043307A90E
:107EB00040460A9301F046F9824600287FD104F13A
:107EC00019030BAE0FAC029303970196049401982B
:107ED000DFF840B11022002107F032FDDDF808A0E4
:107EE00005940E9B5BF8044C5BF80C7C0B995BF8DB
:107EF000100C5BF8085CDDE90C625C40019B7E4085
:107F0000554081EA00071A4601214046CDE90B762B
:107F1000CDE90D5401F030F9BAF1100F94BFAAEB7E
:107F20000A0AAAF1100A0BF1100B002865D1BAF168
:107F3000000FD6D1059C01992046102207F0D8FCED
:107F400099F8033010340133A04589F80330BED1CD
:107F5000049C039F019E80222146404601F0F2F8D6
:107F6000824670BB07F120093D4613AB1A4601213A
:107F7000404601F001F91022824613A92846154413
:107F8000BAF1000F1DD107F0B3FC4D45EDD14046CD
:107F900001F0D2F81D484FF4D071FFF74BFF204697
:107FA0002021FFF747FF07A81021FFF743FF3046C6
:107FB0001021FFF73FFF504635B0BDE8F08F0FAC02
:107FC0000BAE404601F0B8F810484FF4D071FFF7FF
:107FD00031FF20462021FFF72DFF07A81021FFF7D2
:107FE00029FF10213046FFF725FF20213846FFF7F3
:107FF00021FF504635B0BDE8F08F039F019E049CE1
:108000008246DEE76FF0370AF3E700BFC43E002088
:1080100000010203D43E00202DE9F04188B004465F
:108020000D4620220021684607F08AFC04F1200654
:108030006F46E27B0132D2B2E273002A4DD1A27BBD
:108040000132D2B2A273002A47D1637B0133DBB283
:108050006373002B41D1237B0133DBB22373002BED
:108060003BD1E37A0133DBB2E372002B35D1A37A43
:108070000133DBB2A372002B2FD1637A0133DBB261
:10808000637253BB237A0133DBB223722BBBE379D8
:108090000133DBB2E37103BBA3790133DBB2A3711C
:1080A000DBB963790133DBB26371B3B9237901338F
:1080B000DBB223718BB9E3780133DBB2E37063B9D0
:1080C000A3780133DBB2A3703BB963780133DBB231
:1080D000637013B92378013323703B462246012194
:1080E000304601F049F8804650BB103708AB9F423C
:1080F0009FD1029AAB68039F079953400293304681
:10810000EE68009B7E400396049F2E697E40049695
:108110006E69059F7E400596069FAE697E40069675
:10812000EE697140079129684B40009301996B6893
:1081300080224B406946019301F004F8804638B133
:1081400068462021FFF776FE404608B0BDE8F08182
:1081500010220DEB0201204607F0CAFBF0E700BF3A
:108160002DE9F84304468069B0F5C07F52D81D461A
:10817000C0F5C073AB424DD3C5F5C0731B1A934213
:10818000164647D3DFF898904FF4C0720F46484622
:10819000002107F0D5FBD4F89430A269D4F89800F8
:1081A00049469847002838D1D4F818803DB1D4E921
:1081B00025302A4609EB0801984770BBA84407B14F
:1081C000C6B9174942460846FFF73EFE054638B194
:1081D00013484FF4C071FFF72DFE2846BDE8F88321
:1081E0000F492046FFF718FF05460028F0D101236C
:1081F0002361EDE709EB08003946324607F078FBCA
:108200000749B04442460846FFF71EFE05460028CF
:10821000DED1E5E76FF03705DFE76FF03305DCE728
:108220006440002010B5A4220446002107F088FB1A
:10823000064B4FF0FF314FF6F0722161E26104F11D
:108240009C001B68BDE81040184700BF040C0020CC
:108250002DE9F04385B005460F4616460021102251
:108260006846994607F06CFB1D4B05F19C081B689E
:108270004046984720B10446204605B0BDE8F0834B
:1082800005F12004204600F047FFAA69C5E92576DC
:108290002E69E2B92022002EAA611FDB2046694622
:1082A000802200F04FFF044630B90C9A334649460D
:1082B0002846FFF755FF04460A4B40461B6898477F
:1082C000002818BF0446204605B0BDE8F083002E04
:1082D000E4DA172A02D801325608DFE70026DDE784
:1082E000000C0020FC0B00202DE9F04F8DB0B2F502
:1082F000806F169F00F2E380B7F5807F00F2DC808C
:10830000044615460E462022002104A8984607F090
:1083100017FB6C4B04F19C091B6848469847834641
:10832000002840F092802269E3699A4200F391802C
:108330006369002B40F08D80002F40F0A980DFF8AA
:1083400088A16F46002D00F0988004F120086F4648
:108350000EE0102DAB4628BF4FF0100B30465A46AA
:10836000394607F0C5FAB5EB0B055E4400F0858091
:10837000E37B0133DBB2E373002B4DD1A37B0133ED
:10838000DBB2A373002B47D1637B0133DBB2637392
:10839000002B41D1237B0133DBB22373002B3BD174
:1083A000E37A0133DBB2E372002B35D1A37A0133D8
:1083B000DBB2A372002B2FD1637A0133DBB263727D
:1083C00053BB237A0133DBB223722BBBE379013336
:1083D000DBB2E37103BBA3790133DBB2A371DBB979
:1083E00063790133DBB26371B3B923790133DBB253
:1083F00023718BB9E3780133DBB2E37063B9A378FF
:108400000133DBB2A3703BB963780133DBB2637035
:1084100013B92378013323703B462246012140469D
:1084200000F0AAFE8346002893D0DAF800304846D0
:1084300098472021034604A8002B18BF9B46FFF74E
:10844000F9FC10213846FFF7F5FC58460DB0BDE8A1
:10845000F08F3A46414600232046FFF781FEDFF8C1
:1084600068A000283FF46DAFDAF80030484698471E
:10847000834600283FF465AFE7E704A92046FFF7ED
:10848000CBFD83460028D0D1236901332361CCE79B
:108490003A46414604A8FFF7D7FC834618B1DFF8F7
:1084A00028A06F46C1E704A92046FFF7B5FD834623
:1084B00000283FF444AFF2E76FF0370BC5E76FF0E9
:1084C000350BC2E7000C0020FC0B00202DE9F04327
:1084D000202B8BB01D4606468846914626D8DBB237
:1084E00002AF8DF80480B0468DF8053058F8041BB3
:1084F00021B9404600F084FE044640B901233360B0
:10850000022201A9404600F08FFE044638B13846E9
:108510002021FFF78FFC20460BB0BDE8F0832A46F0
:108520004946404600F080FE0446F0E702AF194697
:10853000104600233A4600F0FDFF04460028E6D12D
:108540002023B9461D46CCE7F0B5D0F8F830A7B0E7
:10855000002BD8BF02AE2CDDD0F80C41054600231D
:1085600002AE0193A4F10107D0F80001D5F8FC4058
:1085700001AB90223146A047B7FA87F77F0904463E
:1085800010B9019B3BB9A7B130469021FFF752FCCF
:10859000204627B0F0BD014632462846FFF796FF39
:1085A00050B9D5F80431019A1344C5F80431002FAD
:1085B000EAD16FF03C04E7E70446204627B0F0BD5F
:1085C00070B50025044604F5887614222946C0F8C3
:1085D000F850FC3007F0B4F908222946304607F07D
:1085E000AFF9154B30461B689847204640F8045BAE
:1085F00000F0ECFD114B30461B689847D8B9D4F811
:10860000F830AB4211DC03EB830204EB8202202141
:10861000C2F808110121C2F80C1101330849C2F84F
:108620000001C2F8FC10C4F8F830064B30461B6855
:10863000BDE87040184770BD040C0020000C0020FD
:108640001D900200FC0B00202DE9F047202A88B085
:1086500079D83E4B00F588791B6804464846174692
:10866000884698470546F8B9D4F8F83040F2011624
:10867000002B64D02046FFF767FF054638B9D4F8D1
:10868000F830002B14DC013EF2D16FF03B056E4652
:1086900020213046FFF7CEFB2D4B48461B689847FC
:1086A000002818BF6FF01D05284608B0BDE8F08708
:1086B000D4E94132934203D3D4F80C21012A02D0E9
:1086C000013ED7D1E1E71F2BFAD96E4601462022A1
:1086D000304604F1040A07F033F93146504600F001
:1086E000CDFD05460028D3D1504600F083FD50460D
:1086F00000F06CFD2946504600F082FD054600283A
:10870000C6D150462022314600F08EFD0546002895
:10871000BED1034632462021304600F00BFF05460D
:108720000028B5D1D4F8F830002BC4BF0023C4F81A
:1087300004313A464046314607F0DAF8A8E76FF0D0
:108740003F056E46A4E76FF03B05ADE7000C002047
:10875000FC0B002030B58DB00021282202A8019129
:1087600007F0EEF802A800F00DFF044610B1204615
:108770000DB030BD174D4FF0FF31286800F044F9BF
:10878000044620B11448FFF733FA012C18D000201A
:1087900000F06AF9D0B9114A02A901A800F030FC32
:1087A0000446012000F060F960B9286800F034F94F
:1087B0000028DCD00A48FFF71BFA20460DB030BD78
:1087C0000524F2E70748FFF713FAEEE70648FFF73C
:1087D0000FFAE0E7E80B0020D80B0300E44100208B
:1087E000300C0300100C0300F00B030030B583B015
:1087F00000F05CF828B100F0ABF80324204603B089
:1088000030BD00F077F8D8B900F02EF9E0B9224C6D
:10881000D4F828391B0EF02B0AD1D4F8242A1F4B88
:108820009A4231D000F044F8072400F091F8E5E7CF
:1088300000F03EF800F08CF80624204603B030BD6E
:108840000424204603B030BD00F032F800F080F878
:10885000FFF780FF044698B9114D2B68002BCDD14E
:1088600002460146FFF7E6F950B90E4901AB68220E
:10887000FFF710FA20B90C4B2B60204603B030BD37
:108880000524204603B030BD012000F0EDF800289B
:10889000DAD1C4F80C0ADBE700B002500000E02097
:1088A00004440020084400205AEA5A5A0020704725
:1088B00000207047430504D5044B4FF0FF32C3F846
:1088C0000821024BC3F8080A704700BF00B00250ED
:1088D000014BC3F8040A704700B0025008B100F021
:1088E0006BB84FF47500704708B100F04FB84FF403
:1088F0007500704710B5114800F072F800B110BD56
:108900000F4800F06DF80028F9D10E4C204600F019
:1089100067F80028F3D10C4B0C481C6000F060F89D
:1089200001460028EBD100F02DF8044608B120469E
:1089300010BD00F07BF82046FAE700BFF80B0020DE
:10894000F40B0020F00B0020E80B0020EC0B0020C3
:1089500008B5084800F04EF8074800F04BF8074803
:1089600000F048F8064800F045F8BDE8084000F07F
:108970000BB800BFF80B0020F40B0020F00B002018
:10898000EC0B002000207047704700BF10B4094C6A
:108990000246D4F8003A1342FBD021B1D4F8043196
:1089A0000B60C4F80831034BC3F8082A002010BC40
:1089B000704700BF00B00250044AD2F8003A184293
:1089C000FBD0C2F8080A0020704700BF00B0025078
:1089D00006F09CBF06F0B4BF0A46002106F0B0BF07
:1089E00008B5034B02681B6810689847002008BD53
:1089F000B40B002008B5034B02685B681068984709
:108A0000002008BDB40B0020024B02689B68106870
:108A1000184700BFB40B002008B5034B0268DB68A1
:108A200010689847002008BDB40B002070B5094CB1
:108A3000094D2069AB68984718B1084B08485B6836
:108A40009847084AEB68206900211160BDE8704032
:108A5000184700BFA00B0020B40B0020980B00208B
:108A6000480C030070440020F8B51A4D1A4E044615
:108A7000B26828699047E8B9184F3B684CB1A3B178
:108A8000012B19D0013B3B602869F368984700200F
:108A9000F8BD43B9124A0121C2F800151149D1F8B5
:108AA0001029002AFBD101333B60F36828699847FD
:108AB0000020F8BD0C48F8BD0A4AD2F81039002B46
:108AC000FBD1074A6FF07E40C2F80035FFF700FF88
:108AD0003B68D7E7A00B0020B40B002070440020B7
:108AE00000A0025000B00250E98FFFFF014B1B684D
:108AF000184700BFB40B0020014B9B68184700BF0C
:108B0000B40B0020014BDB68184700BFB40B0020FA
:108B10002DE9F047002878D00C46002975D01D4675
:108B2000002B72D007461AB1012200232A6003608D
:108B30002B68002B64D02946204600F0DBFD8046E0
:108B400000285FD12868214600F0BAFD8046002841
:108B500058D12B68082B6CD0042B6DD0A3F10209DF
:108B6000B9FA89F94FEA5919354E0121C6F8C411ED
:108B7000C6F84011C6F8C411636AC6F83031D6F899
:108B800030219342F6D14FF0000A4FF0FF30C6F883
:108B90002CA1FFF78FFE6FF01B03C6F80031504683
:108BA000FFF796FEC6F80C91D6F8040A40F48060F0
:108BB000FFF78EFE0A23C6F83831089B012B29D017
:108BC0002369204AA2FB03231B09626A02FB03F309
:108BD00003EB43031A4ADB039B09C2F8D831012394
:108BE000C2F82C313B682A6823F07F4343EA0263D2
:108BF0003B602A6843EA02233B604046BDE8F087B9
:108C0000DFF844804046BDE8F087DFF8408040460A
:108C1000BDE8F0874FF08053D3F80C2C013206D01A
:108C2000D3F80C3C074AA2FB03231B09CDE716230C
:108C3000CBE74FF0030997E74FF0020994E700BF35
:108C400000B00250ABAAAAAA310CF100350CF10019
:108C500050B34B1EB3F5047F26D24FF0000C30B555
:108C6000CD00E6466446630904F01F0150F8233046
:108C70001F2923FA01F306D003F001031CB90124D4
:108C80009E46A446EFE79E4504F1010406D09E46A9
:108C90004FF0010CAC42E6D1002030BD0CF1010CCC
:108CA0009445F7D1014830BD00487047360CF100BB
:108CB000C8B32DE9F0434C1EB4F5047F1CD2DBB1E0
:108CC000D2B14FF0000ECF007646F046754603F164
:108CD000FF396C0905F01F0150F824401F2924FAC0
:108CE00001FC0CD00CF0010C4DB90126E0463546D4
:108CF000B646EEE7964218D90D48BDE8F0837345B5
:108D00000CD0C44508BF0136F145F3D00EF1010E79
:108D10000135BD42DDD10020BDE8F0834FF0010EEA
:108D2000E0467646F4E7024870479E46F0E700BF0B
:108D3000370CF1002DE9F04F91B00D46DDE91B41F4
:108D4000824600296ED1286906901A981C6000237B
:108D50000360002A00F02E819C4B6A6AD3F8381118
:108D6000D3F830319A4269D10A2967D19AF8033091
:108D7000089304F1080306990793954B934CA3FBC2
:108D800001239B0803EB4303A1EB43030393042359
:108D900005931A9B069E1E60002E00F0E9800027B6
:108DA00000F0B8FC0997BAF1000F00F0D580DDF8AB
:108DB0001C804FF00109002D00F0CE80089B002B95
:108DC0003ED008A9284600F095FC00283AD0814BF7
:108DD000984220D0089B082B00F0E4805B00002222
:108DE0000893009208AB29465046FFF791FE7A4B54
:108DF000984200F0D38070B9DAF80020130A03F427
:108E00007F03134323F07F43CAF80030059B013BE7
:108E10000593BED10020039000F07CFC039811B0B4
:108E2000BDE8F08F4FF08050D0F80C6C013614BFC5
:108E3000D0F80C0C4FF40470069086E76748EAE718
:108E40006548C4E70898294600F03AFC0028BED1DE
:108E5000089B082B00F0A880042B00F0A880A3F149
:108E60000203B3FA83F35B090493C4F8C491C4F812
:108E70004091C4F8C4916B6AC4F83031D4F8302101
:108E80009342F6D14FF0000BC4F82CB14FF0FF30F5
:108E9000FFF710FD6FF01B035846C4F80031FFF7D1
:108EA00017FD049BC4F80C31D4F8040A40F4806028
:108EB000FFF70EFD0A23C4F838312B69ABF1553B9F
:108EC000ABFB03236A6A1B0902FB03F303EB4303B7
:108ED000DB039B09C4F8D831C4F82C91DAF80030D0
:108EE000089923F07F420B0243EA01631343CAF857
:108EF000003009A800F0D4FB099B03F01A030343D8
:108F00007FF468AFABFB063BD4F814310A93D4F876
:108F100018310B93D4F81C310C93D4F820310D93F5
:108F2000D4F824310E93D4F828310F93B7EB9B0F6C
:108F300001D1039B93B9404618220AA9183EFFF7B6
:108F400047FD08F11808013796B100F0E3FB002354
:108F50000993002D7FF432AF214838E74046F61AD6
:108F60001A460AA998440137FFF732FD002EECD1CA
:108F7000069F079E6A6939463046FFF769FEAA696F
:108F800040B94FF4806339463046FFF791FE002820
:108F90003FF440AF1A9A0023136018E72B6A002BA6
:108FA0003FF439AF0F4836E7032304935DE702230C
:108FB00004935AE7009108AB012229465046FFF777
:108FC000A7FD00283FF4D5AE25E700BF00B0025052
:108FD000ABAAAAAA020CF100310CF100300CF1008E
:108FE000350CF100320CF10010B4DDE901340194CC
:108FF000039C02940024039410BCFFF79BBE00BFA7
:1090000010B586B005AB0124CDE901240093002200
:1090100004ABFFF78FFE06B010BD00BFF0B587B000
:10902000002966D01E46002B63D01446002A60D06B
:10903000314F0D4638684FF0FF31FFF7E5FC00284F
:109040004DD10020FFF710FD002844D12B4800F03F
:1090500099FA0346D8B101204FF0FF35FFF704FD20
:10906000002834D126484FF40871FEF7D9FE254870
:109070000421FEF7D5FE21482821FEF7D1FE3868ED
:10908000FFF7CAFC00282ED1284607B0F0BD1C4AC5
:10909000029205AA019204AA039000921749194866
:1090A0001A46FFF7A1FF03460028D4D128461D46E3
:1090B000059B04999C42224628BF1A46326008311B
:1090C000FFF786FC0120FFF7CFFC0028CAD00E482E
:1090D000FEF78EFDC6E70D48FEF78AFDB6E70C48A1
:1090E000FEF786FDADE70B48FEF782FD284607B088
:1090F000F0BD4FF0FF35C7E7E80B002078440020B3
:10910000A044002074440020100C0300F00B030066
:10911000D80B0300680C030010B5044630B10022E0
:1091200001236265A265E365236610BD0148FEF771
:109130005FFDF4E7800C030018B174220021FFF7F3
:1091400049BC704790B1A1B110B5802A4FF000041E
:10915000846380F83C4006D1102204631044FFF77A
:1091600037FC204610BD6FF01F0010BD6FF02100CE
:1091700070476FF01F00704728B322B31BB301295B
:1091800021D870B50446816B86B017D0012917D15C
:10919000102500210DEB0506616310460095019630
:1091A00002AA294600F0C2FA50B92B46324602A95B
:1091B000204600F043FD18B906B070BD0029E7D085
:1091C0006FF02100F8E76FF02100704710B50446FA
:1091D00028B12046F421BDE81040FFF7FDBB04484C
:1091E000FEF706FD2046F421BDE81040FFF7F4BB72
:1091F000940C030010B1F421FEF712BE704700BFBB
:1092000008B521B1012908D06FF0360008BD012151
:1092100000F058F80028F7D108BD022100F052F8FC
:109220000028F9D0F0E700BF30B505468818B0F542
:10923000801FA1B00B46144601D8802A0CD9B3F583
:10924000801F17D922461946284600F07DF80446AB
:1092500084B9204621B030BD6846FFF7B9FB2246ED
:109260006946284600F070F8802104466846FFF7FA
:10927000B3FBEDE76FF03604EBE700BF70B5E8B184
:109280000E46D9B1044600F031F80546B0B923685E
:10929000012B0BD0022B01D0284670BD1C2204F1FB
:1092A00008013046FFF794FB284670BD202204F1E8
:1092B00008013046FFF78CFB284670BD6FF036057D
:1092C000EAE700BF78B138B504460D46F021FFF754
:1092D00083FB40232560E365204600F05BFA0038FD
:1092E00018BF012038BD0120704700BF70B5056E62
:1092F000A4B0044604AEE5B9012200236260304602
:10930000CDE9003302AA294600F010FA10B101207D
:1093100024B070BD2A4602A9204600F063FA002856
:10932000F5D1204600F074FB0028F0D1206624B06F
:1093300070BD802D2A4600F1640128BF802230468E
:10934000FFF746FB256ED7E7002800F0AE802DE939
:10935000F04F1446A5B0002A3DD00F46002949D051
:10936000B2F5803F0546006E20D34FF6FF7805F139
:10937000640AEB6D1A1AB2FBF3F103FB1122002A07
:1093800065D18342B9464FF6FF7672D0B6FBF3FB48
:1093900003FB0BFBBBF1000F30D1002E45D1A4F530
:1093A0007F44FF3CB4F5803F4744E2D2EA6D161A91
:1093B000B6FBF2F302FB1366A64228BF2646002E38
:1093C00075D1824200F08D80B4FBF2F602FB06F606
:1093D0002EB9002C79D1002025B0BDE8F08F0023F4
:1093E000CDE9003302AA3146384600F09FF9002843
:1093F00000F09580012025B0BDE8F08F0023CDE975
:10940000003302AA5946484600F090F90028F1D1ED
:1094100002A95A46284600F0E5F90028EAD1A6EB51
:109420000B06286ED944002EB9D01930494605EBF9
:1094300080003246FFF7CCFAA4F57F44286EFF3C4B
:109440003044B4F5803F4744286692D2AEE74245A7
:1094500028BF4246504439461646FFF7B9FA286EEF
:10946000EB6D3044834207EB06092866A8EB06063D
:109470008CD1802B28BF80231A46514604A8FFF7C1
:10948000A7FA0023CDE9003302AAE96D04A800F091
:109490004DF90028AED1EA6D02A9284600F0A2F9E4
:1094A0000028A7D1EB6D286670E70120704705F111
:1094B0006403394632461844FFF78AFA286EEA6D8B
:1094C0003044A41B374428667BE72B6E193305EB29
:1094D000830022463946FFF77BFA2B6E23442B6626
:1094E00079E7802A28BF802205F1640104A8FFF7EC
:1094F0006FFA0023CDE9003304A8E96D02AA00F059
:1095000015F900287FF476AFEA6D02A9284600F02D
:1095100069F900287FF46EAFEA6D286654E702A966
:109520003246284600F05EF900287FF463AF3744E6
:10953000A41B4EE7F8B51C46054611480E461746D3
:10954000FFF744FE21460E48FFF75AFE044620B1BD
:109550000B48FFF74FFE2046F8BD09483246294622
:10956000FFF762FE04460028F2D139460448FFF7AF
:1095700085FE04460248FFF73DFE2046F8BD00BFC9
:10958000C046002030B583B01C2301A905460193D5
:1095900000F032F8044638B9019B1C2B07D0144C5C
:1095A0001C212846FFF718FA204603B030BDD5E944
:1095B0000112131E18BF012300392A6818BF0121A8
:1095C0009B0043EA4103002A18BF43F00103EA6805
:1095D0000120E8612AB9C5E90834002BE4D1054C23
:1095E000DEE743F008032046C5E9083403B030BD88
:1095F000370CF0000E0CF00018B111B10B681C2BE9
:1096000001D0012070474FF08053D3F8102C013265
:1096100014BFD3F8102C41F25C224FF0805302604B
:10962000D3F8142C013214BFD3F8142C41F6641271
:109630004FF080534260D3F8182C013214BFD3F896
:10964000182C40F6D8624FF080538260D3F81C2C5F
:10965000013214BFD3F81C2C41F288324FF08053F2
:10966000C260D3F8002C013214BFD3F8002C902232
:109670004FF080530261D3F8042C013214BFD3F8A9
:10968000042C51224FF080534261D3F8082C013250
:1096900014BFD3F8083C40F2373383610020704791
:1096A00008B501464FF48060FFF71EF9034B002216
:1096B000C3F8C821C3F82C2108BD00BF00B0025078
:1096C0000138072805D8DFE800F0100E040A04046A
:1096D000040607487047CB684B62002070478B68D0
:1096E0004B62002070474B68F6E70B68F4E700BF59
:1096F000310CF1000B6802E0082B0B6006D8026AFF
:1097000013424FEA4303F7D00020704700487047E8
:10971000310CF100044B0022C3F82C214FF480607F
:10972000C3F8C421FFF7C6B800B00250F0B583B04B
:109730001D46B0F1005F4FF000038DF8073024D3D1
:109740008C468444BCF1804F04461ED817460DF168
:109750000703012200F064FE0646B0B9099A9DF89D
:1097600007303C603B7192B14DB1024608990DF152
:109770000703284600F054FE38B99DF80730099ACF
:1097800030461560137103B0F0BD4FF475063046D6
:1097900003B0F0BDD8B108B50368012B04D0022B8B
:1097A0000FD043B10B4808BD0B4920220830FFF70A
:1097B0000FF9002008BD094914220830FFF708F905
:1097C000F7E7074920220830FFF702F9F1E74FF4E5
:1097D000730070470100F300A40C0300E40C0300C5
:1097E000C40C03002DE9F843002900F0F980044679
:1097F000002800F0F980036890460F46002B00F027
:10980000C380013B012B00F2D78079484FF0FF3134
:109810004FF00209FFF7F8F8002840F0BF80002061
:10982000FFF722F90646002840F0C280714AD2F8BC
:109830001C39002BFBD16F4DD5F8203C002BFBD100
:109840004FF0FF30FFF736F8D5F8040A20F040005B
:10985000FFF73EF801230722C5F81838C5F800299C
:10986000C5F8C437A36CC5F8CC37E36CC5F8D0375E
:10987000C5F8C09723685BB1013B012B18D8636A18
:10988000C5F85C36236AC5F85836E369C5F854361E
:10989000584BA269C3F850266269C3F84C26226966
:1098A000C3F84826E268C3F84426A268C3F84026F5
:1098B000504AD2F81039002BFBD1B8F1000F5FD01D
:1098C0006368012B08BFC2F884364A4B3A68C3F874
:1098D000282C4020C3F82C8CFFF700F80646454A98
:1098E000D2F81039002BFBD1424AD2F8203C002B91
:1098F000FBD123685BB1013B012B18D8D2F85C3651
:109900006362D2F858362362D2F85436E361394B99
:10991000D3F85026A261D3F84C266261D3F84826CA
:109920002261D3F84426E260D3F84036A360314A7E
:10993000D2F8CC17A164D2F8D017E164002301213A
:10994000C2F8C417C2F88436C2F8C837D2F8103942
:10995000002BFBD1C2F81838002E3BD1254BD3F891
:10996000040A40F04000FEF7B3FF0120FFF77CF847
:1099700060BB1F48FFF750F810BB3046BDE8F883C6
:109980000423C2F8C837AAE719484FF0FF314FF057
:109990000109FFF739F800283FF441AF1648FEF7F8
:1099A00027F90020FFF760F8064600283FF43EAF95
:1099B0001248FEF71DF939E7114E3046BDE8F8832D
:1099C0001048FEF715F93046BDE8F8830E48FEF75B
:1099D0000FF9CEE7102104F10800FEF7FDFFBDE707
:1099E0000A4E3046BDE8F8834FF47306C5E700BF62
:1099F000F80B002000B00250D80B0300F00B03005E
:109A00000100F300300C0300100C03000300F3000E
:109A100098B370B4D0E90241D0E9042326BA0DBA54
:109A200014BA19BAD0E9062312BAC0E90441826116
:109A3000D0E90842C0E902651BBA25BAC0E907357A
:109A400014BAD0E90B23816A12BA09BAC0E90941F4
:109A5000C262D0E90D421BBA25BAC0E90C3514BA6E
:109A6000D0E91023C16B12BA09BA1BBAC0E90E4182
:109A7000C0E91023002070BC70474FF4730070479A
:109A8000002847D090F83C30002B34D0032B10B581
:109A900013D02248224C2268224B1268C3F80024BB
:109AA00022685268C3F8042422689268C3F8082424
:109AB0002268D268C3F80C2410BD016B006C184CEE
:109AC00000F0A8FB0028E6D12268164B1268C3F804
:109AD000002422685268C3F8042422689268C3F8FC
:109AE00008242268D268C3F80C2400F0A1FB0028E7
:109AF000D1D1002010BD0B4B0269C3F8002442698C
:109B0000C3F804248269C3F80824C269C3F80C248A
:109B1000002070474FF47100704700BF0900F1004A
:109B2000E40B002000B00250374A38B50446D2F8A2
:109B30001039002BFBD1344AD2F87034002BFBD102
:109B4000314AD2F8203D002BFBD12F4AD2F8203CDD
:109B5000002BFBD12C4AD2F8383D002BFBD12A4DEB
:109B6000D5F8383C002BFBD14FF0FF30FEF7A2FEBA
:109B7000636BD5F8040A23F00403032BE36D39D09B
:109B8000012B0CBF20F0800020F02000FEF7A0FE8B
:109B90001D4A0123C2F80039D2F81039002BFBD13D
:109BA000194AD2F87034002BFBD11749C2F8BC34E3
:109BB000D1F81039002BFBD1134AD2F87034002BA6
:109BC000FBD1626B22F00401032918BFA36B0E497D
:109BD0004FEA820218BF03F0010302F01C021A438D
:109BE000C1F8C024636B072B04BF0123C1F87C3488
:109BF000002038BD012B0CBF20F0400020F01000E9
:109C0000FEF766FEC4E700BF00B00250094A0A4BE7
:109C100011680968C3F8001411684968C3F804148E
:109C200011688968C3F808141268D268C3F80C2454
:109C3000704700BFE40B002000B002502DE9F04F48
:109C400085B0002900F0EC809046002A00F0E88002
:109C50000546002800F029819946C36D0E46002B69
:109C600052D1B9F5805F54D295F83C30042B00F006
:109C7000FF800027AD484FF0FF31FEF7C5FE0028FA
:109C800040F0D5800020FEF7EFFE002840F0D8809D
:109C9000A7480123C0F81038D0F81049002CFBD198
:109CA0006B6B032B3ADC002B3BDAA24CA04AD2F8B8
:109CB0001039002BFBD1002F40F0D1806B6BEA6D87
:109CC00023F00403032B9A4BD3F8040A00F09F807F
:109CD000012A0CBF40F0800040F02000FEF7F8FDA4
:109CE000934B0022C3F810280120FEF7BDFE002888
:109CF00040F0B1808D48FEF78FFE002840F0A48030
:109D0000204605B0BDE8F08F012BADD1B9F5803FFD
:109D1000AAD3894C204605B0BDE8F08F063B012B45
:109D2000C3D8AB6B012B00F2BE80EB6D012B7CD84E
:109D30002B6E012B00F2E8802846FFF7F5FE044663
:109D40000028B3D12846FFF79BFE04460028ADD17A
:109D50006B6B072BA9D801229A4012F08A0F40F0B2
:109D6000D58012F0440F40F0BA80D2079DD523F081
:109D70000403032B32680DD02B6ED8F80010012B92
:109D80006B4B0BBFC3F8281DC3F8301DC3F82C9DC7
:109D9000C3F8349DEB6D012B654B0BBFC3F8282C2A
:109DA000C3F8302CC3F82C9CC3F8349C6B6B23F0A5
:109DB0000403032B00F0A2802B6E012B14BF202084
:109DC0008020FEF78BFD044600287FF46FAF584BD0
:109DD000D3F81049002CFBD1696B072914D8012254
:109DE0008A4012F08A0F40F0BB8012F0440F0BD073
:109DF000D3F860242A60D3F864246A60D3F8682416
:109E0000AA60D3F86C34EB600123AB654EE7012AFE
:109E10000CBF40F0400040F01000FEF759FD5FE736
:109E2000464C204605B0BDE8F08F454C3EE745481E
:109E3000FDF7DEFE0020FEF717FE00283FF428AFF6
:109E40004148FDF7D5FE23E74048FDF7D1FE204607
:109E500005B0BDE8F08F3E48FDF7CAFE4AE704238F
:109E600085F83C30202105F11000FEF7B5FD25E70F
:109E7000296B286C00F0C0F998B9364F2C4C3B6820
:109E80001B68C4F800343B685B68C4F804343B6862
:109E90009B68C4F808343B68DB68C4F80C34296B51
:109EA00031B10127E6E62C4C00E74FF4710427E7B7
:109EB0002B6D0193EB6C009305F1100A4FF0100B22
:109EC000CDF808A0CDF80CB0D5E91123286C00F02E
:109ED000B9F9002851D1002385F83C30E1E7144B53
:109EE0002A68C3F860246A68C3F86424AA68C3F8BF
:109EF0006824EA68C3F86C246B6B38E7EB6D012BC0
:109F000014BF102040205CE7144CCFE6084B2A68B1
:109F1000C3F840246A68C3F84424AA68C3F84824F4
:109F2000EA68C3F84C246B6B21E700BFF80B0020F4
:109F300000B002500100F1000500F1000B00F1003B
:109F40000300F100D80B0300F00B0300300C0300FA
:109F5000100C0300E40B00200200F1000400F100EB
:109F6000D3F840242A60D3F844246A60D3F8482404
:109F7000AA60D3F84C34EB6046E73B681B68C4F832
:109F800000343B685B68C4F804343B689B68C4F8E1
:109F900008343B68DB68C4F80C3459465046FEF779
:109FA0001BFD98E72DE9F04109B302B304460028F0
:109FB00000F0AF801D46436B072B0E461BD05DB9EA
:109FC000032B10D1836D73B900F164034566856678
:109FD000C56605670B6010252B4631462046BDE857
:109FE000F041FFF72BBE2F463846BDE8F081764F93
:109FF0003846BDE8F081C36D002B40F08D80B5F58B
:10A00000805F80F090801DB9A36D002B40F08B80A5
:10A010006E484FF0FF31FEF7F7FC002840F08F80CC
:10A020000020FEF721FD002840F08580684A0123CA
:10A03000C2F81038D2F81039002BFBD1636B032B18
:10A040004FDD063B012B4ED8A36B012B6DD8E36D82
:10A05000012B78D8236E012B77D82046FFF764FDBB
:10A060000746002840D12046FFF70AFD0746002892
:10A070003AD1626B072A36D80123934013F08A0F36
:10A0800040F0818013F0440F6FD1DB072BD5504B8C
:10A090000122C3F87C24C3F8BC543168002D56D18A
:10A0A000A16D09B9C3F82425494BD3F81079002FC5
:10A0B000FBD1616B072917D801228A4012F08A0F61
:10A0C0006FD112F0440F0FD0D3F860242260D3F880
:10A0D00064246260D3F86824A260D3F86C34E3602F
:10A0E00002E0002BB0DA3B4F394AD2F81039002B8E
:10A0F000FBD1C2F810380120FEF7B6FCB8B93348DE
:10A10000FEF78AFC00283FF46FAF3348FDF770FD7F
:10A110006AE74FF4710767E7012B7FF474AFB5F579
:10A12000803FFFF470AF2D4F5EE72D4FDCE72D48E9
:10A13000FDF75EFDE3E72C48FDF75AFD76E72B4877
:10A14000FDF756FD6CE72A4FCEE72A4FCCE7E26DCC
:10A15000012A33D0C3F8301C1020C3F8345CFEF75A
:10A16000BDFB074600289FD0BEE7194B2268C3F805
:10A1700060246268C3F86424A268C3F86824E268B3
:10A18000C3F86C2483E7124B2268C3F8402462684A
:10A19000C3F84424A268C3F84824E268C3F84C24F6
:10A1A00075E7D3F840242260D3F844246260D3F8E2
:10A1B0004824A260D3F84C34E36095E7C3F8281C28
:10A1C0004020C3F82C5CCAE70B00F100F80B00201C
:10A1D00000B002500100F100300C03000500F10056
:10A1E0000200F100100C0300F00B0300D80B030079
:10A1F0000300F1000400F10029B9044B002814BF4A
:10A200001846002070470248704700BF0100F70061
:10A210000300F70029B9044B002814BF184600209A
:10A2200070470248704700BF0100F7000300F700C5
:10A23000034B00200122C3F8380AC3F87824704782
:10A2400000B002502DE9F047CCB00024579DDDF856
:10A250005881824689461646214674220EA81F461A
:10A2600005F06EFB802221462CA82B9405F068FB9C
:10A270008423B5F57F6FCDE90A44CDE90C440593FD
:10A2800063D8FFF7C3FC05AB30462BAE01930295B4
:10A29000DDE954233946009600F062F800284FD1DA
:10A2A00003238DF813309DF813308DF87430072395
:10A2B00000221C9010210EA81B9301240123CDE93C
:10A2C0002423CDF86890CDF878A026940DF12009CC
:10A2D000FEF782FB102200920599CDF804900AAB9C
:10A2E000304606AAFFF722FA074670B11DE00EA914
:10A2F00008EB0700FEF76CFB10210EA8FEF76CFBC5
:10A300000134AD1B3744E4B224D0102D4A46059BDE
:10A310008DF8AC4006A90EA82E4628BF1026FFF7E0
:10A3200041FE32460028E2D007460EA874220021E2
:10A33000FEF750FBFFF76AFC38464CB0BDE8F087EB
:10A34000054F38464CB0BDE8F087044F38464CB056
:10A35000BDE8F0872F46E8E70E00F1000F00F1009E
:10A360002DE9F04182B01E460A9D0023B5F57F6FAE
:10A3700001933ED8ED00B5F5807F174601F1FF321D
:10A3800034BF032304233F2A0C46009331D880B303
:10A3900066BB089A6AB3099A116851B3A2191344AB
:10A3A000994226D3089B01462246581CFEF710FB13
:10A3B000089B04F102081C440023637026BB089B21
:10A3C0000095FF2D03EB080017D92B029BB243EA3F
:10A3D0001523022201A90193FEF7FAFA08F10203FC
:10A3E000099A0020136002B0BDE8F0810FB1402E41
:10A3F000CFD90A4802B0BDE8F08101226946FEF7D4
:10A40000E7FA08F10103EBE7089B324603EB08008B
:10A410003946FEF7DDFAB044D1E700BF0600008000
:10A4200000201870704700BF0CB430B589B00546E5
:10A430000C461C22002101A805F082FA02238DF8A7
:10A4400006300E4B0293059523462CB1B4F1004F14
:10A4500028BF4FF00043013B1D440DAA0C990695FF
:10A4600001A8009200F0E8F814B1059B00221A70D0
:10A4700009B0BDE8304002B0704700BF5BFA02008F
:10A48000242A2DE9F041044601D8012A4CD105F0D7
:10A49000EDFA354B16221A5001B10C6000273846F0
:10A4A000BDE8F08135462E4616F8010B2028F9D07C
:10A4B000A0F10907042F0346F4D92B2836D02D2804
:10A4C00037D14FF0010C6B78AE1C302B38D130787F
:10A4D00040F0200078282FD132F010002CD1737872
:10A4E0003446102202360CF1004001380027B0FB40
:10A4F000F2FE02FB1E08392B82BF03F1FF3343F04B
:10A500002003263B303B9A421ED9774502DC03D11B
:10A51000984501D24CF0020C354607FB023715F87E
:10A52000013B34462E46E6E70546BCE74FF0000CFB
:10A53000C9E74FF0000CC8E7002A08BF0822D2E79D
:10A54000002A08BF0A22CEE701B10C601CF0010FFF
:10A5500018BF7F421CF0020FA1D0074605F086FA13
:10A56000014B22221A509AE70C000000242AF0B571
:10A57000044601D8012A40D105F078FA2D4B162265
:10A580001A5001B10C600020F0BD2F463D4615F871
:10A59000010B2028F9D0A0F10906042E0346F4D9B6
:10A5A0002B282CD02D282CD101267B78BD1C302BBC
:10A5B0002DD1287840F02000782824D132F01000E6
:10A5C00021D16B782C46102202350020392B82BF16
:10A5D00003F1FF3343F02003263B303B9A421AD964
:10A5E000A0FB02040CB9C01801D346F002062F46A6
:10A5F0002C4617F8013B3D46E8E70746C6E700262C
:10A60000D3E70026D3E7002A08BF0822DDE7002AA7
:10A6100008BF0A22D9E701B10C60F20748BF4042E7
:10A62000B307B1D505F022FA024B22221A504FF09F
:10A63000FF30A9E70C0000002DE9F04F8DB0436812
:10A640000293837815469A07804640F10D810024D5
:10A650000E78002E00F00A81252E0BD04B1C0393A0
:10A660000134029B4146304698470028C0F2F680EC
:10A670000399EDE74E788B1C252E0393F0D000272D
:10A68000B946BB46BBF11F0F38D8A6F12003102BEB
:10A690000AD8DFE803F02A09093009090921090964
:10A6A0000928092D09091F00A6F13003092B33D908
:10A6B0002A2E37D11BF0400F55F8043B40F0828022
:10A6C000002BA7BF4BF0200B9946C3F100094BF0BC
:10A6D000280B01E04BF0010B039B13F8016B039374
:10A6E000002ECFD130E04BF0020B4BF0040BF3E720
:10A6F0004BF0080BF0E74BF0100BEDE7BBF17F0FD1
:10A7000019D8A6F13003092BD2D81BF0400F03D083
:10A710000A2101FB0737DFE70A2101FB09394BF06A
:10A72000200BD9E72E2E06D11BF0400F40F09E8063
:10A730004BF0400BD0E76C2E31D02BD8682E36D0A2
:10A740006A2E3CD04C2E3AD0002F46F02003B8BFE2
:10A750002BF04002A3F16501BCBF1FFA82FB00276A
:10A76000022901D9612B2FD1073525F00705DFF824
:10A77000ACA2083507271BF0080F66D00AEB070BC1
:10A7800056465E4563D1A4EB0A0A06EB0A02A9EB22
:10A7900007096FE1742E9FD07A2E9DD0D4E71BF06D
:10A7A000800F18BF4BF4007B4BF0800B94E71BF439
:10A7B000807F18BF4BF4007B4BF4807B8CE74BF41D
:10A7C000207B89E71F4687E7A6F16301122900F283
:10A7D000F080DFE811F013004F00EE00EE00EE0015
:10A7E000EE004F00EE00EE00EE00EE00EE00FE0088
:10A7F000E900EE00EE001B00EE00AF0055F8043B50
:10A800008DF8183001270DF1180AB4E755F804AB9C
:10A81000834BBAF1000F08BF9A461BF0400F14BFDC
:10A8200039464FF0FF31504605F0B4F80746A2E72D
:10A83000029B41462020984700280FDB013EB7428B
:10A84000F6D34C44A41BB14698E74E46F7E716F8FA
:10A85000010B029B41469847002892DA98F8023093
:10A8600043F0040388F802304FF0FF3420460DB067
:10A87000BDE8F08F1BF0800F34D01BF4007F2CD08C
:10A88000073525F00705AA4669685AF8080B2BF02A
:10A8900010050029ADB237DA404261EB410145F4C1
:10A8A00080650DF1180B0A235A4605F07FF8A0EBDE
:10A8B0000B0301936B0662D5019B25F001019F42BA
:10A8C00089B240F3A180002E00F0998015F01002AB
:10A8D00040F09C80BB460D4623E0AA465AF8040B84
:10A8E000C117D4E7AA461BF4807F5AF8041B01D194
:10A8F0000846F5E71BF4007F15BF48B208B241F3E4
:10A90000C01141F3C031C2E750EA0103C9D11BF0C5
:10A91000400FC6D0002FC4D12BF0110295B2BB4618
:10A92000019740F2064115EA01021CBF0BF1010B31
:10A9300000222CE02BF010021FFA82FB0A231BF0EE
:10A94000800C49D01BF400711DBF073525F00705A9
:10A95000AA46AA461ABF5AF8080B69685AF8040BA7
:10A9600050EA010545D12BF016051BF0400FADB2A2
:10A9700042D0002F40D12BF0170295B2019715F06D
:10A98000100248D0019B002E42D103F1010B290790
:10A990005AD4EB0706D5D9456FDD0199A9EB0B0316
:10A9A0005F18CB465B4649E04BF0100B102378262E
:10A9B000C5E7782B04D1C6F1780343F01003BEE756
:10A9C000029B4146252098470028FFF647AF0234F6
:10A9D00047E608230026B2E7AA461BF480715AF81E
:10A9E000040BBDD01BF400711ABFC0B2614680B227
:10A9F000B6E72BF0060295B20DF1180B54E725F0DF
:10AA00001105ADB2BB468CE70D46B8E73B460D4697
:10AA100003F1020BBBE7DDF804B082E7816D0300B0
:10AA20007A6D0300CDE904324146029B202098470D
:10AA30000028FFF613AF049B059A01339945F1DC1A
:10AA4000A4EB0B01CC189B460AB3029B4146302075
:10AA500098470028FFF602AF8EB901342744019BC6
:10AA6000391B994224DC1D465DBB019AA9EB0B09F9
:10AA7000224455461446914435E0019F92E7023442
:10AA800041463046029B98470028E7DAE6E640F266
:10AA900006410D42E2D015F0020F14BF2B202020FA
:10AAA00015F4806F04F10104414618BF2D20E9E739
:10AAB000029B414630209847002804F10104CEDA79
:10AAC000CCE606AB013D4146585D029B9847002805
:10AAD000CADAC3E6029B414620209847002804F1C9
:10AAE0000104FFF6BBAEA9EB0403002BF2DCBFE5CB
:10AAF000704701F0A0B80023E7F70ABE10B48368DE
:10AB0000DC682822A4464CF2503310BC604710B4D5
:10AB100083685C684FF0FF33A44610BC604708B5FB
:10AB200000210F2004F089FA00214FF40040FBF7C8
:10AB300023FBF9E7836800EBC101B3F5004F2CBF9D
:10AB400051F8220031F81200704700EBC101806813
:10AB5000B0F5004F2CBF41F8223021F81230704779
:10AB600008B50122FFF7E6FFD04008BD8368B3F5C2
:10AB7000004F00EBC10108D34B681AB143F0010349
:10AB80004B60704723F00103FAE74B881AB143F09A
:10AB900001034B80704723F00103FAE753000122C1
:10ABA000FFF7D3BF8368B3F5004F34BF04230823F6
:10ABB000C91A081AC0087047B0F5004F34BF042303
:10ABC00008230731C818C008704708B50A46012194
:10ABD000FFF7F2FF0132121AB2FA82F0C0F11F0041
:10ABE00008BD2DE9F041174603220E460446FFF743
:10ABF000A1FF8642054607F104080AD1E368012255
:10AC0000BA4023EA0203E360002344F82830BDE899
:10AC1000F081314602222046FFF78CFF2B46064684
:10AC2000014644F8285020460322FFF78EFF3346A2
:10AC3000294620460222BDE8F041FFF786BF70B5E5
:10AC40000D4686680446FFF78BFFB6F5004F0146B8
:10AC500001D3012809D03046FFF7B7FF2946024645
:10AC60002046BDE87040FFF7BCBF70BD2DE9F0473E
:10AC7000054680688846FFF7A8FF05EB800A064670
:10AC8000DAF81090B9F1000F1BD00327DAF8104062
:10AC900028462146FFF764FF404507D33246214648
:10ACA0002846FFF79EFF2046BDE8F0870322214695
:10ACB0002846FFF73FFF013FCAF8100001D0814549
:10ACC000E4D1EB6801364FF0FF34B4401C40EAD0C9
:10ACD00094FAA4F2B2FA82F2131D55F82340DEE78B
:10ACE0002DE9F041144605460E46FFF739FFA4EB67
:10ACF0000608371B0744424631462846FFF74EFFF9
:10AD00003A4621462846FFF749FF4346002221469E
:10AD10002846FFF71AFF21462846FFF721FF3B464A
:10AD2000211800222846BDE8F041FFF70EBF2DE9AB
:10AD3000F041164604460F46FFF712FF314605461E
:10AD40002046FFF70DFF05442A4639462046FFF707
:10AD500025FF31462046FFF703FF2B46311800221E
:10AD60002046BDE8F041FFF7F0BE2DE9F0410D4669
:10AD700086680446FFF7F4FEB6F5004F014601D39E
:10AD8000012832D03046FFF720FF04EB80010E6926
:10AD900096B9E368012282401343E36002220D6109
:10ADA0002B4629462046FFF7D0FE0322294620469F
:10ADB000BDE8F041FFF7C9BE022231462046FFF749
:10ADC000B9FE2946034607462046FFF7BEFE03228A
:10ADD000334629462046FFF7B8FE39462B46204623
:10ADE000FFF7B3FE02223146E1E7BDE8F081F8B596
:10ADF0000C460546FFF7B4FE2618012231462846C8
:10AE0000FFF798FEC3070CD431462846FFF717FF1B
:10AE100021462846FFF7A4FE214622182846FFF7C0
:10AE200086FF002221462846FFF784FE271A0122CA
:10AE300039462846FFF77EFE10EA020613D139464E
:10AE40002846FFF7FCFE214632462846FFF772FEF1
:10AE50002246211A2846FFF76AFF21463246284635
:10AE6000FFF768FE241A21462846BDE8F840FFF7A0
:10AE70007CBF70B5066809B9002070BDB068B0EB42
:10AE8000D10FF9D9FFF798FE014605463046FFF786
:10AE9000EDFE04460028EFD001463046FFF760FE85
:10AEA000A84209D92544214630462A46FFF718FF13
:10AEB00029463046FFF759FF304601222146FFF769
:10AEC00055FEB368B3F5004F34BF0423082303EBEA
:10AED000C4031844D1E72DE9F04706460D4617464E
:10AEE00098462BB398F8004093F80190DB78A400C3
:10AEF00004EB430498F802301C4444444FF0000A29
:10AF0000CA4509D3D8F8042008F108033946304669
:10AF1000AC46BDE8F047604714F8013B48F82340D1
:10AF20002046E4F73DFA013004440AF1010AE7E75C
:10AF30006FF01500BDE8F08770B500250246284681
:10AF4000144614F8013B0BB9184609E098B18D423C
:10AF500007D1702B04D0A3F140023A2A0BD800206D
:10AF600070BDA3F140063A2E05D853780135941CE4
:10AF7000002BE9D00020252B08BF80F001002246DD
:10AF8000DEE7002070470FB407B504A951F8040BA1
:10AF90000191E5F7BBFE03B05DF804EB04B0704728
:10AFA000002383F31188BFF36F8F0423184602DF59
:10AFB00070470FB407B504A951F8040B0191E5F7E8
:10AFC000A5FE03B05DF804EB04B0704710B503694B
:10AFD000024613F0080009D11368D4689C4297BF59
:10AFE000526AE31AD31A01200B6010BD00231846E1
:10AFF000FAE713B501A90446FFF7E8FF20B1019B6A
:10B00000E268013B13440193606A019BC01A013856
:10B0100002B010BD10B5044650182269636AD20709
:10B0200002D5013B184010BD984228BFC01AFAE76C
:10B0300010B504460A46C168FFF7ECFF2369E060DB
:10B0400023F00803236110BD38B50D46026A8B005A
:10B05000016843F0020342F82130044601682A46A1
:10B06000FFF7D8FFE36861682060984202BF236958
:10B0700043F0080323612A462046FFF7CBFF6060B8
:10B0800038BD2DE9F74FC768066A9B4616F827308A
:10B0900003F00303022B04468846914606EB870A19
:10B0A0004FF0000309D01360CBF8003023699907F3
:10B0B00010D4002003B0BDE8F08F56F827101360BD
:10B0C0008908CBF80030F1D0FFF7B2FFE368A36046
:10B0D0000120EFE7E3695046984716F82730DA0772
:10B0E0000546E6D513F002031DD0B8F1000F03D0DA
:10B0F00041462046FFF7A8FF61682A462046FFF731
:10B1000089FFD4E902319942606004D12A46204681
:10B11000FFF780FFA060A3682360E360236943F02A
:10B1200008032361D4E7014620460193FFF780FF1F
:10B13000E268A260B8F1000F04D02168226A019B86
:10B1400042F8213005EB0802CBF8002021682046A8
:10B15000FFF760FF2369206043F00803236116F8BE
:10B1600027306FF3000306F82730C9F800A0AFE7D7
:10B1700070B504461546FFF74DFF2368834205D19D
:10B180002369216023F00803236170BD226AAB00AC
:10B1900043F0020342F82130204661682A46FFF757
:10B1A00039FF6060F1E738B503695B07044606D5EF
:10B1B000856AFFF71EFF85422CBFA562A06238BDDD
:10B1C000F0B564230546042600200A2769B9F0BDBE
:10B1D0009A42B2FBF3F40CD2012B0AD048B903FB1C
:10B1E0001422D2B20A24B3FBF4F3013EF0D12E7044
:10B1F000EDE7303405F8014BB2FBF3F4013903FB02
:10B2000014220130B3FBF7F3C9B2C0B2D2B2DBB241
:10B21000DCE7A0F13003DBB2092B02D80B70002071
:10B220007047A0F16103052B02D85738C3B2F5E788
:10B23000A0F14103052B01D83738F7E76FF015006F
:10B240007047F7B5054601F0010000EB51069E423C
:10B250004FEA510703D90026304603B0F0BD58B17C
:10B2600028780DF10701FFF7D4FF0028F3DB9DF8E4
:10B27000073002F8013B013501351744BA42EBD0E3
:10B2800015F8010C0DF10701FFF7C3FF0028E2DB01
:10B290009DF807402401E4B2147015F8020BFFF783
:10B2A000B8FF0028D7DB9DF807301C4402F8014B9B
:10B2B000E4E7838B13F0070305D10368002B0CBF71
:10B2C000002003207047022B05D1C08BB0FA80F01C
:10B2D000400980007047012B05D10368002B0CBF8B
:10B2E0000020052070470020704710B50C4600B1C3
:10B2F00011B96FF0150010BD081D00F02FF80028DF
:10B30000F9D1A368032BF6D9F3E72DE9F0410D46F7
:10B3100007461946281D90461E46E6F761FA044680
:10B3200038B13346424629463846A446BDE8F04186
:10B330006047BDE8F08138B50C46054658B151B1BB
:10B340000B6843B14B6833B12022002104F0F8FAB6
:10B350002C61002038BD6FF01500FBE7034640B1BB
:10B36000426802F00302022A06D0032A04D0012A0E
:10B3700005D06FF0150070471A68002AF9D0002038
:10B3800098607047704770B481690468806B1E468E
:10B39000154606FB0141DDE903232944846824683E
:10B3A000A44670BC60474B6801334B60C069002203
:10B3B000924208BF834208BF4A60704700F03BBC1E
:10B3C0002DE9F04F9B46C36B8BB01F68DDE91496E7
:10B3D0007F428046144607F020070DF1080A1EB987
:10B3E00030460BB0BDE8F08FBE42354628BF3D4623
:10B3F000CDE900A522465B464046FFF7C4FF002882
:10B40000EFD12A465146484604F0A2FA30B92C1929
:10B41000A6EB05064BF1000BA944E0E70120E0E7AD
:10B4200010B5411C04460F22FF20E5F7A5F8207057
:10B4300010BD10B543788B42044609D1411C0F2240
:10B44000FF20E5F799F823781B1A5842584110BDA0
:10B450000020FCE710B541780446FFF7EAFF40B151
:10B4600062884FF6FF739A4206D16068431C5842C7
:10B47000584100F0010010BD0020FAE70368012BDD
:10B4800081BFC91801F1FF315B421940084670477E
:10B49000F8F770BD2DE9F04F9046036CD1E9002418
:10B4A0005B00B2EB030B64F100040026C1E900B4B9
:10B4B000C8E9006489B007460D46A1460DF1100A9F
:10B4C0005E4579EB040304D30023184609B0BDE8B8
:10B4D000F08F1023CDE900A35A4623463846FFF7E4
:10B4E00052FF03460028F0D1039097F820105046F1
:10B4F000FFF79FFF78B1BDF81210039B08291E4685
:10B5000007D9F86BFFF7BAFF069B18448619C8E9FC
:10B510000069C5E900B43B6CBBEB03039B4664F1D7
:10B520000004CDE710B5016C826986B0521A02ACF6
:10B530004FF0100163F1000301910094FFF723FF26
:10B54000002808DB2046FFF785FF30B1089B9DF8F7
:10B5500009201A70002006B010BD6FF00100FAE754
:10B560002DE9F341026C8569089F5200AD1A63F121
:10B5700000064FF01008099B0093CDF804802A467E
:10B5800033460446FFF7FFFE58B9226C521946F1C4
:10B5900000032046CDE9087802B0BDE8F041FFF78E
:10B5A000F2BE02B0BDE8F081F7B5DDE90876CDE97D
:10B5B00000760546FFF7D4FF0446D8B93846FFF7B2
:10B5C00049FFB8B171783046FFF733FF90B1738807
:10B5D00083B9736801330DD1B268AB699B1A2A6CC9
:10B5E000B3FBF2F102FB113323B97C787378E31AD1
:10B5F0005C425C41204603B0F0BD30B50C46D1E959
:10B600000013026C521843F10003C4E900230546FD
:10B61000006CA969A1EB40018A428BB013D1ABB990
:10B62000E9699A184B1E06A9C4E90023019102A9F1
:10B6300000912846FFF7B8FF002805DB08D1D5E9BF
:10B640000223C4E9002300200BB030BD013BEAE730
:10B65000089B2360F7E737B51023CDE90023D1E934
:10B66000002305460C46FFF78EFE30B921462846DA
:10B6700003B0BDE83040FFF7C0BF03B030BD2DE9D7
:10B68000F04F8DB00F46DDE916A1CDE90623064641
:10B6900003914FF0FF390DF1170B08AA06A93046A8
:10B6A000DDE90685FFF7D7FF044680BB099ABA4259
:10B6B00017D14FEAE972904208BF4D450AD02B4698
:10B6C000CDF800B042463046FFF72CFF831C22D154
:10B6D0008DF817409DF8171008A8FFF7AAFEF0B9DB
:10B6E000A946DDE90612039B9A4208BF5145D4D111
:10B6F000189E08AB0CAF1A4603CABA42306071609C
:10B70000134606F10806F6D1199BC3E900852046C9
:10B710000DB0BDE8F08F0028DCD00446F7E7012427
:10B72000E6E72DE9F04389B0DDE9108507461DB94C
:10B73000002009B0BDE8F0838169066803FB01665B
:10B74000C36B1C6864422C4016440DD0806B836828
:10B750004246D3F8049031462346C8470028E8D132
:10B760002D1BE5D02644A0442A464146684604F0F5
:10B77000BFF8FC6B22686179521B0DEB050004F0E9
:10B78000DFF8B86B23688268314654686A46A04780
:10B79000CFE737B51025CDE90015D0E902230446DF
:10B7A000FFF7BFFF024650B92946E06BFFF766FE80
:10B7B000D4E902311B1A61F10001C4E902311046DB
:10B7C00003B030BD2DE9F04188B04FF0FF32059253
:10B7D000ADF8122044F201224FF0000807920DF15B
:10B7E0000F02009242461D460446CDF81880FFF72E
:10B7F00099FE831C1ED18DF80F809DF80F3004A890
:10B8000001338DF81130FFF70BFEA169236C11EBAA
:10B81000080145F10005C91A65F10005D4E9026780
:10B820002046C4E9021504A9FFF7B3FF20B9C4E913
:10B83000026701E00028E0D008B0BDE8F0811FB544
:10B840000022ADF8022002694FF0FF33CDE9022358
:10B850000446019390F820308DF801306846FFF7D8
:10B86000DFFD69462046FFF794FF04B010BD30B5F8
:10B870008BB000238168ADF80A30036C4FF0FF32C3
:10B880005B18CDE9043290F820308DF80930C36B95
:10B89000039204465979102206A804F051F8D4E91D
:10B8A000021341BB226CA1695000884288BF013B52
:10B8B000A1EB4202C4E9022302A8FFF7B1FD02A9ED
:10B8C0002046FFF766FF04F108012046FFF76BFDF5
:10B8D00004F120030093D4E902232046FFF722FE5F
:10B8E000831C4FF0000514D184F82050E368002039
:10B8F000C4E904530BE0D4E90402814273EB020271
:10B90000D0D306A92046FFF744FF0028C7D00BB0CC
:10B9100030BD0028EAD0FAE737B5CDE90012154668
:10B92000D0E904230446FFF7FCFE00280BDBE06BA4
:10B930002946FFF7A3FDD4E904321B1842F10002A7
:10B94000C4E90432002003B030BD2DE9F04FA9B0A6
:10B9500000F120050095D0E902230446FFF7E2FD3F
:10B96000831C12D1D4E902232046E5F765FF0028A5
:10B9700030D1D4E902232046FFF724FF50BB0095C5
:10B98000D4E902232046FFF7CDFD18BB94F8203000
:10B990000693E36800220AA92046CDE90A23FFF7AF
:10B9A00002FD0A9BA569DDF82CA00593ED18236C18
:10B9B0004AF10006ED1A10AB66F1000601931CABCC
:10B9C00000932A4633462046CDE90C56FFF7ECFD9E
:10B9D000002802DA29B0BDE8F08F22D09DF871303E
:10B9E00084F82030236C5B00EB1A089366F10003A7
:10B9F0000993129BCDE90C3614AA0CA92046DDE967
:10BA00000CB9FFF728FE0028E4D194F8201014A800
:10BA1000FFF70FFDD0B9DDE90832914508BF9B451E
:10BA2000EAD1069B84F820302046FFF708FF002863
:10BA3000D0D1059A53462046E5F7FEFE0028C9D12D
:10BA4000059A53462046FFF7BDFEC3E7BDF85230C6
:10BA5000002BE0D0D4E902230EA9039118A902918A
:10BA6000CDE9002315992046CDE90EB9FFF707FE71
:10BA70000028AFDBDDE90E234B4508BF5A45CAD18C
:10BA8000BDF85260082E23D92269169F1692E26BE8
:10BA90001268524202F02003C8460793079DB54240
:10BAA00028BF354620AB009301953A4643462046D1
:10BAB000FFF769FC00288DD12A4620A92046FFF710
:10BAC0002BFF002886D1EF1948F10008761BE5D13D
:10BAD000069B8DF8513014A8FFF7A2FC14A920464C
:10BAE000FFF757FE002896D074E700231A46E6F7C2
:10BAF0003DB937B5002500951C46E6F71BFA00282E
:10BB000002DBA04228BF204603B030BD07B50023AA
:10BB100000931A46E6F70EFA03B05DF804FB0378CB
:10BB20005B075FBF03684288C3F34A2303EB12102D
:10BB30005DBF173020F0070080080020704700200C
:10BB4000704703F072BA0346BFF35B8F53E8000FF0
:10BB5000421C43E800210029F8D1BFF35B8F7047F6
:10BB60000120E6F74BBB0020704770B5D2E90136E3
:10BB70009B1B8B420C4615460AD313680A460146A6
:10BB8000981903F0B5FEAB682344AB60204670BD46
:10BB90006FF01B00FBE770B50E46154619460446CC
:10BBA00018B9BDE87040E6F729BB33B1C2F34A23A8
:10BBB0001030120D184403F09BFEC4E900562046D5
:10BBC000BDE87040E6F75EBD2DE9F3415F1C4FEA2A
:10BBD0008708064608F1170020F0070080080C4689
:10BBE0001546E6F797FB0023ADF805308DF80730D2
:10BBF0008DF8047068B10346019A43F8102FA8F13C
:10BC000004012A46294452F8045B43F8045F8A423F
:10BC1000F9D1A20102F4E07242EA482222F07F4206
:10BC200022F47002002322F03F02314602B0BDE848
:10BC3000F041FFF7B0BF07B50123019201AAFFF75A
:10BC4000C3FF03B05DF804FB07B5CDE90023022371
:10BC50006A46FFF7B9FF03B05DF804FB1FB5CDE9F5
:10BC60000123069B039301AA0323FFF7ADFF05B051
:10BC70005DF804FBF8B506460D4614461F4604B9A8
:10BC8000F8BD214628463A46B047241A0544F6E74F
:10BC900010B5426881680446D2E900230068FFF7C6
:10BCA000E9FF636800221A6010BD0A2838B504460F
:10BCB0000D4602D10D20E6F7EDFD29462046E6F7B8
:10BCC000E9FD002038BD2DE9F043054687B0084660
:10BCD0000E8891F80090D1F808800C461746E6F7D8
:10BCE000ADFD011EC6F38216C9F3C2091EDB48462C
:10BCF000E6F7DAFC03462146608851F8102B0196DE
:10BD0000C2F34A22002A01EB0204C0F30B1008BF61
:10BD100000210022CDE90407CDE90214009241463A
:10BD20002846E6F7E7FD07B0BDE8F0830023E2E729
:10BD3000704770B54C680368A34201D2012070BD02
:10BD40008A682244934201D30020F8E7D1E9032511
:10BD50004E69B54203D36FF00B038B61F4E71B1BF5
:10BD600042F835304368086902EBC00253600B6942
:10BD700001330B61E2E70020E7F7B8B80022114673
:10BD8000E7F77AB8034610B508460AB100211160FA
:10BD900053B1D0B1411E11F8010F80B113F8014B1E
:10BDA000A04201D13D28F6D100200EE001331360FE
:10BDB0000AE03D2808D0B0FA80F0400905E0187884
:10BDC0002F28F6D1002AF1D1012010BD10B509B1FC
:10BDD00000230B6058B103461A781C4601332AB180
:10BDE0003D2A03D02F2AF7D101B10B60201A10BDD4
:10BDF0000830704713460A46D0E90001FFF779BEC4
:10BE00002DE9F04F97B0044601929A4688460029E2
:10BE10007BD0DAB1BAFA8AF56D09236D03F1010915
:10BE20004E4604F1080B09F1FF37B7F1004F26D059
:10BE30004A2303AA39465846FFF75BFE002807DA73
:10BE400010F1020F08BF3E46B946ECE70125E4E7D2
:10BE500000F158030DEB0300002300F84C3C03A94C
:10BE60004046E3F78BFA0028EED11DB33946584619
:10BE7000FFF73BFE002805DA17B0BDE8F08FB5B339
:10BE80000020F9E709F1804101395846FFF72DFEFE
:10BE90000028F1DB236DBB42F2D12246013B42F880
:10BEA000503F4FF0004104235846E5F75FFF00EA9A
:10BEB000E070E1E73E466FF080439E4228D0236D5C
:10BEC000B34204F1080714D3019A534606F18041A6
:10BED0003846E5F74BFF0028CEDB002DD0D040469A
:10BEE000E3F75EFA4246034631463846DDE7012570
:10BEF000E1E72246042342F8506F4FF000413846F4
:10BF0000E5F734FF0028DFDAB6E76FF01500B3E796
:10BF10006FF00B00B0E773B5436D03640446BBB12B
:10BF200000F108063046E5F7D7FC054668B904235A
:10BF30000DEB03024FF000413046FFF7DAFD002819
:10BF4000ACBF019B4FF000432365284602B070BD93
:10BF50006FF01205F9E738B50D46AB4211461C46A5
:10BF600004D81A4603F0C4FC204638BD0024FBE781
:10BF700003F0E6BCC30903EB430303EBC30383EA0B
:10BF80004000C0B27047CB780278534003704B88B2
:10BF90004278534043700A68837883EA122383709F
:10BFA0000A68C3785340C370CB7902795340037158
:10BFB000CB884279534043714A68837983EA1223DC
:10BFC00083714A68C3795340C371CB7A027A534074
:10BFD0000372427A4B89534043728A68837A83EAB8
:10BFE000122383728A68C37A5340C372CB7B027B6D
:10BFF00053400373CB89427B53404373CA68837BAE
:10C0000083EA12238373CA68C37B5340C3737047A8
:10C010001FB502788DF8002042798DF80120827AD0
:10C020008DF80220C27B8DF8032002798DF8042060
:10C03000427A8DF80520827B8DF80620C2788DF833
:10C040000720027A8DF80820427B8DF8092082783B
:10C050008DF80A20C2798DF80B20027B8DF80C2018
:10C060004278C37A8DF80D2082798DF80E208DF8F4
:10C070000F3010236A461946FFF76DFF05B05DF8D3
:10C0800004FBF8B5064608780C46FFF773FF054633
:10C090006078FFF76FFFA27863785340E2785340EF
:10C0A0005D406840307060782778FFF763FF054691
:10C0B000A078FFF75FFFA3785F40E3785F407D40A3
:10C0C0006840707063782778A0785F40FFF752FF70
:10C0D0000546E078FFF74EFFE3785F407D4068401B
:10C0E000B0702078FFF746FF627823785340A2783B
:10C0F000534080EA0305E078FFF73CFFEDB245408E
:10C10000F570F8BD70B5144688B00546002849D0D2
:10C11000002949D0002A49D010230A46684619460A
:10C12000FFF719FF21466846FFF72DFF103401F194
:10C13000A0066846E7F742F96846FFF769FF6946D7
:10C1400004A8FFF79EFF01A905A8FFF79AFF02A91F
:10C1500006A8FFF796FF03A907A8FFF792FF102391
:10C1600019460DEB03026846FFF7F5FE21466846C7
:10C170001034FFF708FFB442DBD1E7F71FF9684638
:10C18000FFF746FF21466846FFF7FDFE10231946DC
:10C190006A462846FFF7DFFE684610220021FFF7B7
:10C1A000E7FE012008B070BD0846FBE71046F9E73E
:10C1B00010B50A460F3012F9103B002BACBF00231C
:10C1C000872312F8014D83EA44038A4200F80139BB
:10C1D00002D01378DB09F4E710BD08B520B158226E
:10C1E0000021FFF7C5FE012008BD10B5044688B147
:10C1F00010220021FFF7BCFE102204F130000021C4
:10C20000FFF7B6FE0023636400224FF48033C4E9D5
:10C210001423012010BD70B504460D46164610B318
:10C2200011B358220021FFF7A3FE2946A664304629
:10C23000E7F7D0F8102200212046FFF799FE04F11D
:10C240001005A26C21462046FFF75CFF21462846D8
:10C25000FFF7AEFF294604F12000FFF7A9FF2046B3
:10C26000FFF7C3FF012070BD0846FCE72DE9F04150
:10C270000E4615460446002860D0FAB100295DD06C
:10C28000D0E9143253EA020158D0013BD0F844807F
:10C2900042F1FF32C0E91432B8F1000F2CD0C8F1DE
:10C2A000100708F13000BD4220440AD22B46324626
:10C2B0002946FFF750FE636C2B4463640120BDE800
:10C2C000F0813B4632463946FFF745FE103D0023DC
:10C2D000636445443E44631E04F10F0113F8012FCB
:10C2E00093F830008B4282EA00021A70F6D1A26CF9
:10C2F00021462046FFF706FF04F10F07102D0AD84C
:10C30000002DDBD02B463246294604F13000FFF7E2
:10C3100022FE6564D2E7631E711E13F8012F11F827
:10C32000010FBB4282EA00021A70F6D1A26C2146CC
:10C330002046FFF7E7FE1036103DDFE70020BEE79E
:10C3400070B50C460546E8B169B34A6C102A1AD19B
:10C350001031631E013904F10F0013F8012F93F817
:10C360003060724011F8016F984282EA06021A703A
:10C37000F3D1A26C21462846FFF7C4FE2046FFF702
:10C380002CFF012070BD02F130000021C2F110022B
:10C390002044FFF7EDFD636C2344802283F83020B6
:10C3A00004F12001D5E70846ECE7FEE70146006806
:10C3B000E7F74EB908B5E7F7A7F9BDE80840E7F792
:10C3C000C7B90A460121FFF736BC00210120E7F773
:10C3D0003FB961B662B680F31188BFF36F8F7047C3
:10C3E00072B6002383F31188BFF36F8FBFF34F8FB3
:10C3F00030BF62B6BFF36F8F704772B6002383F30E
:10C400001188BFF36F8FBFF34F8F20BF80F3118868
:10C41000BFF36F8F62B67047202809D9B0F1004F83
:10C4200008D80138B0FA80F0C0F11F004000704712
:10C43000082070473E20704708B5D1E9043198477D
:10C44000002008BD08B5E8F709F8002008BD7047CE
:10C45000C16A8968E8F7B0B803680B6043684B604D
:10C4600083688B60704710B503681C880221E8F769
:10C470004FFB204610BD02688068101A7047838801
:10C48000C2888168D21A03685B1AD01A704738B51F
:10C490000D4614461146E8F777FB22462946BDE8CB
:10C4A000384003F025BA10B50C460121E8F76CFBC3
:10C4B000047010BD30B585B014460A888B78ADF88D
:10C4C000002005460D2200210DF103008DF80230F9
:10C4D00003F036FA6A466946284602F054FE28B947
:10C4E000BDF800209DF802302280A37005B030BD59
:10C4F00013B50C4601AA0331FFF7DCFF48B903224C
:10C5000001A9204603F024FAB0FA80F0400902B0F5
:10C5100010BD0020FBE770B50D4600210446FFF773
:10C5200055FC0D2818D1237B302B13D0312B13D180
:10C53000012305F8063B04F10C062A462046012398
:10C5400002210234FEF77DFEB44205F1FF35F4D13D
:10C55000002070BD0023ECE76FF01500F9E7002024
:10C56000704710B50C46017822788A428AB00FD005
:10C570006946E8F789FD05A92046E8F785FD102200
:10C580000DF115010DF1010003F0E2F90AB010BD43
:10C59000012A06D0022A07D072B940886388C01ADF
:10C5A000F4E740686368FAE71022611C01300AB0C2
:10C5B000BDE8104003F0CCB96FF01500E6E7042A9F
:10C5C0000AD0102A0DD0022A4FF0000315D10370B3
:10C5D0000B88438001207047012303700B68436080
:10C5E000F8E7022300F8013B01F1100351F8042B96
:10C5F00040F8042B9942F9D1ECE718467047012323
:10C6000010B50621044600F8013BF5F727F818B9E4
:10C61000A37963F03F03A37110BD0B6803608B889F
:10C6200083808B798371037823F002030370704752
:10C630000078C0F340007047438A23B9C068B0FA5D
:10C6400080F04009704700207047D0F8A03083B1D7
:10C650005A7BD1070DD5D2060DD51B7B102B14BFED
:10C66000032304234372807A98428CBF0020012068
:10C6700070470223F6E70323F4E70F2807D80D28B5
:10C680000BD8052808BF032018BF022070471328C5
:10C6900003D01A2808BF0120F6E701207047FFF7F2
:10C6A000CABA10B50346BFF35B8F53E8000F40EAE8
:10C6B000010243E80024002CF7D1BFF35B8F10BDCB
:10C6C000FFF7C2BA0023E6F723B8BFF35B8F50E849
:10C6D000003F0B4040E80032002AF8D1BFF35B8FE7
:10C6E0007047C0F307231070000E5370D070002302
:10C6F000C1F30720090E9370137150719371D171BA
:10C70000704738B504460D46E8F742FF5F3005D163
:10C7100029462046BDE83840E8F7ACBE38BD0020C9
:10C72000704781767047704710B5038842889342FE
:10C7300019D8052B17D9B2F5486F14D88388B3F5EB
:10C74000FA7F10D2C088A0F10A0189B240F676447F
:10C75000A14208D801339BB25343B3EB800F34BFDF
:10C760000120002010BD0020FCE70020704708B524
:10C77000F1F7E2FA18B1C089003818BF012008BDEE
:10C7800070B506460D4642F221000321E9F7CEF9C5
:10C79000044618B9BDE87040E8F762BE03210C30CA
:10C7A000E8F7F2F906808570214642F22100BDE8E3
:10C7B0007040E9F709BC70B506460D4640F20640E8
:10C7C0000321E9F7B3F9044668B103210C30E8F717
:10C7D000DBF90680857021460022BDE8704040F2FA
:10C7E0000640E9F74BBD6FF0680070BDC36818786C
:10C7F00008B1E8F78DBE1846E9F7FEBE38B502214C
:10C80000054642F21600E9F791F9044668B10221A3
:10C810000C30E8F7B9F92B88038021460022BDE8E7
:10C82000384042F21600E9F729BD6FF0680038BDC4
:10C83000F8B507460E4642F2220006211546E9F7F2
:10C8400075F9044678B106210C30E8F79DF93B886C
:10C8500003804680858021460022BDE8F84042F2F0
:10C860002200E9F70BBD6FF06800F8BD2DE9F04735
:10C870008146884642F2320007219DF820A01746E3
:10C880001E46E9F753F90546A0B107210C30E8F739
:10C890007BF9B9F80030038080F80280C770067118
:10C8A000A0F805A029460022BDE8F04742F2320078
:10C8B000E9F7E4BC6FF06800BDE8F08708B5002038
:10C8C0000021E9F76FFC18B1BDE80840E9F776BB35
:10C8D000BDE80840EBF736BE08B5072203F038F88C
:10C8E000B0FA80F0400908BDFFF7A5B90B680360F6
:10C8F0008B8883808B7983717047BFF35B8F00686F
:10C90000BFF35B8F7047F8B50F46144630BB272145
:10C9100042F22700E9F70AF9054610B327210C3047
:10C92000E8F732F93946FFF7E1FF06462246C31D14
:10C9300004F1100152F8040B43F8040B8A42F9D1B8
:10C940001022002106F1170002F0FAFF294600220A
:10C95000BDE8F84042F22700E9F790BC6FF01500FF
:10C96000F8BD6FF06800FBE7037A5B07024605D568
:10C9700001462A3211F8010BFFF7C5BF704738B5E1
:10C980000121054642F22D00E9F7D0F8044658B1DE
:10C9900029460C30FFF787FD21460022BDE83840CC
:10C9A00042F22D00E9F76ABC6FF0680038BD10B4A0
:10C9B00000F11003BFF35B8F53E8002F22F4004116
:10C9C00043E80014002CF7D1BFF35B8F130403D5A9
:10C9D00010BC012100F046B910BC704700F11002F4
:10C9E00008B503461046FFF788FF010611D5BFF3CF
:10C9F0005B8F52E8000F40F4004042E8000100293C
:10CA0000F7D1BFF35B8F18460021BDE8084000F066
:10CA100029B908BD10B50C4630B919B1F1F73AF98A
:10CA200000B1441C204610BD0024FBE718B111B131
:10CA30000846E9F7B1BF6FF01500704713B504461B
:10CA400080B106216846F4F709FE48B99DF8053023
:10CA5000694603F03F0320468DF80530FFF7E6FFF7
:10CA600002B010BD6FF01500FAE7003818BF0120C2
:10CA70007047037AD90704D523F001030372EAF75C
:10CA8000FDB8990704D523F002030372EAF710B941
:10CA9000704700207047034610F4004F0CBF07207A
:10CAA0000620DA0348BF00F005009B0348BF00F0F2
:10CAB000FB007047BFF35B8F0068BFF35B8F70476D
:10CAC00010B50346BFF35B8F53E8000F00EA010285
:10CAD00043E80024002CF7D1BFF35B8F10BD012386
:10CAE00010B403FA01F1044662B1BFF35B8F54E85E
:10CAF000003F0B4344E80032002AF8D1BFF35B8FBC
:10CB000010BC704710BCC943FFF7DABF2DE9F04FE6
:10CB100087B005469DF84860DDF840909DF844A038
:10CB20000C4690460021102202A81F4602F008FF82
:10CB3000EEB9CDE90248012202A942F20800EAF763
:10CB4000D7FA044678B9BAF1000F3ED11035BFF3D9
:10CB50005B8F55E8003F43F0040345E80032002AAC
:10CB6000F7D1BFF35B8F204607B0BDE8F08FE9F740
:10CB700021FA8346E4B937BB5846E2F711FC092392
:10CB8000012ECDE901B48DF800308DF80100CDF80B
:10CB90000C80D0D1CDF810D005960222CCE714F845
:10CBA0003320083A012A25D901339845F7D1E2E725
:10CBB0000023FAE717F83320083A012A1AD901337B
:10CBC0009945F7D1D8E70023FAE7022E4FF001028A
:10CBD00008BF059202A908BF324642F2090008BF09
:10CBE000CDF810D0CDE90279EAF782FA0028ADD06D
:10CBF0000446B8E76FF01504B5E7436813F0080082
:10CC00000AD05A0307D403F4C063B3F5806F14BF8E
:10CC10000220012070470120704770B5064686B09B
:10CC20000D4642F20A000121E8F780FF0446B0B148
:10CC30000C3095B10121FFF736FC06F1100203A973
:10CC4000204600950723E8F75FFF0022214642F2C5
:10CC50000A00E9F713FB06B070BD2946EBE76FF059
:10CC60006800F8E7FFF7D9BF1830F8F723B90023B9
:10CC70000B60436813B9C0E9001170471960416047
:10CC80007047036800220BB9184670478B4210D1D9
:10CC90000B6842B942680360914200D143600023AF
:10CCA0000B600120704713604368994208BF4260DF
:10CCB000F5E71A461B68E6E7D0F8B000003818BF61
:10CCC00001207047BFF35B8F0068BFF35B8F704735
:10CCD000FEF7BABF10B50346BFF35B8F53E8000FF2
:10CCE00040EA010243E80024002CF7D1BFF35B8F38
:10CCF00010BD73B50446CDE900320D4622B9D0F817
:10CD0000A8606B4601AAB0472846E7F70FFE019BD3
:10CD100023B100996FF06D022046984702B070BDB4
:10CD2000437B072B01D1EAF707BF70472438EAF7A6
:10CD3000A5BF10B50446006918B1E7F7F7FD002359
:10CD4000236110BD2DE9F84307460E4690460024A6
:10CD50004FF0D009B44203D100231846BDE8F88350
:10CD600009FB0470EBF7F8F8034658B1457B012D39
:10CD700002D0073D012D03D81A884245EDD0184650
:10CD8000EBF7AEF90134E5E710B50446D0F8A000A2
:10CD900028B9207A04F17001F0F7CEFF38B1E278BB
:10CDA000C3892AB913F0210F14BF0120002010BD40
:10CDB00013F0240FF8E738B5437B072B044626D140
:10CDC0000B0601F07F050BD54FF400510430FFF73F
:10CDD00081FFA5722046F0F795F8A8B9002038BD6C
:10CDE000437AAB42FAD2837AAB42F7D2BFF35B8F7E
:10CDF000031D53E8001F21F4005143E80012002AEC
:10CE0000F7D1BFF35B8FE4E7637AA372E7E76FF0D4
:10CE10007F00E4E7407A704738B5037A8B420446D6
:10CE2000154615D100F170010722284602F090FD49
:10CE300080B1E378072243B904F17E01284602F06D
:10CE400087FDB0FA80F0400938BD04F17701F5E7BD
:10CE50000020F9E70120F7E770307047F8B5074682
:10CE60000D4642F213000E21E8F760FE0646D0B1EF
:10CE70000E210C30E7F788FE0E220446002102F056
:10CE80005FFD3B8823802B8863806B88A380AB8801
:10CE9000E380EB88238131460022BDE8F84042F26E
:10CEA0001300E9F7EBB96FF06800F8BD8378012B48
:10CEB00001D101F055BA6FF0150070478378012B4E
:10CEC00001D1F0F7CBB96FF0150070477047F8B596
:10CED00005460F46164600234FF4803204210020F9
:10CEE000EBF798FA044620B92846BDE8F840EBF77E
:10CEF000BBBF04210C30E7F747FE05704770468042
:10CF00002046F8BD704710B400F150030122BFF372
:10CF10005B8F53E8001F43E80024002CF9D1BFF3D6
:10CF20005B8F41B9034653F84C2BC164D2F8B4105F
:10CF300029B9C2E92C33006810BCEBF73BB80B6091
:10CF4000C2F8B430F7E770B5D0E9003504464BB30A
:10CF5000D3F8B0204C3000216AB1904234D1E26C59
:10CF600051BBD3F8B410C3F8B020884201D1C3F844
:10CF7000B4200023E36404F150030022BFF35B8F6D
:10CF800053E8001F43E800200028F9D1BFF35B8F6E
:10CF900004F13006236BD3B96B680BB12046984778
:10CFA00000232360E3680BB1204698472B6AB3B196
:10CFB0002046BDE8704018470A60D3F8B42090427C
:10CFC00008BFC3F8B410D4E711461268C4E70022C2
:10CFD00000233046F7F7F8F8E7F7A8FCDAE770BD6A
:10CFE00038B5406B30B150F8084904B1083CFFF740
:10CFF000AAFF04B938BDA5682DB12046083DFFF74A
:10D00000A2FF2C46F7E72046BDE83840FFF79BBF5C
:10D0100038B5436B0D46BBB1184650F8084904B10A
:10D02000083C53F8043C9B680BB1294698475CB117
:10D030002046A468436824B19B68083C002BF4D1C7
:10D04000F6E79B68002BF0D138BD0431EBF7E2B96D
:10D05000406B30B1838B8B42A0F1080001D0806817
:10D06000F7E7704710B54AB989B2FFF7F1FF28B169
:10D0700043689B6913B1BDE81040184710BD38B52F
:10D080000D460521FFF7E4FF00231A462946EBF77A
:10D09000C9FF044610B12846E7F748FC204638BDD2
:10D0A000406B30B183898B42A0F1080001D08068C9
:10D0B000F7E7704770470346006828B1596802686F
:10D0C0001A60884208BF5A6070470346002003B9BF
:10D0D00070471A8A5B681044F9E710B5D468237862
:10D0E000023113B92170012010BD8B42FBD0038A9D
:10D0F000023B038200201061F6E706207047FEF72E
:10D100009ABD73B51446014605464FF495722068E2
:10D1100000F0F2FD207500BB237A2068ABB1A3F1CB
:10D120001802534253419B000193638A0093AE68F7
:10D13000238AE2682946B047002808DB238A984200
:10D140000ED100232375012008E00223ECE710F143
:10D15000FF0F05D34042C0B22075002002B070BD61
:10D160000E20F9E71FB5CDE90123002300931A46ED
:10D17000EEF7B8F805B05DF804FBF8B593681668EB
:10D1800005460F46144663B9506801210C30E7F795
:10D19000FBFCA0602B681B78002B14BF022301232B
:10D1A0000370A3681B78012B03D0022B1FD0002033
:10D1B0001CE02B681B78002BF9D1606804210C302F
:10D1C000E7F7E2FCE06007802A68E36852885A804B
:10D1D0006168728D738B088A9A4294BFC0EB02001B
:10D1E000C0EB0300042894BF00200120F8BD2B6889
:10D1F0001B78022BDBD1606812210C30E7F7C4FCEE
:10D20000E06007802B68E268591C0232113351F844
:10D21000040B42F8040B9942F9D16168728D738B4B
:10D22000088A9A4294BFC0EB0200C0EB03001228A8
:10D23000D9E770B40568AA6A52B3136803B1B03B6A
:10D24000A2F1B0040022114600E0B03B844207D0B6
:10D25000668D648BB14238BF3146A24238BF224648
:10D260001C462BB1D3F8B030002BEED18442EFD165
:10D27000438D408B8B4201D890420BD9824238BFFC
:10D2800002469942286838BF194670BCEEF78ABE3C
:10D290001146EDE770BC7047D0680378043113B9CC
:10D2A0000170012070478B42FBD091680B8A0020EF
:10D2B000043B0B82106170472DE9F04F044685B0A6
:10D2C000104690469946FFF700FF638B628D9342AC
:10D2D00028BF134683428B4640F2938063680393D2
:10D2E0004046E7F769FB4FF0000A06464046FFF765
:10D2F000ECFE628B638D06F10C079A4294BFC0EB83
:10D300000205C0EB03053846FFF7B9F8854217D28E
:10D310004046FFF7DAFE628B638D9A4294BFC0EB02
:10D320000205C0EB03058DBB98F80A00E7F7F4F897
:10D3300000220023FFF78CF8064630B9574636E046
:10D340003846FFF79CF80546EDE701464046E7F70B
:10D3500079FB4046FFF7B9FE628D638B06F10C073F
:10D360009A4294BFC0EB0205C0EB03053846FFF7B5
:10D3700086F885421FD24046FFF7A7FE628D638B79
:10D380009A4294BFC0EB0205C0EB0305F168328AF4
:10D39000CDF80090DBF8047003980A44ABB259460C
:10D3A000B847071E0CDABAF1000F18BF57463846C7
:10D3B00005B0BDE8F08F3846FFF761F80546E5E7B0
:10D3C0000E9BB3B9394606F10C00E7F7DDFB40468A
:10D3D000FFF77BFE638D628B934228BF1346B944EF
:10D3E0008342BA441FFA89F9A8D9AF423FF47EAF0D
:10D3F000A4E70F9A0E9B3946304698470028E1D1A2
:10D400009CE70027D3E70368002203B970478B42EB
:10D410000FD10B683AB942680360914200D1436072
:10D4200000230B60704713604368994208BF426055
:10D43000F6E71A461B68E8E706207047BFF35B8FE4
:10D4400050E8003F43F0080240E800210029F7D1EE
:10D45000BFF35B8FC3F3C000704773B51668054612
:10D4600000237068137314462946952200F044FC8B
:10D47000207380B9CDE900002946A388A268304610
:10D48000FFF71AFF002809DA10F1FF0F26BF40420C
:10D49000C0B20E202073002002B070BD0120FBE757
:10D4A0002DE9F3411668074600237068137314468C
:10D4B0003946952200F020FC0546207308BBA06881
:10D4C000718D728B038A914294BFC3EB0103C3EB4E
:10D4D0000203012B15DD02210C30E7F755FBCDE9E6
:10D4E00000558046A388A26839463046FFF7E4FE1F
:10D4F000031E0ADA13F1FF0F26BF5B42DBB20E23D5
:10D500002373002002B0BDE8F081A8F800300120AC
:10D51000F8E72DE9F04104468868FFF7D6FD638DF2
:10D52000628B934228BF134683420D461DD321666A
:10D53000D1F8088000278F60F8F7E8FB41462046C5
:10D54000ECF788F9064638B1C5F808802766F8F781
:10D550004BFC3046BDE8F081618D638B994228BF5A
:10D560001946284600F095FCF1E76FF07906F0E7E0
:10D5700038B5BFF35B8F0B68BFF35B8FDB070546E6
:10D5800017D550F8040CA0B1EB6D93B90430FFF738
:10D5900092FD044668B10146281FECF7CFF9002838
:10D5A00007DA55F8043C5A6822609A685C6002B950
:10D5B0009C6038BD2DE9F041846A07463CB354F8BD
:10D5C000B06906B1B03E00231D4607F1040801E032
:10D5D00034461646226E9AB905B98BB94046FFF714
:10D5E0006AFD054658B101462046ECF7A7F9002828
:10D5F0000DDA7B682B60BB687D6003B9BD60234694
:10D600002EB1D6F8B020002AE2D0B03AE0E7BDE86B
:10D61000F08170B504460E46002200230846F6F756
:10D62000D3FD054658B101462046ECF713F90446F0
:10D6300018B12946304601F073FF204670BD6FF0E7
:10D640000104FAE7F8B50546071F00F1580350F842
:10D65000044CBFF35B8F53E8001F21F0040143E843
:10D660000012002AF7D1BFF35B8F04B3EB6D8BB9C7
:10D6700063687BB1201DFFF71EFD01460646384654
:10D68000FFF747FF002812DA63683360A36866601B
:10D6900003B9A66005F160013846FFF7BAFF30B163
:10D6A00004F10C013846BDE8F840FFF7B2BFF8BD01
:10D6B00038B504460D46ECF7CDF830B1294604F1F3
:10D6C0006400BDE8384001F020BF38BD2DE9F041CD
:10D6D000884617460121042205461E46ECF712FA39
:10D6E000044670B104210C30E7F74EFA80F8008050
:10D6F000A0F80170C67021462846BDE8F041FFF74A
:10D70000D7BFBDE8F08137B50C46054601F10C00E6
:10D71000FEF7A9FE228A0192E268009203461322D4
:10D7200012212846ECF796FA03B030BD37B50C4607
:10D73000054601F10C00FEF796FE228A0192E2688E
:10D7400000920022034611462846ECF783FA03B004
:10D7500030BD07B5CA681388528800920C210D228B
:10D76000ECF748FC03B05DF804FB07B5CB6800227A
:10D770001B8800920A210B22ECF73CFC03B05DF8F9
:10D7800004FB2DE9F041CB681F88BBB2162B054680
:10D790001BD90321ECF7F0FA0646C0B102210C3088
:10D7A000E7F7F2F900244FF0410880F80080447058
:10D7B00031462846FFF77CFF2846A5F81A806F857A
:10D7C000FFF737FD2046BDE8F0810420FBE70E207F
:10D7D000F9E7EDF7D1BC0A8AC9680023ECF79CBDD4
:10D7E00070B5054650F8043C55F804690446002B12
:10D7F00032D031B1C36D7BB31B7CDA072CD5052346
:10D800001DE03046EEF7E2FB737A012B24D0E46D85
:10D8100014B3237CDB071FD5E368002BEFD06269CC
:10D82000617C2846ECF76EF9064638B1D4E905125A
:10D83000E368984750B13046E7F778F80E230022A6
:10D8400028461146BDE87040ECF766BD31462846D3
:10D85000ECF700F80028EED170BD0120704708B544
:10D86000EBF7ACFF98B1836A8BB1BFF35B8FB03B32
:10D8700003F15C0252E8000F20F0080042E80001CA
:10D880000029F7D1BFF35B8FD3F8B030ECE708BDC8
:10D8900008B50421FFF704FC30B1BFF35B8F806D46
:10D8A000BFF35B8FC0F3C00008BD70B51C460E46C9
:10D8B0001546EBF7A9FFC0E903650123C380047592
:10D8C00070BD1060002070470B4609895A898A4252
:10D8D00003D05981DB6803B11847704710B5029C2B
:10D8E000A36833B1B1F5807F28BF0E21CAB22146AB
:10D8F0009847A37DE268013BDBB2A37522B11BB957
:10D900002046BDE81040104710BD106091800020F7
:10D91000704700207047FEF78EB908B5072202F065
:10D9200017F8B0FA80F0400908BD10B503789342AB
:10D93000044607D10130FFF7F0FF002814BF20464E
:10D94000002010BD0020FCE710B50346BFF35B8F3D
:10D9500053E8000F40EA010243E80024002CF7D10D
:10D96000BFF35B8F10BD10B50346BFF35B8F53E869
:10D97000000F00EA010243E80024002CF7D1BFF3B6
:10D980005B8F10BD0B6803608B8883808B798371FC
:10D990007047FEF759B9BFF35B8F0068BFF35B8F29
:10D9A000704708B5FEF762FC18B9BDE80840EDF70E
:10D9B00017B8002008BDF0B507683D7889B0064665
:10D9C0001446E5B97B88B3F5245F04D011D8A3F5DC
:10D9D0002053032B13D8ADF80A1002220DF10A01CF
:10D9E0002046FFF7DEFF70B16FF01502C4F8082182
:10D9F00006E003F55643FF339BB2042B1DD90125E6
:10DA0000284609B0F0BD7B88ADF80A3002220DF13E
:10DA10000A012046FFF7C5FF0028E5D1009003AAC0
:10DA2000776813233146B847021EDFDB03A920467F
:10DA3000FFF7B7FF0028E2D0D6E7ADF80A100222C0
:10DA40000DF10A012046FFF7ACFF0028CCD17B88FE
:10DA5000ADF80A3002220DF10A01E8E7022A10B5FA
:10DA600008D1002300F170011A46007AECF77CFF20
:10DA7000022010BDEDF778F8FAE7F7B51546BDF8C6
:10DA800020601F46FEF771FE022EADF806000ED88C
:10DA9000C6F10204BC42A8BF3C460DF10603224673
:10DAA0009919284601F024FF204603B0F0BD6FF01D
:10DAB0000604F9E72DE9F0419846BDF818601546CF
:10DAC000E8F778FA0746E1F76BFC83B2B3420CD370
:10DAD0009C1B4445A8BF4446A4B22246B919284617
:10DAE00001F006FF2046BDE8F0816FF00604F9E77B
:10DAF000F7B51F460023BDF820608DF804301546A9
:10DB0000ECF782FE10B1037A8DF80430012E0DD8A7
:10DB1000C6F10104BC42A8BF3C4601AB224699199C
:10DB2000284601F0E5FE204603B0F0BD6FF0060484
:10DB3000F9E713B5C96810460A781C46BDF81030DD
:10DB400092B94A88ADF80620022B18D8C3F1020218
:10DB50009442A8BF144622460DF10601194401F073
:10DB6000C7FE204602B010BD102B01F1010106D8FE
:10DB7000C3F110029442A8BF14462246EEE76FF0AC
:10DB80000604EEE7F7B5C968BDF8206015461F46E4
:10DB9000ECF768FE00B10089ADF80600022E0ED841
:10DBA000C6F10204BC42A8BF3C460DF10603224662
:10DBB0009919284601F09CFE204603B0F0BD6FF095
:10DBC0000604F9E708B50C3029B10121FFF7BCFEC6
:10DBD000C043084008BD6FF00101FFF7C4FE00F02C
:10DBE0000100F7E710B50446FFF7ECFF38B1214616
:10DBF0000122BDE8104011F8010BECF747BE10BD43
:10DC000038B504461546FFF728FE48B12046ECF724
:10DC1000FBFD28B1037ADB0702D50121FFF7E2FF04
:10DC200055B9207A04F17001ECF75AFD20B18560F6
:10DC3000BDE83840ECF780BE38BD13B5044610B9D6
:10DC4000002002B010BD00238DF80430006842F6B9
:10DC5000030301A9ADF80630FEF783FC0028EFD1DD
:10DC6000E36898880028ECD12046EDF7F3FA0130FC
:10DC700080B2E6E7F0B5CC6887B008461F46A379C6
:10DC80008DF80430BDF830601546FFF7D6FF2468E4
:10DC9000ADF8050023789BB96388ADF807300524FB
:10DCA000B44219D3A41BBC42A8BF3C46A4B201ABEA
:10DCB00022469919284601F01BFE204607B0F0BD08
:10DCC000631C0DF10702113453F8041B42F8041BC6
:10DCD000A342F9D11324E3E76FF00604EDE71FB583
:10DCE000CDE90123002300931A46EDF7FBFA05B0B6
:10DCF0005DF804FBEDF7E6BB38B5D4074B8A054663
:10DD000004D513F0950F2BD0486848B3900704D57D
:10DD100013F4957F26D0896821B302EA030414F432
:10DD2000DE7F0DD0EB7A2BB92846FFF72DF8D8B956
:10DD3000052038BD14F0300F04D114F4C07F07D192
:10DD40000020F6E72846FFF765F80228F5D8EFE748
:10DD5000D5F8A030002BEBD05B7BDB06E8D5EFE7F6
:10DD60000220E6E70320E4E70F20E2E72DE9F04197
:10DD700005468846ECF748FD0446E0B1037ADB0728
:10DD800019D500F10C073846FFF705FE10F0010623
:10DD900011D1B8F1000F0FD06FF002013846FFF734
:10DDA000E2FD10F0020F284609D0FFF758FD0121CF
:10DDB0002046FFF717FF01263046BDE8F081FFF748
:10DDC0004CFD0028F8D02846FFF762FD0028F3D06C
:10DDD0006FF002013846FFF7C6FD2846E5E7F8B5C3
:10DDE00006460F46ECF75AFC394604463046FEF725
:10DDF000BEFC68B364B304F108056FF00101284666
:10DE0000FFF7B1FDC20703D539463046EEF7F6F805
:10DE10006FF002012846FFF7A6FD830703D53946B8
:10DE20003046EDF757F92846FFF7B5FD80B9234690
:10DE300003F8010BC4F80100C3F80300BFF35B8FC4
:10DE400055E8003F45E80002002AF9D1BFF35B8F97
:10DE5000F8BD10B50446A0F1170110F8180CFFF733
:10DE6000BEFF14F80C0CA4F10B01BDE81040FFF745
:10DE7000B6BF38B5044659B100F170052946007A9D
:10DE8000EEF7BCF8207A2946BDE83840EDF722B914
:10DE900038BD704707207047FDF7CDBEBFF35B8FDD
:10DEA0000068BFF35B8F084100F00100704710B5B8
:10DEB0000346D9B1C88910F0240F17D01A7D5C7BB6
:10DEC000097BA24228BF2246914201D9002010BD01
:10DED000820604D4187A003818BF0120F7E705211C
:10DEE000181DFFF7DBFF0028F4D1EFE70120EEE774
:10DEF00001238B40DB43BFF35B8F50E8002F1A40B8
:10DF000040E800210029F8D1BFF35B8F7047FDF78F
:10DF10009BBE08B50621FFF7C3F818B9BDE8084055
:10DF2000EEF754B9EC3808BD0720704701238B4049
:10DF3000BFF35B8F50E8002F1A4340E8002100290F
:10DF4000F8D1BFF35B8F704708B50E21FFF7EEFFE6
:10DF5000002008BD70B5051D0E4628460421FFF7B8
:10DF60009DFF68B10022002100230846FFF76DF8ED
:10DF7000044640B904212846FFF7D8FF204670BD6B
:10DF80004FF47022EFE701210C30E6F7FDFD06703B
:10DF9000F4E738B502210446FFF7DCFF054680B1FF
:10DFA00006210C30E6F7F0FDD4F811300360B4F828
:10DFB00015308380002220462946EEF71DF9002007
:10DFC00038BD0820FCE738B504210446FFF7C2FF3E
:10DFD0000546A0B110210C30E6F7D6FD04F1270369
:10DFE00004F1370253F8041B40F8041B9342F9D1A3
:10DFF000204600222946EEF7FFF8002038BD082011
:10E00000FCE770B5D0F8EC30DB78012B044619D171
:10E01000CD68061D10213046FFF76AFF2B4604F13C
:10E02000B70205F1100153F8040B42F8040B8B42C0
:10E03000F9D107213046FFF731FF28B109213046D9
:10E04000FFF774FF002070BD0A213046FFF726FF5E
:10E050000028F3D12046BDE87040EEF775BA0720DE
:10E06000704730B5012303FA01F1CA43BFF35B8F58
:10E0700050E8003F03EA020440E80045002DF7D1D4
:10E08000BFF35B8F194214BF0120002030BD70B573
:10E0900000F1700604460D4607220968304601F07B
:10E0A00057FC40B96B681A6822679A88A4F87420F4
:10E0B0009B7984F8763070BD38B50446031D002581
:10E0C000BFF35B8F53E8002F43E800510029F9D1DB
:10E0D000BFF35B8F04F5A470F6F7ECFE2572BFF377
:10E0E0005B8F54E8003F44E80052002AF9D1BFF3A7
:10E0F0005B8F20460121BDE83840FFF717BFF0B520
:10E1000089B0DDE90E67054630788DF80000387873
:10E110008DF801001068CDF8020090889279109C6B
:10E120008DF808201A68CDF809209A889B79ADF8F7
:10E130000600ADF80D208DF80F3001F1100C2246CD
:10E14000684611F8013B10F801EB614583EA0E03C4
:10E1500002F8013BF5D122462146284601F013F88A
:10E16000034628BBB7F80520ADF81420D6F80120E7
:10E17000D7F80100CDF81620B6F8052004900793D3
:10E18000ADF81A2004F11000234604A913F8016B1E
:10E1900011F8012B834282EA060203F8012CF5D123
:10E1A00022462146284609B0BDE8F04000F0EBBF0A
:10E1B00009B0F0BDF0B5071D85B004460A21384608
:10E1C000FFF76CFE88BB04212046FFF7AFFE03215A
:10E1D000D4F8EC60FFF7BEFE0546C0B110210C304C
:10E1E000E6F7D2FC06F17E037736029001930096A3
:10E1F00004F1100304F1090204F1270104F14700BE
:10E20000FFF77DFF064628B12846E6F78FFB08207A
:10E2100005B0F0BD024629462046EDF7EDFF314638
:10E220003846FFF765FE0020F2E700213846FFF789
:10E230007DFEF8E72DE9F7430B9FCDE90023044667
:10E24000FFF767FE0546002800F08580BDF82880AE
:10E25000061DB8F1000F2AD1DDE90032134326D1A3
:10E2600003213046FFF71AFE002858D0012130461E
:10E27000FFF714FE002852D02C7D6B7B9C4228BFF8
:10E280001C46224605F14701384601F031FB0F2CB0
:10E2900005D8C4F110020021381901F051FB3046B5
:10E2A0000121FFF743FE012003B0BDE8F083D4F85D
:10E2B000A030BBB904F17009217A4A462020EFF75B
:10E2C000BDFCC4F8A00030B9217A4A460120EFF71E
:10E2D000B5FCC4F8A000B8F1000F03D1DDE90032AD
:10E2E000134320D0D4F8A080B8F1000F26D0B8F89E
:10E2F0000E30DB0722D50822694608F1400001F004
:10E3000027FBD8B902220AA908F1480001F020FB36
:10E31000A0B998F80C4008F14A012246B4E7D4F8B5
:10E32000A030002BC6D0D4F8A0100029DAD0CB89B9
:10E330009A06D7D50C7B1A312246A5E70F21304625
:10E34000FFF7ACFD20B1022206212046EAF774FB5C
:10E350002846FFF7B1FE0020A6E76FF08500704762
:10E3600038B5FFF7D6FD044610B96FF0150038BD7B
:10E37000051D0A212846FFF774FE0028F5D0072165
:10E380002846FFF78BFD28B109212846FFF7CEFD6F
:10E390000020ECE710212846FFF780FD0921002826
:10E3A000F3D12846FFF77AFD0028F1D02046EEF79A
:10E3B000CBF801460028EBD02046EEF7FDFEE7E75C
:10E3C00070B504460820EDF7AFFE0546E0B1061D26
:10E3D00008213046FFF78CFDBCB30721FFF788FD0D
:10E3E000234605F1970204F1200153F8040B42F88B
:10E3F000040B8B42F9D10A213046FFF74FFD70B173
:10E4000009213046FFF792FD0720EDF78DFE044607
:10E41000E8B1EDF72FFF0146C8B1204612E0102108
:10E420003046FFF73BFD09210028EAD13046FFF7CF
:10E4300035FD0028E8D02846EEF786F8014600288A
:10E44000E2D02846EEF7B8FEDEE70B21F9E770BD13
:10E4500070B50446A0F1EC0650F85C3BE83CD3F8FC
:10E46000A050F6F727FD03212046FFF717FDA0B1C6
:10E4700008213046EEF70AFE3DB1EB8913B16B7B04
:10E480009B0702D52846EFF7B9FC30464FF4C0721F
:10E49000BDE87040002101F053BA01212046FFF78A
:10E4A000FDFC0028E4D10F212046FFF7F7FC0028EF
:10E4B000DED1E1E710B5431E00F11002073013F87A
:10E4C000011F12F8014D1C7083421170F7D110BD6D
:10E4D000F0B597B014460E462022014605A81D4609
:10E4E0001C9FEFF791FD202231460DA8EFF78CFD20
:10E4F0002146102201A88DF85450EFF785FD3B46C8
:10E50000412205A901A800F058F8044610B9384680
:10E51000FFF7D0FF204617B0F0BD2DE9F04397B0CC
:10E520000446164605A810221D46DDE91F98219FC6
:10E53000EFF76AFD1022314609A8EFF765FD1022BA
:10E5400029460DA8EFF760FD1E99032211A8EFF7E9
:10E550005BFD4946D9F8010011F8013B8DF84730C1
:10E5600012908B88ADF84C30062212A8EFF74CFDC4
:10E570004146062211F8013B8DF84E30D8F80130A3
:10E58000CDF84F300DF14F008B88ADF85330EFF7D9
:10E590003BFD2146102201A8EFF736FD3B46412204
:10E5A00005A901A800F009F8044610B93846FFF79C
:10E5B00081FF204617B0BDE8F08370B5C2B00D46AC
:10E5C0001646014616AA68461C46FDF724FE18B9F1
:10E5D0006FF0040042B070BD324629466846FDF730
:10E5E00045FE0028F4D069462046FDF7A9FE002824
:10E5F000EED00020EEE7F8B5069F0469C9B2EFF34C
:10E600001186402585F31288BFF36F8F0C2569436F
:10E610000C44A56C05F0070CBCF1010F0BD1A764ED
:10E6200086F31188BFF36F8FC4E9102343685B58EA
:10E6300098470020F8BD05F0C005AF4286F3118869
:10E64000BFF36F8F0CBF6FF077004FF0FF30F1E733
:10E6500013B580240094FFF7CEFF02B010BD00690F
:10E66000CBB200EB4310002110470020F3F77EBA35
:10E670000020F3F7A3BA1046F5F710BE8022EFF79B
:10E68000BFBD0020704738B50C461546E7F786FC3D
:10E6900028B129462046BDE83840E7F7C9BE6FF0EB
:10E6A0000A0038BD002208B511461046F9F7C2FA33
:10E6B000002818BF6FF0150008BD18B901F1180047
:10E6C000F5F7ECBD704710B50269BFF35B8F0446E8
:10E6D00002F1300353E8001F013943E8001000281D
:10E6E000F8D1BFF35B8F92F8343013B909B9F4F75E
:10E6F00065FD2069BDE81040F5F7D0BD0369BFF3A3
:10E700005B8F303353E8001F013143E80012002AC9
:10E71000F8D1BFF35B8F00694FF0FF324FF0FF334A
:10E72000F5F7FEBD7FB5FF238DF803300DF1030330
:10E73000002101930123CDE9023105238DF80C302E
:10E7400003A801AB04910593F0F78CF90028A8BF4A
:10E750009DF8030007B05DF804FB1FB50021884257
:10E760000CBF0623042301A8CDE9011103918DF804
:10E770000430F0F777F9002818BF6FF0040005B0F7
:10E780005DF804FB38B505460C4600F016FE002D7A
:10E7900007DBA84205D9401B84428CBF0020012022
:10E7A00038BD0020FCE770B50D46284619461646D0
:10E7B0001C46FFF7E7FF28B921462846BDE8704010
:10E7C000F0F798BC24B122462946304601F090F873
:10E7D000002070BDF7B51C461646002382682360F2
:10E7E000A36013690D4601AA69469847019B5A1E0A
:10E7F00001921BB96FF0150003B0F0BD0098A2683C
:10E8000047682168676085B9B31AD0F800C06345CE
:10E8100028BF63461A4403FB07112160A260026807
:10E820009A4206D808300090E0E76B1AB3FBF7F382
:10E83000EBE70020E0E713460022FFF7CBBF2DE90E
:10E84000F047836886B01B698846914601A902AAF1
:10E8500098470024A2462546029BAB4202D806B048
:10E86000BDE8F087019F07EBC50700267B6804938E
:10E870003A68B2420AEB060302D801359A46EBE742
:10E8800003940593494603A8C0470028E7D0049B9A
:10E8900001361C44ECE743685B68D3F810350B6025
:10E8A0000020704743685B6802EA010021EA020128
:10E8B000C3F80805C3F80C150020704743685B686F
:10E8C0000020C3F80815704743685B680020C3F850
:10E8D0000C15704743685A68D2F8043521EA0300E2
:10E8E0000B40C2F80805C2F80C350020704730B55F
:10E8F00043681360057A446804EBC504A34202D35D
:10E900006FF0010030BD5C798C4201D00833F0E734
:10E910000020F7E743681B68D3F88004C3F880043D
:10E92000704703691A6813680BB15268184770473B
:10E9300070B586B0066904460D461422002101A870
:10E9400000F0FEFF02238DF8043033681B6C029345
:10E9500033689B6C01A92046CDE90335FFF7E1FF41
:10E9600006B070BD30B587B004460D4614220021B4
:10E9700001A800F0E5FF04230DEB030120468DF80C
:10E9800004300295FFF7CDFF07B030BD10B586B05B
:10E9900004461422002101A800F0D2FF052301A99A
:10E9A00020468DF80430FFF7BCFF06B010BD30B52F
:10E9B00003691C6843681B68EFF31185402080F3EE
:10E9C0001288BFF36F8F206CB0B1E06CB8B9042A25
:10E9D000C4E91312C3F83415C3F8382505D800204C
:10E9E00085F31188BFF36F8F30BDD3F8002242F05A
:10E9F0002002C3F80022F2E76FF00C00F0E76FF09E
:10EA00000F00EDE70369186820B101601B68002062
:10EA10005A6070476FF08500704710B54268006912
:10EA20001368006860B9D3F8104164B1D26A1278F3
:10EA30000A70C3F81001D3F8102101221A6010BD2A
:10EA40006FF08500FBE74FF0FF30F8E738B503695A
:10EA50001D6843681C682B6C1BB305F1080000F0AF
:10EA6000A1FEEFF31182402383F31288BFF36F8F6F
:10EA7000EB6C53B1D4F8003223F02003C4F8003219
:10EA80000023C4F84C31D4F84C310123002085F820
:10EA9000610085F86230636082F31188BFF36F8F85
:10EAA00038BD6FF00D00FBE710B503691968D1F8A8
:10EAB000A420D1F8B040121B13D0082A28BF082286
:10EAC0004068C1F8AC201968006AC1F8A8001B684A
:10EAD000D3F8A010D3F8B030194400F009FF01209A
:10EAE00010BD1046FCE702680346D2F8580140B951
:10EAF0005B68DB0706D4D2F82001003818BF01207C
:10EB000070470120704710B544682368C3F8441566
:10EB1000C3F848250022C3F82021D3F82011C3F8F8
:10EB20005821D3F85821626851070BD501698A68CA
:10EB300042F001048C60920701BF4268126808210C
:10EB4000C2F8001501229A6010BD10B543681B6819
:10EB50004FF48002C3F8042304464068FFF7C3FF64
:10EB60000B6818B9012283F8B82010BD002283F881
:10EB7000B8200B684FF0FF32C3F8B4200B68204672
:10EB8000D3E92A12BDE81040FFF7BDBF37B5426B8D
:10EB9000536812691B681068D3F808217AB1002203
:10EBA000C3F80821D3F808314265D0E916230024C0
:10EBB0000025CDE900450830F8F724F806E0426D5D
:10EBC0000132042A4265F0D101225A6003B030BDFF
:10EBD0002DE9F04F436807691D68D7F80080D5F824
:10EBE0000463D5F8083189B00446DBB1710719D543
:10EBF0000022C5F808214168D5F808310369D1F829
:10EC0000009019684A651868D0E916234FF0000A89
:10EC10004FF0000BCDE900AB0830F7F7F3FF04230A
:10EC2000C9F80833D5F824315BB3B20529D50021E2
:10EC3000C5F82411D5F824316368D3F800A0DAF8B8
:10EC40008094142203A800F07BFE062319F0010F24
:10EC50008DF80C3040F0628119F0020F40F06081B5
:10EC600019F0040F40F05E8109F008038DF81030B0
:10EC70002046CAF8809403A9FFF753FE2046FFF709
:10EC8000E5FED5F81031002B55D0F30653D54FF0E3
:10EC9000000BC5F810B1D5F81031C5F810B1D5F892
:10ECA00010312369D3F800906368D3F800A009F10C
:10ECB000080000F077FD99F86010D9F84830DAF8CC
:10ECC0003C2589F860B0C91A1144594502DD204637
:10ECD000FFF72EFED9F840102046FFF743FED9F883
:10ECE0004C30C9F84030D9F85030C9F844300023CE
:10ECF000C9E91333C9F8483099F86130DBB1EFF353
:10ED00001182402383F31288BFF36F8FD9F840300C
:10ED1000002B00F00981DAF84C3113B90123CAF84D
:10ED20000030DAF8003223F02003CAF8003282F310
:10ED30001188BFF36F8F30031FD5D5F84C31E3B185
:10ED4000D5F81011C9B9C5F84C11142203A8D5F88B
:10ED50004C3100F0F5FD03238DF80C3023691A685F
:10ED6000D2E9163213431FBF63681B680422C3F83D
:10ED7000042303A92046FFF7D4FDB10348D5D5F8F5
:10ED80004431002B44D0D5F810A1BAF1000F3FD187
:10ED9000C5F844A1D5F844312369D4F804B0D3F8B8
:10EDA0000090D9F8401021B12046FFF7DBFDC9F8EB
:10EDB00040A0002389F8613099F86220002A00F011
:10EDC000B78089F8623063681B680022C3F80821A5
:10EDD000D3F80831DBF804305B0716D5EFF3118167
:10EDE000402383F31288BFF36F8F2269936823F067
:10EDF0000200906013F0010302BF62681268C2F85B
:10EE0000003581F31188BFF36F8F2046FFF7BEFDF9
:10EE1000F00519D5D5F82031B3B163681B68EFF35D
:10EE20001182402181F31288BFF36F8FD3F8201134
:10EE300031B10021C3F82011D3F820110121D9608C
:10EE400082F31188BFF36F8F710245D5D5F8583121
:10EE5000002B41D063682569D3F80090EFF311814E
:10EE6000402282F31288BFF36F8F2A685B68D2F862
:10EE7000B4000028ACBFD2F8B460D9F84C655A078A
:10EE80000FD54FF48003C9F808332269936823F043
:10EE90000100906013F0020302BF62681268C2F8BA
:10EEA000003581F31188BFF36F8F2B68D3F8A02052
:10EEB00092B193F8B81000295ED0EFF31186402389
:10EEC00083F31288BFF36F8F29462046FFF73DFE7C
:10EED00086F31188BFF36F8F0837BFF35B8F57E856
:10EEE000003F23F0040247E800210029F7D1BFF3D7
:10EEF0005B8F5B077DD5D8F844102046FFF718FDDF
:10EF00002046D8F84010FFF72DFD00232046C8E921
:10EF1000103309B0BDE8F04FFFF738BD0123A5E677
:10EF20000223A3E60423A1E60123CAF80430FEE687
:10EF3000DBF804305A077FF546AF62681368526AFF
:10EF4000C3F834250522C3F838250122DA62D3F844
:10EF50001021002AFBD00021C3F81011D3F8102192
:10EF6000D3F84C212AB1C3F84C11D3F84C21D3F873
:10EF70003C2589F8602026E7D3F8A8108A4210D0F3
:10EF8000D3F8AC10D3F8B020B14232442FD1C3F83B
:10EF9000B0202046FFF788FD00288ED12B68D3F8DB
:10EFA000B0602868683000F0FDFB1422002103A83F
:10EFB00000F0C6FC2B68D3F8A030CDE904362B68EE
:10EFC000D3F8A4309E421CBF01238DF80C304FF4BF
:10EFD0008003C9F808332A680023C2F8A0302A68E1
:10EFE00003A9C2F8A4302046FFF79BFC74E716463D
:10EFF000D7E709B0BDE8F08F38B5426803691568F6
:10F000001A68D2F8A01051B1002482F8B8401868EC
:10F01000683000F0C7FB0123EB60204638BD6FF07D
:10F020000D00FBE7406BFFF7E7BF08B5F0F76CFF9B
:10F0300008BD0A460121FCF7FEBD40EA01030F2B83
:10F0400001D8F1F7CDBA6FF0150070470121F1F743
:10F0500021BD0021F1F71EBD10B5F2F779FC4FF08C
:10F06000FF304FF0FF31F1F733FD044620B9D1F7FF
:10F070000DFD0446F1F734FD204610BD38B50B8A6E
:10F080000D4673B30B7EA3B1022B2AD14FF0FF3094
:10F090004FF0FF31F1F71CFD044640B9E868DCF79A
:10F0A000EBFC0446F1F71CFDB4B1F1F773FD20460B
:10F0B00038BD4FF0FF304FF0FF31F1F709FD044646
:10F0C0000028F4D1E868F1F71BFF0446F1F708FDCA
:10F0D000002CECD1F1F75EFD2846E5F727FC002473
:10F0E000E5E76FF01504E2E7F1F768BE10B53122ED
:10F0F0000446002100F024FC202323708023A37009
:10F100006FF03F0363710423A3722823A3730223C8
:10F11000E3730423A3756FF0080363766FF03C0379
:10F12000A3766FF00C03E3767E232377302384F8F5
:10F1300020306FF03F0384F821307F2384F82230A1
:10F140006FF0010384F82330012384F824308023F6
:10F1500084F82630042384F8273084F829304023AB
:10F1600084F82D3010BD002303604360037823F042
:10F170007D0343F07D030370437823F0410343F0A4
:10F1800041034370704708B50323DBF76FFF00208E
:10F1900008BD0021F2F7FEBB90F84010012901D80C
:10F1A000F2F7F8BB12207047684620F007018D4641
:10F1B00001B5D9F739FDE4F7CBFABDE80140854642
:10F1C0007047684620F007018D4601B5D9F7F8FC75
:10F1D000BDE8014085467047684620F007018D462E
:10F1E00001B5D9F723FAE4F7B3FABDE80140854643
:10F1F000704708B5DFF796FE002008BDF8F7C4BCDD
:10F2000008B5E4F739F9E4F70DFABDE80840F8F776
:10F21000BBBC7047D8F762BD08B5DBF7F1FD30B174
:10F22000EFF305800338032894BF0020012008BDB8
:10F230007047004700F0DCB8C00000F1804000F5E6
:10F24000F830C0F81015C0F814257047F3F77ABCF1
:10F2500043090AD0012B0BD14FF6FF7300F01F00BA
:10F2600023FA00F000F0010070474FF0FF33F5E79C
:10F27000002070472DE9F341019001A8DDE908580D
:10F280000C4617461E46F2F763FF019B391E18BF56
:10F29000012100EB8300231E18BF0123002E43EA47
:10F2A000410314BF0C210021002D43EA010314BFC8
:10F2B0004FF4E0610021B8F1000F43EA0103D0F8F8
:10F2C000002714BF4FF4403100210B4322EA03030F
:10F2D00004B124780FB13F787F001C430EB136781B
:10F2E000B6003C438DB1297809023443B8F1000FD0
:10F2F00003D098F800804FEA0848214341EA08010A
:10F30000C0F8001702B0BDE8F0812946EDE71FB54F
:10F310000DF10F03019300238DF80F1000931A468F
:10F320001946FFF7A7FF05B05DF804FB08B50146D5
:10F33000F2F788FF10B10846F2F79EFF00F00100D7
:10F3400008BD38B5054608460C46F2F795FFB0B142
:10F350000846F2F777FF90B90846F2F767FF2A6888
:10F3600001238340C2F808332A6803B202EB830307
:10F37000D3F8102522F00302C3F8102538BD20462B
:10F380000021BDE83840FFF7C2BFF3F713B8FFF71D
:10F39000D8BF034608464FF080510A6949694A437D
:10F3A000934208D340B1A3F11023B3F5427F2CBFA1
:10F3B000002001207047012070474FF080531A69E8
:10F3C0005869504370474FF08053186970474FF0A9
:10F3D0008053586970470223F3F7FEBB0323F3F70A
:10F3E000FBBBF3F7E7BF08B5FFF7FBFF002008BD45
:10F3F00008B1E5F709BC704740B1C368587810F010
:10F4000001001EBF1878B0FA80F040097047EFF392
:10F410001183402383F31288BFF36F8FFEE710B58B
:10F42000D0E9003433B90020E268537843F0010397
:10F43000537010BD204698470028F4D00028B8BF6C
:10F440004042E368FF28A8BFFF201870ECE700F0F7
:10F4500077BA00F04DBA704710B400F10C04C0E95F
:10F46000034410BCE1F778B98169C36843EA01023B
:10F4700012F003020FD102614269013A01FB02332B
:10F48000C2689A4201D90020704702691A608269F5
:10F4900003619B1AF4E76FF01500704710B5C0E9DF
:10F4A00005320023C160C36183600446FFF7DCFFBF
:10F4B0000028A8BFC4E9004410BD90F90E308B426B
:10F4C00001D0F6F7E5BA0020704703460020C3E9F3
:10F4D0000200C3E90033704710B5044630B102683A
:10F4E000930703D0446809B100F0F7F9204610BD36
:10F4F0000023C0E90033836000F10C03C0E903334B
:10F5000000F11403C0E90533704707B501230093E8
:10F5100000230A461946F4F7BBFD03B05DF804FB6F
:10F5200007B500230A4600931946F4F7B1FD03B06E
:10F530005DF804FB00680021FFF7CEBF5AB18A4294
:10F5400009D300F11003C0E90212C0E90000C0E9CC
:10F550000433002070476FF01500704702680123E4
:10F560008B4022EA0303036022FA01F000F001005D
:10F570007047704710B5032104460C30FFF7EEFFCB
:10F5800030B104F11000F7F73BF9B0FA80F0400910
:10F5900010BD20B1002211468830F6F797BE7047A3
:10F5A00070B5C368C3F340069B07044616D485684C
:10F5B00002210C30FFF7D2FF80B1D5F880206AB16C
:10F5C00094421DD122689EB9D5F88430C5F88020B8
:10F5D0009C4201D1C5F8842000232360E36813F026
:10F5E0001F001EBF43F00203E36040F0020070BD45
:10F5F0003260D5F88420944208BFC5F88460EBE7F8
:10F6000016461268DBE710B5F5F7ACF9041E08DD05
:10F61000EFF31180402383F31288BFF36F8FF6F767
:10F6200061FB204610BDEFF30580003818BF0120B4
:10F6300070476FF05700704700207047F6F700BB27
:10F64000D0E9003213605A600023C0E900337047EC
:10F6500038B504460D46F5F70DFE637B43F0020313
:10F660006373E5B1A5602B689D4209D16B68C4E95D
:10F6700000531C606C6012E06A689A42F6D01B6806
:10F68000002BF3D094F90E2093F90E108A42F3D098
:10F690009142F1DD5A68C4E9003214605C6038BD03
:10F6A00090F90E3091F90E00834214BFC01A002069
:10F6B000704701211838F6F76DB810B50446F6F713
:10F6C00021F804F11800BDE81040F7F799B838B5F3
:10F6D00004680546AC424FF0000000D138BD002C54
:10F6E000FCD02046FFF7E9FF2046F5F775FF2C68B0
:10F6F0000120A542F1E708B5F7F77EF908BDF7F755
:10F700007BB9B3F1FF3F08BFB2F1FF3F70B50446CC
:10F710001D46164613D01A4315D06FF00102921BF6
:10F720004FF0FF3363EB0501002904DAF7F764F9C2
:10F73000821941EB0501C4E90021204670BD4FF05C
:10F74000FF321146F7E70022FBE7B3F1FF3F08BFA6
:10F75000B2F1FF3FF8B5074616461C4610D054EAF2
:10F76000020311D0F7F748F9B0420A46A141034617
:10F770000AD2F31A64EB0204C7E900343846F8BD34
:10F780004FF0FF331C46F7E70023FBE70023C0E9F7
:10F79000081200F11802C0E90622C0E90033036331
:10F7A0004363704710B50446F7F72AF8A8B9636AAF
:10F7B0000BB12046984704F11800F6F7C9F860B17C
:10F7C000F5F70AFFEFF31180402383F31288BFF3AC
:10F7D0006F8FBDE81040F6F785BA10BDF8B50D463D
:10F7E000D0E900138842044605D16368C5E90043A7
:10F7F0001D6065601DE0002BF7D0986800B160388F
:10F80000A2F160073946FFF74BFF0028EDDC2668C0
:10F81000B442EAD0002EE8D0B16801B16039384670
:10F82000FFF73EFF002805DD7368C5E900631D6032
:10F830007560F8BD63689E42D7D03668EAE72DE967
:10F84000F041846805460E46ECB16378012B25D162
:10F8500014F8533C9A0714D5A4F160073846FFF713
:10F860002CFF082E0CBF6FF003030023E36114F894
:10F87000533CDB0605D154F8483C13B93846F5F73C
:10F88000ABFE00232370EB68C3F3863216430020DF
:10F8900066F39433A860EB60BDE8F081022BF0D1F1
:10F8A0002378002BEDD054F8048CB8F1000FE8D089
:10F8B00004F11400F6F7A4FFA4F114070023E36297
:10F8C00039464046F5F74EF8DBE70023C0E9000073
:10F8D0008360704700238360704720B1011F50F898
:10F8E000040CF4F7C9B8704701460420F7F792BD3D
:10F8F0000A44914200F1FF3300D1704710B511F86E
:10F90000014B03F8014F9142F9D110BD884210B567
:10F9100001EB020402D98442234607D8431EA142C8
:10F9200008D011F8012B03F8012FF8E70244014633
:10F930008A4200D110BD13F8014D02F8014DF7E7DE
:10F9400002440346934200D1704703F8011BF9E7D4
:10F9500010B501390244904201D1002005E003783E
:10F9600011F8014FA34201D0181B10BD0130F2E77E
:10F9700010B56AB10139841810F8012B11F8013F54
:10F980009A4203D1A04201D0002AF5D1D01A10BD6D
:10F990001046FCE710B5024601448A42134603D0E4
:10F9A0001C780132002CF8D1181A10BDF0B5C3F143
:10F9B00037070446FFB203F01F031046082BE6B2D8
:10F9C00033D0102B3ED06508A40844EA817445EA80
:10F9D000C1752D194FEA910242EB5102290941EA02
:10F9E00002716D1842EB1212290A41EA02616D1888
:10F9F00042EB1222290C41EA02416D1842EB1242FD
:10FA0000AD1842F10002EC0844EA4274D10804EB5C
:10FA10008402A6EB4205EDB2092D0CD90134A5F103
:10FA20000A0541F10001EDB212E0E40844EA417434
:10FA300006F00705C908303554EA010200F8015BF9
:10FA4000BCD1F0BD240944EA017406F00F05090990
:10FA5000092D84BFED19EDB2EDE7D1E904329342EF
:10FA60001EBF5A1C0A6118707047000001480068E8
:10FA7000704700006C38002004F9FD7F0100000091
:10FA8000C54B010000000000A1E2010050FB020094
:10FA9000E7F3020000000000ED3802000000000063
:10FAA000213B020000000000ADF4010078FB0200E1
:10FAB000ADF4010064FB02002D1A020000000000FA
:10FAC000F3F1020000000000FDF102000000000060
:10FAD00083E60200A0FB0200A5E60200B4FB0200E0
:10FAE0002DE801008CFB020045FA0100C8FB020072
:10FAF000C5E50100000000006501020000000000F3
:10FB00001D4C010000000000092001000000000061
:10FB1000BD44010000000000151B020000000000B1
:10FB200001F2020000000000914402000000000009
:10FB3000DDEA0100DCFB020019F10100F0FB02002C
:10FB4000E50C020004FC020045500100000000002A
:10FB5000964D03003C080300540803001B0C0020D2
:10FB6000783A0020DF5103002C0903005C090300F0
:10FB7000270C0020483B0020ED51030044090300FE
:10FB80005C090300290C0020543B0020114E0300A7
:10FB900000000000700803001D0C0020D43A002073
:10FBA000214E030000000000780803001F0C002015
:10FBB00000000000734E03000000000080080300F6
:10FBC000210C0020000000006F5203008009030098
:10FBD000D40903002B0C0020F00A0020355003004C
:10FBE00090080300F4080300230C0020B80A00204A
:10FBF000A55003000000000010090300250C0020A0
:10FC000000000000895B030000000000380A0300C8
:10FC10002D0C0020A83B002015F2020033F2020058
:10FC200000000000CBC30200C8FB0200D1EB0200C1
:10FC300000000000CBC3020000000000CBC30200A4
:10FC400000000000CBC302009528020033F202003E
:10FC500000000000CBC3020000000000CBC3020084
:10FC600000000000CBC3020000000000CBC3020074
:10FC700000000000CBC3020000000000CBC3020064
:10FC8000D43A0020C9E8010000000000CBC3020004
:10FC900000000000CBC3020000000000CBC3020044
:10FCA000000000004DFF010000000000CBC3020077
:10FCB00000000000CBC3020000000000CBC3020024
:10FCC00000000000CBC3020000000000CBC3020014
:10FCD00000000000CBC3020000000000CBC3020004
:10FCE00000000000D11A020000000000CBC3020097
:10FCF00000000000CBC3020000000000CBC30200E4
:10FD000000000000CBC3020000000000CBC30200D3
:10FD100000000000CBC3020000000000CBC30200C3
:10FD200000000000CBC3020000000000CBC30200B3
:10FD300000000000CBC3020000000000CBC30200A3
:10FD400000000000CBC3020000000000CBC3020093
:10FD500000000000CBC3020000000000CBC3020083
:10FD60002133020033F2020000000000CBC3020086
:10FD700000000000CBC3020000000000CBC3020063
:10FD800000000000CBC3020000000000CBC3020053
:10FD900000000000CBC30200A01C0020804A00200D
:10FDA000000400007D0201000000000000000000CF
:10FDB000000000000700000000000000A011030088
:10FDC000000000000000000005000000B58E0100EA
:10FDD0000000000006000000E9C90100000000006A
:10FDE000040000008594010000000000B1FE000046
:10FDF00031FE0000000000000000000000000000D4
:10FE000000000000C5FC00000000000064060300C4
:10FE10000800000004070300070000004803030077
:10FE20000600000018360300030000005B410300D9
:10FE300003000000A6290300030000008E3C03001D
:10FE4000030000002B4D030003000000AD29030058
:10FE500003000000E636030003000000AB46030089
:10FE6000030000007932030003000000893503001D
:10FE700003000000584C030003000000893E03000B
:10FE800003000000151D030003000000812703008C
:10FE900003000000A65B030003000000125C0300E7
:10FEA00003000000945B030003000000A42803008B
:10FEB00003000000414B0300030000002B1503006A
:10FEC00003000000B14D030003000000FB580300D5
:10FED00003000000C727030003000000BF50030019
:10FEE00003000000C25D030003000000BB16030016
:10FEF00003000000B7180300030000007F1903008F
:10FF0000030000001A1A030003000000795C0300DC
:10FF1000030000003124030003000000A2260300B8
:10FF2000030000003D270300030000001A620300E5
:10FF300003000000C811030003000000425003004A
:10FF400003000000A728030003000000522703005D
:10FF5000030000007D520300030000001C030300A7
:10FF6000143300209C1B030001000000A1280300A3
:10FF700000000000F54C0100914F0100000000005E
:10FF8000CE4403000000000013D90200000000006E
:10FF9000000000009F4603000000000095AF010034
:10FFA0000000000000000000974603000000000071
:10FFB000ADA701003DB5010000000000504C03005A
:10FFC0000000000049DE010029DC01000000000003
:10FFD000A546030000000000ADAB0100D9AA010056
:04FFE000000000001D
:10FFF0000000000001000000A0000000F000000070
:020000040003F7
:1000000000000000000000000000000100000002ED
:1000100000000004000000080000001000000020A4
:1000200000000040000000800000001B00000036BF
:100030007E31030083310300873103008B310300DD
:100040008F31030093310300973103009B3103008C
:100050009F310300A3310300A7310300AB3103003C
:10006000AF310300B3310300B7310300FF000000DC
:10007000FF000000FF000000FF000000FF00000084
:10008000FF000000FF000000FF000000FF00000074
:10009000FF000000FF000000FF000000DC64030020
:1000A00000010000F401FA00960064004B003200E9
:1000B0001E0014000A0005000200010001000100FA
:1000C000000101000001000100000100010000002A
:1000D00001000B0002000A00050009000A000800E8
:1000E000140007001E000600320005004B0004004B
:1000F0006400030096000200FA000100F401000011
:100100000C0802170D010102090901010602091874
:100110001803010109090303050302012302022454
:100120000910040405050B0B040B2B1B1B151A1AD5
:100130001C021D16130501490D150500A301B1038D
:10014000BF05EF024906A309C505F50B25120E02EE
:100150001C045A03B4063006600C000001000000C5
:10016000101100400000000000000000000000002E
:10017000000000000406080A0C0E10121416181CC9
:100180001E20222426282A2C2E30323436383A3C9F
:100190003E40424446484A4C4E021A500000340841
:1001A000E80300002CA6E0A10000000028000000E9
:1001B0001800000000000000141E000030110000B4
:1001C0000000000070170000A00F00000000DC0518
:1001D000E803000000000000141E000030110000C1
:1001E00000010302D8ECF0F4F8FC00020304050659
:1001F00007080000000000000000000000000000F0
:1002000000000000000001010101020202020303DC
:100210000303040404040505050506060608090091
:1002200000000000000000000000000000000000CE
:1002300000000001010101020202020303030304A2
:100240000404040505050506060708090A0B0C0D3C
:1002500006080801020600100200FA000000000073
:100260005DF3000069F300006DF3000075F300001A
:1002700079F3000001030062746C65000000000067
:10028000000000000000000000000000000000006E
:10029000000000000000000000000000000000005E
:1002A000000000000000000000010000000000004D
:1002B0000338FDD87047000007100000080C00202C
:1002C00001010000180C002009130000B411030004
:1002D000D01D00200001000061BB02001FBB020016
:1002E00002000000C7BC0200000000000000000087
:1002F00000000000000000007C1B0300841B0300C2
:100300000000000000000000000000008C1B030043
:10031000901B0300941B0300981B0300B92C0100E1
:10032000AD2C0100DD2C0100952C01000000000027
:10033000A12C010000000000392D01001C33002019
:100340005948002010000000040D030033DB0200B8
:1003500000000000041D030000000100000D030068
:1003600075DC02000000000074090020000001009C
:10037000E21C03000000000000000000000000007C
:1003800000000100FC0C030085DB02008DAD0100C4
:100390005C09002000000300F80C030075DC02007B
:1003A000000000005409002000000100C01C0300F0
:1003B00000000000313301000000000000000300D5
:1003C00003000000000000000000000000800F009B
:1003D000F0FB02000100000000800F000020000080
:1003E000F0FB02000200000000A00F00006000000F
:1003F000F0FB020000000000ABC3020098090020DF
:1004000090090020880900200000000080090020D9
:100410009135010085340100D934010039350100DE
:10042000C00400200000000000000B0602000000D5
:1004300034040300000000002A2603002600020204
:10044000000000203226030022000B114D45010060
:10045000000000004FC402004C04030064040300C9
:100460004A000000388D00204C040300740403008F
:100470002E0000005C9100204C0403008404030063
:10048000020100003C920020BB310300D93103007F
:10049000F431030004320300113203001A32030066
:1004A00021320300283203002F32030037320300C9
:1004B000113203003F320300513203006632030061
:1004C0000E030000816801000F0400004D68010068
:1004D0001A010000C952010005040000E1520100A8
:1004E00013010000CD590100FF0100003957010040
:1004F0003E01000019570100050400002D530100C2
:10050000080400003D5C010030030000B55B010001
:1005100010010000D553010001120000D167010055
:100520000A1E0000EDC70200030900000159010086
:10053000040B0000BD540100060A0000E560010044
:10054000070A0000A55301000C05000071530100CB
:10055000050C000025600100084100001179010030
:1005600009210000957901004C0403007405030083
:10057000470000005C9300200D3C03001A3C030080
:100580003A3C03002E3C0300453C03005C3C030066
:100590006C3C03001E3F0300803C03004C0403003E
:1005A000A805030000000000249400204C04030070
:1005B000B80503004A0000004C940020CDCE020094
:1005C00005CF020000000000000000000000000055
:1005D0004192010000000000000000000000000047
:1005E000000000000202010083D7020004040100A1
:1005F0003DA20100060601007DA1010008040100E2
:1006000085A001000A0201006BD702000C04010062
:1006100053D702000E040100599F0100200401007D
:10062000BD9E010010040100CD9D010012020100D9
:1006300007D7020016040100FBD0020018010100D8
:1006400039D402001E000400D7D702005202000075
:100650002DD702004C040300600603004C0000008C
:10066000A4950020340D030033DB020000000000DD
:10067000300D0300000001002C0D030075DC0200AA
:1006800000000000780A002000000100240D030093
:10069000000000000000000000000000000000005A
:1006A000200D030085DB02008DAD0100800A0020D3
:1006B000000003001C0D030075DC020000000000B8
:1006C000700A002000000100140D0300F1DA02009E
:1006D000B1AE01000000000000000300100D030097
:1006E00075DC020000000000680A00200000010024
:1006F000080D030045B401000000000000000000E8
:1007000000000100600D030033DB02000000000068
:100710005C0D030000000100580D030075DC0200B1
:1007200000000000A80A002000000100500D030096
:10073000B5DA020000000000000000000000010027
:100740004C0D030075DC020000000000A00A002030
:1007500000000100440D03007BDA020000000000ED
:100760000000000000000100400D030075DC0200E5
:1007700000000000980A002000000100380D03006E
:10078000B5AC010000000000000000000000010006
:10079000CDC6010051E402000DD7010000000000A9
:1007A00000000000B9D201000000000000000000BD
:1007B0000000000000000000000000000000000039
:1007C0008DCB01000600000095DE0200060000004F
:1007D00021C7010010000000A5C7010010000000A3
:1007E000ADD601000100000099CA01001000000010
:1007F000FDD501000A0000000DCA01001000000034
:10080000E5D30100070000005FE0020010000000D7
:1008100029DF0200010000009DC40100400000002B
:1008200003E002001000000049DF020001000000A8
:100830008DE1010079E201000000000011E40100F7
:1008400035E30100A54D03006BE6020071E60200EE
:10085000AB4D0300F9E201007DE6020051E6020023
:1008600000000000C9E101000000000000000000DD
:10087000ADE70100D9E6010087E6020000000000B4
:100880003DE90100000000000400000000FF00003E
:100890000000000000000000000000000000000058
:1008A0000000000000000000000000000403000041
:1008B00000000003F40100000001010000008000BE
:1008C000C2281700C808030000900240D4080300A3
:1008D00001000000DC080300060000001318001DE2
:1008E0001418001F151800201618002117180022D0
:1008F0001118001E31ED010075EE010095EF0100A9
:10090000E5E90100D5E90100000800000010000041
:10091000A7E702006DF30100A9F20100EDF001006C
:10092000DDF001000400000000FF0000FFFF0000F8
:1009300000030050000000000100000000600040C3
:1009400000000000BCF801FF0000005000000000A3
:1009500000000000006000400000000035F60100CB
:1009600097E80200A5E80200BDE80200C9E802001D
:10097000D5E8020051F501000DF40100000000006F
:10098000002000400500000000000000B009030046
:100990000000D60100000000000000000000000080
:1009A0005749002052490020514900205049002059
:1009B00000200040BC09030001000000C40903003E
:1009C0000400000006000000050000020806000107
:1009D0000706000305EA020059FC0100F9EF0200D6
:1009E0000DFD0100AFE902004DEA02001BEA020022
:1009F00089FB010015E9020078FB02000D000100EF
:100A000078FB02000E00010078FB02000F000100DD
:100A100078FB02001000010078FB02000B001100BF
:100A200078FB02000C00110078FB02001800110096
:100A300078FB020019001100D90B020059F00200E6
:100A40007DF002007D6103008B6103009F61030064
:100A5000AE610300BA61030080FA020080FA02006E
:100A6000F8FA020008FB020050FB020050FB0200F3
:100A7000512563FCC2CAB9F3849E17A7ADFAE6BC40
:100A8000FFFFFFFFFFFFFFFF00000000FFFFFFFF72
:100A9000AAAAAAAAAAAAAAAAAAAAAAAA555555550A
:100AA000555555555555555500000000555555554A
:100AB000522563FCC2CAB9F3849E17A7ADFAE6BCFF
:100AC000FFFFFFFFFFFFFFFF00000000FFFFFFFF32
:100AD000512563FCC2CAB9F3849E17A7ADFAE6BCE0
:100AE000FFFFFFFFFFFFFFFF00000000FFFFFFFF12
:100AF00096C298D84539A1F4A033EB2D817D0377B8
:100B0000F240A463E5E6BCF847422CE1F2D1176B52
:100B1000F551BF376840B6CBCE5E316B5733CE2B25
:100B2000169E0F7C4AEBE78E9B7F1AFEE242E34F54
:100B30004B60D2273E3CCE3BF6B053CCB0061D6591
:100B4000BC86987655BDEBB3E7933AAAD835C65A1A
:100B5000FCFFFFFFFFFFFFFFFFFFFFFF00000000A4
:100B6000000000000000000001000000FFFFFFFF88
:100B7000FF8FFFFFFF8FFFFFFE8FFFFFFE8FFFFF47
:100B8000FD8FFFFFFC8FFFFFFC8FFFFF6D7574650E
:100B9000785F667265652063616C6C656420776957
:100BA0007468204E554C4C20706172616D6574659F
:100BB0007200000043616E277420696E6974696178
:100BC0006C697A65206D757465782C207761732067
:100BD0004E554C4C0D0A00004661696C20746F2024
:100BE00061637175697265206D757465780A0000BE
:100BF0004661696C20746F20696E6372656173650C
:100C000020504D20636F756E7465720A00000000FD
:100C10004661696C20746F206465637265617365F9
:100C200020504D20636F756E7465720A00000000DD
:100C30004661696C20746F2072656C656173652014
:100C40006D757465780A0000436F756C64206E6F73
:100C500074206C6F636B20706F77657220736176A0
:100C600065206D75746578004661696C20746F202D
:100C7000756E6C6F636B206D757465780A0000008B
:100C80006374782063616E6E6F74206265204E55C8
:100C90004C4C00000A637478206973204E554C4C0C
:100CA0000A00000067E6096A85AE67BB72F36E3C16
:100CB0003AF54FA57F520E518C68059BABD9831F27
:100CC00019CDE05BD89E05C107D57C3617DD7030A5
:100CD00039590EF7310BC0FF11155868A78FF96409
:100CE000A44FFABE0123456789ABCDEFFEDCBA986D
:100CF00076543210F0E1D2C300000328000002292C
:100D0000000003280000002800002A2B00002A2BE6
:100D1000000003280000292B0000292B00000328D5
:100D2000000002290000052A0000052A000003280F
:100D300000000118000000280000042A0000042A16
:100D4000000003280000012A0000012A00000328F7
:100D50000000002A0000002A0000032800000018FC
:100D6000000000280000F0FFF0FFF0FFEAFF74FF32
:100D7000F0FFF0FFF0FFF0FFEAFF49443A2025645E
:100D80002C204245464F52453A2025642C204146AE
:100D90005445523A2025640A004E6F742061626CFB
:100DA0006520746F20616C6C6F63617465205541C0
:100DB0005254207265636569766520627566666562
:100DC00072007075626C69630072616E646F6D00B1
:100DD0007075626C69632D69640072616E646F6D19
:100DE0002D696400253032583A253032583A253082
:100DF00032583A253032583A253032583A25303276
:100E00005820282573290053656375726974792009
:100E10006368616E6765643A202573206C6576654A
:100E20006C2025750053656375726974792066615D
:100E3000696C65643A202573206C6576656C2025A5
:100E400075206572722025642025730050616972D7
:100E5000696E67206661696C656420636F6E6E3AC7
:100E60002025732C20726561736F6E202564202508
:100E7000730050616972696E6720636F6D706C6595
:100E80007465643A2025732C20626F6E6465643A41
:100E900020256400506173736B657920666F722042
:100EA00025733A202530367500446973636F6E6E82
:100EB00065637465643A2025732C20726561736FD5
:100EC0006E2030782530327820257300436F6E6EA7
:100ED000656374696F6E206661696C65642C20655A
:100EE00072722030782530327820257300436F6E7F
:100EF0006E65637465642025730050616972696E64
:100F0000672063616E63656C6C65643A20257300CD
:100F100052656365697665642064617461206672F8
:100F20006F6D3A2025730035333920646174613A5E
:100F30002025732025640A004E6F742061626C6561
:100F400020746F20616C6C6F636174652055415231
:100F5000542073656E6420646174612062756666F6
:100F6000657200507265737320427574746F6E20E1
:100F70003120746F20636F6E6669726D2C2042752C
:100F800074746F6E203220746F2072656A656374AA
:100F90002E004661696C656420746F2073656E6411
:100FA0002064617461206F7665722055415254004F
:100FB0002563004661696C656420746F2073656EFB
:100FC000642064617461206F76657220424C452014
:100FD000636F6E6E656374696F6E004E756D6572DA
:100FE0006963204D617463682C20636F6E6E2025E9
:100FF00070004E756D657269632052656A65637431
:101000002C20636F6E6E2025700043616E6E6F74CE
:1010100020696E697420627574746F6E7320286520
:1010200072723A202564290043616E6E6F742069E4
:101030006E6974204C45447320286572723A2025ED
:1010400064290043616E6E6F7420696E6974696112
:101050006C697A6520554152542063616C6C626101
:10106000636B005374617274696E67204E6F7264B3
:101070006963205541525420736572766963652017
:101080006578616D706C650D0A0043616E6E6F74FA
:1010900020646973706C61792077656C636F6D652E
:1010A000206D65737361676520286572723A20252B
:1010B00064290043616E6E6F7420656E61626C65B9
:1010C000207561727420726563657074696F6E203B
:1010D000286572723A20256429004661696C65644E
:1010E00020746F207265676973746572206175740E
:1010F000686F72697A6174696F6E2063616C6C628B
:1011000061636B732E0A004661696C656420746FBD
:1011100020726567697374657220617574686F7297
:10112000697A6174696F6E20696E666F2063616CA5
:101130006C6261636B732E0A00426C7565746F6F2D
:10114000746820696E697469616C697A65640046C7
:1011500061696C656420746F20696E697469616C83
:10116000697A6520554152542073657276696365CA
:1011700020286572723A20256429004164766572E0
:10118000746973696E67206661696C656420746F49
:10119000207374617274202865727220256429009E
:1011A000626C655F77726974655F746872656164AB
:1011B0005F6964004E6F726469635F554152545FAA
:1011C00053657276696365007065726970686572EF
:1011D000616C5F756172740000070E091C1B1215AB
:1011E000383F363124232A2D574553545F544F50EE
:1011F0004449522F7A65706879722F6C69622F6842
:101200006561702F686561702E63006368756E6B31
:101210005F7573656428682C20632900415353452A
:101220005254494F4E204641494C205B25735D2066
:10123000402025733A25640A0009756E657870654B
:1012400063746564206865617020737461746520DF
:1012500028646F75626C652D667265653F2920662E
:101260006F72206D656D6F72792061742025700A30
:10127000006C6566745F6368756E6B28682C2072FD
:10128000696768745F6368756E6B28682C206329D2
:1012900029203D3D20630009636F7272757074658B
:1012A00064206865617020626F756E6473202862C7
:1012B0007566666572206F766572666C6F773F291A
:1012C00020666F72206D656D6F72792061742025C4
:1012D000700A0028616C69676E20262028616C699D
:1012E000676E202D20312929203D3D2030000961E5
:1012F0006C69676E206D7573742062652061207063
:101300006F776572206F6620320A006279746573A8
:10131000203E20686561705F666F6F7465725F6202
:101320007974657328627974657329000968656149
:10133000702073697A6520697320746F6F20736DF4
:10134000616C6C0A00686561705F737A203E20638F
:1013500068756E6B737A2873697A656F6628737423
:1013600072756374207A5F6865617029290063680B
:10137000756E6B305F73697A65202B206D696E5FC7
:101380006368756E6B5F73697A65286829203C3DD8
:1013900020686561705F737A00574553545F544FFE
:1013A000504449522F7A65706879722F6C69622FA8
:1013B0006F732F63627072696E74665F7061636BC6
:1013C000616765642E630009537472696E672077E4
:1013D00069746820746F6F206D616E792061726727
:1013E000756D656E74730A00097374725F70747240
:1013F0005F706F735B5D20746F6F20736D616C6CD9
:101400000A0009756E657870656374656420736998
:101410007A652025750A0009746F6F206D616E79F9
:1014200020666F726D617420617267730A00696E65
:101430005F7061636B6167656420213D20282876B9
:101440006F6964202A2930290028756E7369676ED8
:101450006564292063686172202A207573656420A1
:10146000666F722025257020617267756D656E74D8
:101470002E2049742773207265636F6D6D656E64ED
:10148000656420746F206361737420697420746FC5
:1014900020766F6964202A20626563617573652018
:1014A0006974206D6179206361757365206D69735E
:1014B0006265686176696F7220696E206365727417
:1014C00061696E20636F6E66696775726174696FBA
:1014D0006E732E20537472696E673A222573222030
:1014E000617267756D656E743A2564007363707917
:1014F0005F636E74203C2073697A656F6628637041
:10150000795F7374725F706F7329006B6565705FCC
:10151000636E74203C2073697A656F66286B65651D
:10152000705F7374725F706F7329006362707269A9
:101530006E74665F7061636B6167650057455354F5
:101540005F544F504449522F7A65706879722F6CFE
:1015500069622F6F732F6D7073635F706275662E93
:101560006300657272203D3D203000574553545F43
:10157000544F504449522F7A65706879722F696EC2
:10158000636C7564652F7A65706879722F73706902
:101590006E6C6F636B2E68007A5F7370696E5F6C40
:1015A0006F636B5F76616C6964286C290009496E12
:1015B00076616C6964207370696E6C6F636B202553
:1015C000700A007A5F7370696E5F756E6C6F636B23
:1015D0005F76616C6964286C2900094E6F74206D18
:1015E00079207370696E6C6F636B2025700A0057E9
:1015F0004553545F544F504449522F7A657068796F
:10160000722F6C69622F7574696C732F6F6E6F66C1
:10161000662E63007374617465203D3D2030550073
:10162000217379735F736C6973745F69735F656D40
:1016300070747928266D67722D3E636C69656E74CF
:101640007329007472616E73697420213D2028280B
:10165000766F6964202A29302900737461746520CB
:101660003D3D202831554C203C3C20283129290083
:101670006D67722D3E72656673203D3D20300073AC
:1016800074617465203D3D202831554C203C3C2040
:101690002830292900574553545F544F504449522C
:1016A0002F7A65706879722F6C69622F7574696C16
:1016B000732F6E6F746966792E630066735F6E7642
:1016C00073004661696C757265207768696C652086
:1016D00065726173696E67207468652073656374F1
:1016E0006F72206174206F66667365742030782590
:1016F0006C78007A6D73206E6F7420696E697469FE
:10170000616C697A656400436F756C64206E6F74F8
:10171000206F627461696E20666C6173682070610D
:1017200072616D657465727300556E737570706F5C
:101730007274656420777269746520626C6F636B84
:101740002073697A6500556E61626C6520746F2044
:10175000676574207061676520696E666F00496E09
:1017600076616C696420736563746F722073697A43
:101770006500496E76616C696420736563746F728D
:101780002073697A652C2073686F756C64206265BC
:10179000206174206C6561737420257500436F6E41
:1017A00066696775726174696F6E206572726F72B7
:1017B000202D20736563746F7220636F756E7420C3
:1017C00062656C6F77206D696E696D756D207265ED
:1017D00071756972656D656E7420283229005A4DE5
:1017E000532056657273696F6E206973206E6F7433
:1017F00020737570706F72746564004E6F2047437C
:1018000020446F6E65206D61726B657220666F7526
:101810006E643A2072657374617274696E672067D2
:101820006300257520536563746F7273206F6620A3
:10183000257520627974657300616C6C6F63207725
:1018400072613A20256C6C752C20256C6C780064D4
:10185000617461207772613A20256C6C752C2025AB
:101860006C6C78004661696C656420746F20636CF1
:101870006F73652074686520736563746F722C20C4
:1018800072657475726E6564203D20256400476141
:10189000726261676520636F6C6C656374696F6EFB
:1018A000206661696C65642C2072657475726E6562
:1018B00064203D2025640066735F7A6D73006C6F51
:1018C0006767696E6700574553545F544F504449EA
:1018D000522F7A65706879722F7375627379732FDE
:1018E0006C6F6767696E672F6C6F675F636F726598
:1018F0002E63006C6F675F6261636B656E645F632C
:101900006F756E745F6765742829203C2028283322
:1019100032202F20335529202D202831202B203014
:101920002929006261636B656E64203C3D205F6C19
:101930006F675F6261636B656E645F6C6973745F30
:10194000656E640009756E65787065637465642002
:101950006C69737420656E64206C6F636174696F69
:101960006E0A006C6F675F6261636B656E645F63D4
:101970006F756E745F6765742829203E2030006C97
:101980006F6700574553545F544F504449522F7A64
:1019900065706879722F7375627379732F6C6F67D6
:1019A00067696E672F6C6F675F6D676D742E63007C
:1019B0006C696E6B203C3D205F6C6F675F6C696E7D
:1019C0006B5F6C6973745F656E6400574553545F59
:1019D000544F504449522F7A65706879722F696E5E
:1019E000636C7564652F7A65706879722F6C6F67A8
:1019F00067696E672F6C6F675F6261636B656E64AA
:101A00002E68006261636B656E6420213D2028288A
:101A1000766F6964202A293029006C6F675F6D67D3
:101A20006D74004D657373616765202822257322EC
:101A3000292064726F7070656420626563617573DC
:101A40006520697420657863656564732073697ABD
:101A500065206C696D69746174696F6E20282575E5
:101A60002900574553545F544F504449522F7A65CB
:101A7000706879722F7375627379732F6C6F6767F3
:101A8000696E672F6C6F675F6D73672E63006C659F
:101A90006E203E3D203000574553545F544F504414
:101AA00049522F7A65706879722F737562737973F2
:101AB0002F6C6F6767696E672F6C6F675F6F7574E8
:101AC0007075742E63006F75745F6374782D3E6358
:101AD0006F6E74726F6C5F626C6F636B2D3E6F66BE
:101AE00066736574203C3D206F75745F6374782D58
:101AF0003E73697A65001B5B306D006C6576656CC2
:101B0000203C3D20345500257320005B2530386C87
:101B1000755D20005B253032753A253032753A25E7
:101B20003032752E253033752C253033755D20000D
:101B300025732F003C25733E200025733A20006555
:101B40007272203E3D203000253032782000202067
:101B500020007C00206D657373616765732064727B
:101B60006F70706564202D2D2D0D0A1B5B306D008C
:101B70001B5B313B33316D2D2D2D20001B5B313B29
:101B800033316D001B5B313B33336D006572720086
:101B900077726E00696E6600646267006C6F675FE3
:101BA0006261636B656E645F727474005745535471
:101BB0005F544F504449522F7A65706879722F7381
:101BC00075627379732F73657474696E67732F739D
:101BD00072632F73657474696E67732E6300636834
:101BE000203C3D205F73657474696E67735F686144
:101BF0006E646C65725F7374617469635F6C697342
:101C0000745F656E64007365742D76616C75652014
:101C10006661696C7572652E206B65793A20257353
:101C2000206572726F7228256429002A2A2A2042B0
:101C30006F6F74696E67204D79204170706C6963B5
:101C40006174696F6E2076322E392E302D643836ED
:101C5000666664353234383761202A2A2A0A002A17
:101C60002A2A205573696E67206E524620436F6E94
:101C70006E6563742053444B2076322E392E302DFE
:101C8000373738376232363439383430202A2A2A06
:101C90000A002A2A2A205573696E67205A657068DF
:101CA0007972204F532076332E372E39392D3166F5
:101CB00038663364633239313432202A2A2A0A00E2
:101CC000029ECADC240EE5A9E093F3A3B50200400E
:101CD0006E029ECADC240EE5A9E093F3A3B50200D0
:101CE000406E029ECADC240EE5A9E093F3A3B5037F
:101CF00000406E029ECADC240EE5A9E093F3A3B572
:101D00000300406E029ECADC240EE5A9E093F3A313
:101D1000B50100406E62745F6E757300637C777B03
:101D2000F26B6FC53001672BFED7AB76CA82C97DD7
:101D3000FA5947F0ADD4A2AF9CA472C0B7FD932668
:101D4000363FF7CC34A5E5F171D8311504C723C36C
:101D50001896059A071280E2EB27B27509832C1AB0
:101D60001B6E5AA0523BD6B329E32F8453D100ED0A
:101D700020FCB15B6ACBBE394A4C58CFD0EFAAFBEE
:101D8000434D338545F9027F503C9FA851A3408FB6
:101D9000929D38F5BCB6DA2110FFF3D2CD0C13ECCE
:101DA0005F974417C4A77E3D645D197360814FDC63
:101DB000222A908846EEB814DE5E0BDBE0323A0A47
:101DC0004906245CC2D3AC629195E479E7C8376DCB
:101DD0008DD54EA96C56F4EA657AAE08BA78252EF0
:101DE0001CA6B4C6E8DD741F4BBD8B8A703EB56679
:101DF0004803F60E613557B986C11D9EE1F898116A
:101E000069D98E949B1E87E9CE5528DF8CA1890D58
:101E1000BFE6426841992D0FB054BB166D757465CD
:101E2000785F696E69742063616C6C6564207769A2
:101E30007468204E554C4C20706172616D657465FC
:101E40007200436F756C64206E6F7420616C6C6FF0
:101E500063617465206D75746578206265666F7264
:101E60006520696E697469616C697A696E67007270
:101E7000302F61313A202030782530387820207298
:101E8000312F61323A202030782530387820207286
:101E9000322F61333A202030782530387800723381
:101EA0002F61343A20203078253038782072313252
:101EB0002F69703A202030782530387820723134FC
:101EC0002F6C723A202030782530387800207870D6
:101ED00073723A2020307825303878004661756C6E
:101EE00074696E6720696E737472756374696F6E5E
:101EF000206164647265737320287231352F7063BA
:101F0000293A2030782530387800556E68616E6443
:101F10006C6564204952516E3A202564002A2A2AB1
:101F20002A2A20425553204641554C54202A2A2A19
:101F30002A2A002020537461636B696E67206572E2
:101F4000726F72002020556E737461636B696E67E7
:101F5000206572726F72002020507265636973652C
:101F6000206461746120627573206572726F720003
:101F700020204246415220416464726573733A20C6
:101F800030782578002020496D707265636973652B
:101F9000206461746120627573206572726F7200D3
:101FA0002020496E737472756374696F6E20627558
:101FB00073206572726F72002020466C6F617469C5
:101FC0006E672D706F696E74206C617A79207374FE
:101FD00061746520707265736572766174696F6E85
:101FE000206572726F72002A2A2A2A2A20555341CC
:101FF0004745204641554C54202A2A2A2A2A0020A7
:10200000204469766973696F6E206279207A6572FF
:102010006F002020556E616C69676E6564206D6588
:102020006D6F7279206163636573730020204E6F5A
:1020300020636F70726F636573736F7220696E7364
:102040007472756374696F6E73002020496C6C65DF
:1020500067616C206C6F6164206F66204558435F38
:1020600052455455524E20696E746F2050430020E3
:1020700020496C6C6567616C20757365206F662004
:102080007468652045505352002020417474656D7A
:10209000707420746F206578656375746520756E43
:1020A000646566696E656420696E737472756374C5
:1020B000696F6E002A2A2A2A2A204D50552046414F
:1020C000554C54202A2A2A2A2A002020537461635E
:1020D0006B696E67206572726F722028636F6E7411
:1020E0006578742061726561206D6967687420622B
:1020F00065206E6F742076616C696429002020442D
:10210000617461204163636573732056696F6C610C
:1021100074696F6E0020204D4D4641522041646429
:10212000726573733A2030782578002020496E73E9
:102130007472756374696F6E204163636573732095
:1021400056696F6C6174696F6E00574553545F54E4
:102150004F504449522F7A65706879722F617263CB
:10216000682F61726D2F636F72652F636F72746574
:10217000785F6D2F6661756C742E630021282828A6
:102180005343425F54797065202A292028283078EB
:102190004530303045303030554C29202B203078B8
:1021A00030443030554C2920292D3E43465352208F
:1021B00026202831554C203C3C20283055202B200F
:1021C00034552929290009537461636B696E6720AE
:1021D0006572726F72206E6F742061207374616318
:1021E0006B206661696C0A0A0052657365727665D8
:1021F0006420457863657074696F6E2028005370A1
:102200007572696F757320696E746572727570741A
:1022100020284952512000535053454C20696E20CC
:10222000746872656164206D6F646520646F6573A6
:10223000206E6F7420696E64696361746520505309
:10224000500065736620213D202828766F69642040
:102250002A293029000945534620636F756C642094
:102260006E6F74206265207265747269657665644C
:10227000207375636365737366756C6C792E205378
:1022800068616C6C206E65766572206F6363757231
:102290002E0A002A2A2A2A2A20484152442046414E
:1022A000554C54202A2A2A2A2A00202042757320BD
:1022B0006661756C74206F6E20766563746F722032
:1022C0007461626C652072656164002020446562FF
:1022D0007567206576656E740020204661756C74A4
:1022E00020657363616C6174696F6E202873656526
:1022F0002062656C6F772900415243485F4558431F
:10230000455054207769746820726561736F6E2040
:1023100025780A00094661756C7420657363616CE9
:102320006174696F6E20776974686F7574204653A5
:102330005220696E666F0A000948617264466175D1
:102340006C7420776974686F757420484653522006
:10235000696E666F205368616C6C206E657665727D
:10236000206F636375720A002A2A2A2A2A2044658C
:10237000627567206D6F6E69746F72206578636532
:102380007074696F6E202A2A2A2A2A002A2A2A2A89
:102390002A20257320256429202A2A2A2A2A005740
:1023A0004553545F544F504449522F7A65706879B1
:1023B000722F617263682F61726D2F636F72652F68
:1023C000636F727465785F6D2F6972715F6D616E96
:1023D0006167652E63007072696F203C3D2028287C
:1023E00031554C203C3C2028332929202D203129EF
:1023F0000009696E76616C6964207072696F726938
:10240000747920256420666F7220256420697271BA
:10241000212076616C756573206D7573742062651B
:10242000206C657373207468616E20256C750A0AD0
:10243000006D7075004661696C656420746F206181
:102440006C6C6F63617465206E6577204D5055200C
:10245000726567696F6E2025750A00506172746934
:1024600074696F6E2025753A2073616E69747920E6
:10247000636865636B206661696C65642E0057450F
:1024800053545F544F504449522F7A6570687972A3
:102490002F617263682F61726D2F636F72652F6D8C
:1024A00070752F61726D5F6D70752E630009436FDB
:1024B0006E6669677572696E672025752073746131
:1024C000746963204D505520726567696F6E732083
:1024D0006661696C65640A0A0009436F6E66696724
:1024E0007572696E672025752064796E616D696308
:1024F000204D505520726567696F6E732066616963
:102500006C65640A0A0009526571756573742074FC
:102510006F20636F6E6669677572653A2025752056
:10252000726567696F6E732028737570706F72744F
:1025300065643A202575290A0A00212872656769B1
:102540006F6E5B6964785D2E64745F617474722071
:1025500026202831554C203C3C20283029292900B0
:102560000952414D5F4E4F434143484520776974BE
:10257000682044545F4D454D5F43414348454142C7
:102580004C45206174747269627574650A0A0009A9
:102590004661696C656420746F20616C6C6F636167
:1025A0007465204D505520726567696F6E732066A3
:1025B000726F6D2044540A0A002828284D50555F38
:1025C00054797065202A2920282830784530303009
:1025D00045303030554C29202B203078304439306C
:1025E000554C2920292D3E5459504520262028306D
:1025F000784646554C203C3C2038552929203E3E03
:10260000203855203D3D20380009496E76616C69BF
:1026100064206E756D626572206F66204D50552086
:10262000726567696F6E730A0A00464C4153485FD2
:1026300030005352414D5F3000574553545F544F63
:10264000504449522F7A65706879722F6C69622FF5
:102650006E65745F6275662F6275662E63006275C3
:10266000662D3E666C616773203D3D2030550062EB
:1026700075662D3E6672616773203D3D2028287681
:102680006F6964202A293029007265715F73697A45
:1026900065203C3D2073697A6500090A0066726115
:1026A00067006E65745F62756600574553545F54EA
:1026B0004F504449522F7A65706879722F6C696265
:1026C0002F6E65745F6275662F6275665F73696DE4
:1026D000706C652E63006275662D3E6C656E203DE4
:1026E0003D203055006275662D3E6C656E203E3D86
:1026F000206C656E006E65745F6275665F73696DF0
:10270000706C655F68656164726F6F6D2862756675
:1027100029203E3D206C656E006E65745F627566B3
:102720005F73696D706C655F7461696C726F6F6DFA
:102730002862756629203E3D206C656E006E6574CA
:102740005F6275665F73696D706C65000000010003
:102750000000736F630000FFFFFFFFFFFF0000003A
:1027600000000000FFFFFFFFFFFF0000000000006F
:1027700030313233343536373839616263646566F7
:102780000062745F72706100496E7375666669639A
:1027900069656E74206E756D626572206F6620616A
:1027A0007267756D656E74730049676E6F72696EDE
:1027B00067206964656E7469746965732073746FEA
:1027C00072656420696E20666C61736800496E767C
:1027D000616C6964206C656E67746820494420618F
:1027E00064647265737320696E2073746F726167BD
:1027F000650062742F25732F2530327825303278AA
:1028000025303278253032782530327825303278CC
:1028100025752F25730062742F25732F253032788C
:1028200025303278253032782530327825303278AC
:102830002530327825750073657474696E67735F2F
:102840007375627379735F696E6974206661696C10
:1028500065642028657272202564290062742F2522
:1028600073004661696C656420746F2073617665DE
:1028700020494420286572722025642900556E6124
:10288000626C6520746F20736574757020616E20B2
:102890006964656E746974792061646472657373C8
:1028A0000062740062745F73657474696E677300AC
:1028B0004254204C572057510002FB349B5F80004C
:1028C00000800010000000000000574553545F5482
:1028D0004F504449522F7A65706879722F73756230
:1028E0007379732F626C7565746F6F74682F686F7E
:1028F00073742F6275662E630074797065203D3D98
:102900002042545F4255465F455654207C7C2074DB
:10291000797065203D3D2042545F4255465F4143FA
:102920004C5F494E207C7C2074797065203D3D20B1
:1029300042545F4255465F49534F5F494E00094933
:102940006E76616C69642062756666657220747962
:102950007065207265717565737465640A006D65D4
:1029600074612D3E706172656E74007669657700E2
:102970006E65745F6275665F68656164726F6F6DC6
:1029800028706172656E7429203E203000216274C7
:102990005F6275665F6861735F76696577287061ED
:1029A00072656E74290062745F6275660062745F9E
:1029B0006461746100446174612062756666657269
:1029C000206F766572666C6F7720286C696E6B205D
:1029D00074797065203078253032782900556E6121
:1029E000626C6520746F206C6F6F6B207570206354
:1029F0006F6E6E20776974682068616E646C652004
:102A0000257500556E61626C6520746F206C6F6F68
:102A10006B757020636F6E6E20666F722068616EDA
:102A2000646C652025750048617264776172652069
:102A30006572726F722C20686172647761726520B2
:102A4000636F64653A20256400436F756C64206E83
:102A50006F74207375626D69742072785F776F721E
:102A60006B3A20256400556E61626C6520746F209E
:102A7000616C6C6F63617465206275666665720077
:102A8000556E68616E646C6564206576656E742051
:102A9000307825303278206C656E2025753A2025F7
:102AA00073004E6F2070656E64696E67207065728A
:102AB0006970686572616C20636F6E6E65637469BE
:102AC0006F6E00556E65787065637465642073740D
:102AD0006174757320307825303278202573005466
:102AE0006F6F20736D616C6C20282575206279747E
:102AF000657329206576656E7420307825303278CC
:102B000000496E76616C6964204843492041434C1A
:102B1000207061636B65742073697A652028257560
:102B2000290041434C2064617461206C656E6774B8
:102B300068206D69736D6174636820282575202194
:102B40003D2025752900556E61626C6520746F20EB
:102B500066696E6420636F6E6E20666F72206861B6
:102B60006E646C6520257500496E76616C69642021
:102B7000484349206576656E742073697A6520281C
:102B800025752900574553545F544F504449522FDF
:102B90007A65706879722F7375627379732F626CBE
:102BA0007565746F6F74682F686F73742F686369CD
:102BB0005F636F72652E630062745F6863695F654F
:102BC00076745F6765745F666C61677328686472AA
:102BD0002D3E657674292026202831554C203C3C1A
:102BE000202831292900556E6B6E6F776E20627533
:102BF00066207479706520257500556E68616E6475
:102C00006C65642076656E646F722D7370656369A0
:102C1000666963206576656E742030782530327879
:102C2000206C656E2025753A202573004E6F206359
:102C30006F6D6D616E642073656E7420666F7220B7
:102C4000636D6420636F6D706C65746520307825EA
:102C5000303478004F70436F64652030782530340D
:102C60007820636F6D706C6574656420696E737431
:102C7000656164206F6620657870656374656420A3
:102C800030782530347800216275660065767420CE
:102C90006E756D5F68616E646C657320283D257587
:102CA0002920746F6F206C6172676520282575205C
:102CB0003E20257529004E6F20636F6E6E6563742C
:102CC000696F6E20666F722068616E646C65202586
:102CD00075007061636B65747320636F756E74202B
:102CE0006D69736D617463680061746F6D69635FB2
:102CF0006765742826636F6E6E2D3E696E5F6C6C1F
:102D000029004661696C656420746F2073657420C6
:102D10007265717569726564207365637572697433
:102D200079206C6576656C004E6F206368616E6714
:102D30006520746F20656E6372797074696F6E20A0
:102D400073746174652028656E63727970742030C5
:102D500078253032782900756E6B6E6F776E00655E
:102D600076745F666C6167732026202831554C208D
:102D70003C3C202830292900496E76616C6964202A
:102D80006275662074797065202575005B305D0082
:102D90004964656E7469747925733A202573004916
:102DA00064656E746974795B25645D3A20257300EF
:102DB0004843493A2076657273696F6E2025732007
:102DC0002830782530327829207265766973696FEA
:102DD0006E203078253034782C206D616E756661F8
:102DE00063747572657220307825303478004C4DEC
:102DF000503A2076657273696F6E202573202830F3
:102E000078253032782920737562766572203078A3
:102E100025303478004E6F20494420616464726527
:102E200073732E20417070206D7573742063616C14
:102E30006C2073657474696E67735F6C6F6164286E
:102E40002900556E61626C6520746F2073656E6435
:102E500020746F2064726976657220286572722012
:102E6000256429004F7574206F6620636F6D6D6156
:102E70006E64206275666665727300556E636C657C
:102E8000617265642070656E64696E672073656E3B
:102E9000745F636D640073756363657373000963C6
:102EA0006F6D6D616E64206F70636F646520307844
:102EB000253034782074696D656F75740A00094394
:102EC0006F6E74726F6C6C657220756E7265737064
:102ED0006F6E736976652C20636F6D6D616E642013
:102EE0006F70636F646520307825303478207469A2
:102EF0006D656F757420776974682065727220251E
:102F0000640A006F70636F64652030782530347810
:102F100020737461747573203078253032782025E1
:102F200073004661696C656420746F20726561642A
:102F300020444C45206D61782064617461206C658B
:102F40006E0074785F6F6374657473206578636571
:102F5000656473207468652076616C6964207261B1
:102F60006E67652025750074785F74696D652065EE
:102F7000786365656473207468652076616C696444
:102F80002072616E6765202575004E6F6E2D4C4571
:102F90002063617061626C6520636F6E74726F6C28
:102FA0006C657220646574656374656421004143D7
:102FB0004C2042522F4544522062756666657273FA
:102FC000206E6F7420696E697469616C697A6564DA
:102FD0000056656E646F72204843492065787465B9
:102FE0006E73696F6E73206E6F7420617661696CA9
:102FF00061626C6500485720506C6174666F726D39
:103000003A20257320283078253034782900485715
:103010002056617269616E743A20257320283078D9
:103020002530347829004669726D776172653A20DF
:103030002573202830782530327829205665727320
:10304000696F6E2025752E2575204275696C642088
:103050002575004661696C656420746F2072656136
:103060006420737570706F727465642076656E6429
:103070006F7220636F6D6D616E6473004661696C81
:10308000656420746F207265616420737570706F61
:10309000727465642076656E646F72206665617413
:1030A00075726573004843492064726976657220C1
:1030B0006973206E6F7420726561647900425420D8
:1030C000525820575100484349206472697665720E
:1030D000206F70656E206661696C656420282564C8
:1030E00029006576742D3E737461747573203D3DBF
:1030F0002030783030004E6F2070656E64696E67E6
:1031000020636F6E6E20666F722070656572202579
:103110007300556E657870656374656420484F531D
:10312000545F4E554D5F434F4D504C455445445FA1
:103130005041434B4554532C207374617475732074
:103140003078253032782025730091FBFBF3F4FBB7
:10315000FBFBFBEA00090909090102090909090940
:1031600009090909090907090909090906090909D4
:103170000909090909090909090909090905312E76
:10318000306200312E3100312E3200322E300032CA
:103190002E3100332E3000342E3000342E310034E6
:1031A0002E3200352E3000352E3100352E320035CE
:1031B0002E3300352E3400362E30005374616E6489
:1031C00061726420426C7565746F6F746820636F00
:1031D0006E74726F6C6C65720056656E646F7220EF
:1031E000737065636966696320636F6E74726F6C78
:1031F0006C6572004669726D77617265206C6F61F3
:103200006465720052657363756520696D616765F9
:10321000007265736572766564006E52463531786A
:10322000006E5246353278006E5246353378006E65
:10323000524635344878006E524635344C78004951
:103240006E74656C20436F72706F726174696F6E1B
:10325000004E6F726469632053656D69636F6E64BD
:103260007563746F72004E58502053656D69636FBB
:103270006E647563746F72730062745F6863695F14
:10328000636F726500636D6420646973616C6C6F59
:1032900077656400574553545F544F504449522F4B
:1032A0007A65706879722F7375627379732F626CA7
:1032B0007565746F6F74682F686F73742F69642EEF
:1032C0006300636F6E666C69637420213D2028285B
:1032D000766F6964202A29302900636F6E666C69F5
:1032E00063742D3E63616E64696461746520213D81
:1032F000202828766F6964202A2930290072657396
:103300006964656E7420213D202828766F696420E9
:103310002A2930290028636F6E666C6963742D3E1C
:1033200063616E6469646174652D3E737461746574
:1033300020262042545F4B4559535F49445F414426
:1033400044454429203D3D2030004661696C656458
:1033500020746F2064697361626C652061646472BB
:10336000657373207265736F6C7574696F6E00524C
:1033700065736F6C76696E67206C6973742073690E
:103380007A652065786365656465642E2053776986
:10339000746368696E6720746F20686F73742E00A1
:1033A0004661696C656420746F20636C656172208E
:1033B0007265736F6C7574696F6E206C69737400DD
:1033C0004661696C656420746F20616464204952B1
:1033D0004B20746F20636F6E74726F6C6C6572003B
:1033E0005365742070726976616379206D6F6465CE
:1033F00020636F6D6D616E64206973206E6F742041
:10340000737570706F72746564004661696C656491
:1034100020746F20736574207072697661637920FF
:103420006D6F64650062745F6465762E6C652E72E4
:103430006C5F656E7472696573203E20300044696C
:103440007361626C696E6720616464726573732076
:103450007265736F6C7574696F6E206661696C65F7
:1034600064202865727220256429004661696C65B4
:103470006420746F2072656D6F76652049524B2011
:1034800066726F6D20636F6E74726F6C6C65720024
:103490004F6E6C792072616E646F6D20737461740D
:1034A0006963206964656E7469747920616464720B
:1034B00065737320737570706F7274656400496E04
:1034C00076616C696420696E7075742070617261D8
:1034D0006D6574657273004661696C656420746F14
:1034E0002072656164207075626C69632061646438
:1034F000726573730052656164205374617469630B
:103500002041646472657373657320636F6D6D61D0
:103510006E64206E6F7420617661696C61626C65A7
:10352000004661696C656420746F20726561642077
:103530007374617469632061646472657373657325
:10354000004E6F20737461746963206164647265F6
:10355000737365732073746F72656420696E206382
:103560006F6E74726F6C6C65720043616E277420AD
:1035700073657420626F7468204944454E54495401
:10358000592026204E5250410062745F69640054F5
:103590006F6F206269672061647665727469736910
:1035A0006E672064617461004661696C65642074B3
:1035B0006F207374617274206164766572746973CC
:1035C0006572004661696C656420746F2073746F66
:1035D00070206164766572746973696E673A20253C
:1035E0006400436F6E74726F6C6C65722063616E01
:1035F0006E6F7420726573756D6520636F6E6E6596
:10360000637461626C652061647665727469736964
:103610006E6720282564290062745F616476004526
:1036200043432048434920636F6D6D616E6473208E
:103630006E6F7420617661696C61626C65004361D4
:103640006C6C6261636B20616C726561647920727D
:103650006567697374657265640053656E64696E4D
:1036600067204C452050323536205075626C6963B6
:10367000204B657920636F6D6D616E6420666169B2
:103680006C6564004661696C656420746F206765D1
:103690006E65726174652044484B657920286572B7
:1036A000722025642900E69D350E480103CCDBFD20
:1036B000F4AC1191F4EFB9A5F9E9A7832C5E2CBE07
:1036C00097F2D203B0208BD28915D08E1C7424308F
:1036D000ED8FC24563765C15525ABF9A32636DEB2B
:1036E0002A65499C80DC62745F65636300574553BB
:1036F000545F544F504449522F7A65706879722F45
:103700007375627379732F626C7565746F6F74680B
:103710002F686F73742F636F6E6E2E630063622069
:103720003C3D205F62745F636F6E6E5F63625F6CCF
:103730006973745F656E64002162745F6275665FB1
:103740006861735F76696577286F757473696465FE
:10375000290074780069735F61636C5F636F6E6EDC
:1037600028636F6E6E29004661696C65642072651E
:1037700061642072656D6F74652066656174757231
:1037800065732028256429004661696C6564204CB6
:103790004520536574205048592028256429004647
:1037A00061696C656420746F207365742064617452
:1037B00061206C656E2028256429006B5F6375723B
:1037C00072656E745F6765742829203D3D206B5FCC
:1037D000776F726B5F71756575655F74687265612F
:1037E000645F6765742874785F6E6F746966795F6B
:1037F000776F726B71756575655F676574282929C8
:103800000009636F756C646E2774207375626D694F
:10381000742028657272202564290A00556E657827
:10382000706563746564206669727374204C3243FA
:103830004150206672616D6500556E6578706563F4
:10384000746564204C3243415020636F6E74696E1E
:10385000756174696F6E004E6F7420656E6F756769
:1038600068206275666665722073706163652066A4
:103870006F72204C32434150206461746100556E78
:1038800065787065637465642041434C20666C61A3
:1038900067732028307825303278290041434C2046
:1038A0006C656E206D69736D617463682028257581
:1038B000203E20257529006275662D3E72656620C2
:1038C0003D3D203100096275662D3E7265662025FA
:1038D000640A0073203D3D206E6F64650009496EE7
:1038E00076616C696420636F6E6E656374696F6E78
:1038F000207265666572656E63650A006F6C642090
:103900003E20300009436F6E6E20726566657265F9
:103910006E636520636F756E746572206973203005
:103920000A0028756E6B6E6F776E29006E6F2074BB
:1039300072616E736974696F6E20257300496E76CB
:10394000616C69642028257529206F6C642073746C
:1039500061746500636F6E6E202570206661696C0E
:10396000656420746F2065737461626C6973682E7E
:10397000205246206E6F6973653F006E6F2076613E
:103980006C6964202825752920737461746520771B
:1039900061732073657400696E636F6D7061746923
:1039A000626C652068616E646C6520257500696EC7
:1039B000646578203E3D203020262620696E6465AF
:1039C00078203C20282873697A655F74292028288C
:1039D00028696E74292073697A656F662863686147
:1039E000725B31202D2032202A202128215F5F6246
:1039F00075696C74696E5F74797065735F636F6D00
:103A000070617469626C655F70285F5F747970655E
:103A10006F665F5F2861636C5F636F6E6E73292CE6
:103A2000205F5F747970656F665F5F282628616329
:103A30006C5F636F6E6E73295B305D2929295D2988
:103A4000202D203129202B202873697A656F662864
:103A500061636C5F636F6E6E7329202F2073697AC8
:103A6000656F66282861636C5F636F6E6E73295B98
:103A7000305D292929290009496E76616C69642025
:103A800062745F636F6E6E20706F696E7465720A28
:103A900000216B5F69735F696E5F6973722829002B
:103AA000556E61626C6520746F20616C6C6F636130
:103AB0007465206275666665722077697468696EE0
:103AC0002074696D656F75740009496E76616C6963
:103AD0006420636F6E6E20747970652025750A000E
:103AE000636F6E6E2025703A206E6F7420636F6E68
:103AF0006E656374656400094E6F20636F6E747247
:103B00006F6C6C657220627566730A00094E6F20D7
:103B1000545820636F6E746578740A0030207C7C82
:103B200020286275662D3E726566203D3D20312954
:103B3000006672616720213D202828766F69642025
:103B40002A2930290009496E76616C696420636F07
:103B50006E6E656374696F6E20747970652025756B
:103B60000A00466174616C206572726F72202825AC
:103B700064292E20446973636F6E6E656374696E89
:103B80006720257000466F756E642076616C6964ED
:103B900020636F6E6E656374696F6E2028257029CF
:103BA000207769746820616464726573732025737B
:103BB00020696E202573207374617465200053653D
:103BC0006E64204C4520706172616D207570646177
:103BD0007465206661696C656420286572722025B1
:103BE00064290053656E64206175746F204C452014
:103BF000706172616D2075706461746520666169C1
:103C00006C656420286572722025642900646973DC
:103C1000636F6E6E656374656400646973636F6E71
:103C20006E6563742D636F6D706C6574650073638E
:103C3000616E2D6265666F72652D696E697469616A
:103C400074696E6700696E6974696174696E672D65
:103C500066696C7465722D6C697374006164762D8D
:103C6000636F6E6E65637461626C65006164762D6E
:103C70006469722D636F6E6E65637461626C65005A
:103C8000646973636F6E6E656374696E67006274F6
:103C90005F636F6E6E00556E61626C6520746F209D
:103CA000616C6C6F63617465206275666665722015
:103CB000666F72206F7020307825303278004E6F3A
:103CC00020617661696C61626C65204C32434150C1
:103CD00020636F6E7465787420666F7220636F6EF8
:103CE0006E20257000574553545F544F504449523D
:103CF0002F7A65706879722F7375627379732F628A
:103D00006C7565746F6F74682F686F73742F6C3285
:103D10006361702E630073203D3D20266C655F63F8
:103D200068616E2D3E5F7064755F726561647900D5
:103D30006F6C6400666368616E203C3D205F627456
:103D40005F6C326361705F66697865645F63686148
:103D50006E5F6C6973745F656E640045787065634F
:103D600074696E6720757020746F202564207265F9
:103D700066732C20676F7420256400616C72656126
:103D8000647920686176652076696577206F6E209A
:103D900025700062203D3D20706475004C32434127
:103DA00050206C656E677468206D69736D61746313
:103DB000682028257520213D2025752900496E762B
:103DC000616C6964206964656E742076616C7565E8
:103DD00020696E204C324341502050445500546FAE
:103DE0006F20736D616C6C204C4520636F6E6E208C
:103DF000706172616D207273700052656A656374E0
:103E0000696E6720756E6B6E6F776E204C32434122
:103E1000502050445520636F64652030782530323F
:103E20007800546F6F20736D616C6C204C3243418D
:103E300050207369676E616C696E6720504455004D
:103E4000546F6F20736D616C6C204C324341502075
:103E50005044552072656365697665640049676EF4
:103E60006F72696E67206461746120666F7220757D
:103E70006E6B6E6F776E206368616E6E656C204945
:103E800044203078253034780062745F6C3263618E
:103E900070004E6F20617661696C61626C652041D3
:103EA000545420636F6E7465787420666F7220635B
:103EB0006F6E6E202570004E6F20617661696C61B7
:103EC000626C6520415454206368616E6E656C209D
:103ED000666F7220636F6E6E20257000556E616292
:103EE0006C6520746F206372656174652055554957
:103EF000443A2073697A6520257500556E61626CBD
:103F00006520746F2063726561746520555549445E
:103F10003A2073697A65202564004E6F7420636FC0
:103F20006E6E656374656400556E61626C652074C5
:103F30006F2066696E6420415454206368616E6E20
:103F4000656C00415454206368616E6E656C206E30
:103F50006F7420636F6E6E656374656400574553BC
:103F6000545F544F504449522F7A65706879722FCC
:103F70007375627379732F626C7565746F6F746893
:103F80002F686F73742F6174742E63006E65745F95
:103F90006275665F706F6F6C5F67657428627566C7
:103FA0002D3E706F6F6C5F696429203D3D20266156
:103FB00074745F706F6F6C006275662D3E6C656E19
:103FC000203E3D2073697A656F662873747275634D
:103FD000742062745F6174745F6864722900457252
:103FE000726F72207369676E696E672064617461B5
:103FF0000052616E206F7574206F662054582062E5
:10400000756666657273206F7220636F6E74657873
:1040100074732E006368616E007265712D3E667563
:104020006E6300216368616E2D3E72657100476F9B
:1040300074206572722025642C206E6F7420636179
:104040006C6C696E67204154542063620009556EA0
:104050006B6E6F776E206F7020747970652030788A
:10406000253032580A00415454204D54552065786B
:104070006365656465642C206D61782025752C204E
:1040800077616E74656420257A7500546F6F2073B4
:104090006D616C6C2041545420504455207265630E
:1040A000656976656400556E68616E646C65642050
:1040B00041545420636F6465203078253032780095
:1040C000496E76616C6964206C656E20257520668A
:1040D0006F7220636F646520307825303278004E2F
:1040E0006F20415454206368616E6E656C20666F6A
:1040F00072204D545520257A75004E6F2070656EE4
:1041000064696E67204154542072657175657374DB
:10411000004154542054696D656F757420666F7248
:10412000206465766963652025732E204469736376
:104130006F6E6E656374696E672E2E2E0044697310
:10414000636F6E6E656374696E67206661696C6526
:10415000642028657272202564290062745F61748E
:1041600074004661696C656420746F206465636FD8
:1041700064652076616C7565202865727220257AE9
:104180006429004661696C656420746F20736176F0
:1041900065204461746162617365204861736820C1
:1041A000286572722025642900574553545F544F87
:1041B000504449522F7A65706879722F7375627313
:1041C00079732F626C7565746F6F74682F686F7385
:1041D000742F676174742E6300656C20213D202864
:1041E00028766F6964202A293029000943616E27E7
:1041F000742073617665204346202F20434343207B
:10420000746F20666C6173680A006661696C65642E
:1042100020746F2073746F72652053432028657279
:10422000722025642900756E61626C6520746F20B0
:10423000736176652053433A206E6F206366672072
:104240006C65667400434D4143207570646174650C
:10425000206661696C656400546F6F206D616E79D2
:1042600020436C69656E7420436861726163746594
:1042700072697374696320436F6E666967757261F2
:1042800074696F6E2E2053656520434F4E46494733
:104290005F42545F53455454494E47535F43434331
:1042A0005F53544F52455F4D41580A00496E766145
:1042B0006C6964206B6579006661696C6564207463
:1042C0006F2064656C6574652053432028657272A5
:1042D00020256429004661696C656420746F206341
:1042E0006C65617220534320256400556E61626CD9
:1042F0006520746F206465636F6465206164647217
:1043000065737320257300496E76616C6964206C57
:104310006F63616C206964656E7469747920256CC3
:104320007500556E61626C6520746F2072657374E0
:104330006F72652053433A206E6F20636667206C6E
:10434000656674004E6F20737061636520746F2022
:1043500073746F72652043434320636667004E6F3A
:1043600020737061636520746F2073746F726520B1
:10437000436C69656E7420537570706F72746564F8
:1043800020466561747572657300556E61626C6577
:1043900020746F20726573746F72652043463A20F3
:1043A0006E6F20636667206C656674004368616E9B
:1043B00067652D6177617265207374617475732010
:1043C0006E6F7420666F756E6420696E20736574FD
:1043D00074696E67732C2064656661756C74696EB0
:1043E0006720706565722073746174757320746FD3
:1043F000206368616E67652D756E61776172650017
:1044000052656164206261636B206261642063684D
:10441000616E67652D61776172652076616C756587
:104420003A20307825782C2064656661756C746953
:104430006E67207065657220737461747573207483
:104440006F206368616E67652D756E617761726557
:10445000004661696C656420746F2073746F7265C7
:1044600020436C69656E742046656174757265736E
:104470002028657272202564290073746174696351
:104480005F737663203C3D205F62745F6761747484
:104490005F736572766963655F7374617469635F86
:1044A0006C6973745F656E6400434D4143207365AE
:1044B000747570206661696C656400434D414320EA
:1044C00066696E697368206661696C656400627410
:1044D0002F6363630009696E76616C6964207061A3
:1044E00072616D657465720A0A0061747472000904
:1044F0004E6F206D6F72652061747472696275749D
:1045000065730A0A004C696E6B206973206E6F74C4
:1045100020656E63727970746564004465766963C2
:1045200065206973206E6F7420737562736372699E
:1045300062656420746F2063686172616374657280
:104540006973746963004E6F2062756666657220D8
:10455000617661696C61626C6520746F2073656E51
:104560006420696E6469636174696F6E0070617262
:10457000616D730009696E76616C696420706172A7
:10458000616D65746572730A0A00706172616D73A2
:104590002D3E61747472207C7C20706172616D7339
:1045A0002D3E75756964002161746F6D69635F7478
:1045B0006573745F6269742873632D3E666C61670E
:1045C000732C2053435F494E4449434154455F5047
:1045D000454E44494E47290009496E646963617438
:1045E0006520616C72656164792070656E64696EC6
:1045F000670A00434343202570206E6F7420777252
:10460000697461626C6500534320726573746F72E4
:104610006520696E6469636174696F6E20666169A3
:104620006C6564004E6F2062756666657220617607
:1046300061696C61626C6520746F2073656E6420C3
:104640006E6F74696669636174696F6E0046616953
:104650006C656420746F2073657420736563757274
:1046600069747920666F7220626F6E646564207071
:104670006565722028256429004661696C6564209F
:10468000746F2073746F72652043434373202865F1
:104690007272202564290062742F68617368006259
:1046A000742F63660062742F73630062745F6761C6
:1046B000747400556E61626C6520746F2066696E5B
:1046C0006420534D50206368616E6E656C005075B8
:1046D000626C6963206B6579206E6F74206176610E
:1046E000696C61626C65004661696C656420746F19
:1046F0002067656E65726174652044484B6579007A
:10470000556E6B6E6F776E2070616972696E67208F
:104710006D6574686F6420282575290052656D6F7A
:104720007465207075626C6963206B6579207265B1
:104730006A65637465640052656D6F7465206973A2
:10474000207573696E6720446562756720507562D5
:104750006C6963206B65790043616C63756C61748F
:1047600065204C544B206661696C65640043616C44
:1047700063756C617465206C6F63616C2044484B99
:10478000657920636865636B206661696C656400A8
:1047900043616C63756C6174652072656D6F7465DF
:1047A0002044484B657920636865636B20666169C6
:1047B0006C65640043616C63756C6174652053546F
:1047C0004B206661696C65640043616C63756C6164
:1047D000746520636F6E6669726D206661696C65D1
:1047E00064004E6F20617661696C61626C65205374
:1047F0004D5020636F6E7465787420666F7220630D
:104800006F6E6E20257000556E61626C6520746F4E
:1048100020676574206B65797320666F722025733D
:10482000004A757374576F726B73206661696C65AB
:10483000642C2061757468656E7469636174656465
:10484000206B6579732070726573656E74005468AF
:104850006520696E2D70726F677265737320706169
:104860006972696E6720686173206265656E206495
:10487000656C657465642100534D5020646F6573E9
:10488000206E6F7420616C6C6F772061207061699D
:1048900072696E67206661696C757265206174204B
:1048A0007468697320706F696E742E204B6E6F7719
:1048B0006E2069737375652E20446973636F6E6E25
:1048C000656374696E6720696E73746561642E0038
:1048D000546F6F20736D616C6C20534D50205044A9
:1048E0005520726563656976656400534D50206399
:1048F0006F6D6D616E642028636F6465203078256C
:104900003032782920726563656976656420616656
:104910007465722074696D656F75740052656365A6
:104920006976656420726573657276656420534D9F
:104930005020636F64652030782530327800556EE2
:1049400068616E646C656420534D5020636F6465CC
:104950002030782530327800556E65787065637444
:10496000656420534D5020636F6465203078253096
:10497000327800496E76616C6964206964656E7492
:1049800069747920257300574553545F544F504440
:1049900049522F7A65706879722F737562737973D3
:1049A0002F626C7565746F6F74682F686F73742FE6
:1049B000736D702E63002128736D702D3E72656DCE
:1049C0006F74655F646973742026203078303229F3
:1049D000005265667573696E67206E657720706139
:1049E0006972696E672E20546865206F6C6420625E
:1049F0006F6E64206D75737420626520756E7061D2
:104A0000697265642066697273742E002162745F36
:104A100069645F66696E645F636F6E666C69637418
:104A2000286E65775F626F6E6429007061697269D4
:104A30006E67206661696C65642028706565722008
:104A4000726561736F6E203078257829004E6F2073
:104A50006B65797320737061636520666F722025C2
:104A60007300556E61626C6520746F2067657420F9
:104A700072616E646F6D20627974657300556E614A
:104A8000626C6520746F20616C6C6F63617465206B
:104A9000456E637279707420496E666F2062756628
:104AA00066657200556E61626C6520746F20616C82
:104AB0006C6F636174652043656E7472616C20492C
:104AC00064656E742062756666657200534D502091
:104AD00054696D656F757400094E6F20534D5020F9
:104AE0006368616E6E656C20666F756E640A0000A7
:104AF00005061F1F2918120308020305080A0008EB
:104B00000103040105040509060701010606080062
:104B10000001000100030100030202010002000085
:104B20000000000203010003000001000100000179
:104B30000001020201000200000000000202010068
:104B40000462745F736D7000574553545F544F5047
:104B50004449522F7A65706879722F737562737940
:104B6000732F626C7565746F6F74682F686F7374E0
:104B70002F6B6579732E63006B65797320213D205F
:104B80002828766F6964202A2930290061646472BC
:104B900020213D202828766F6964202A29302900A9
:104BA00066756E6320213D202828766F6964202A6F
:104BB000293029004661696C656420746F20726534
:104BC00061642076616C7565202865727220257A93
:104BD000642900556E61626C6520746F2066696E91
:104BE000642064656C65746564206B657973206608
:104BF0006F72202573004661696C656420746F20B4
:104C0000616C6C6F63617465206B65797320666F8E
:104C10007220257300496E76616C6964206B65793A
:104C2000206C656E67746820257A6420213D2025FC
:104C30007A75004661696C656420746F20736176D3
:104C400065206B65797320286572722025642900C0
:104C500062742F6B6579730062745F6B65797300A2
:104C6000574553545F544F504449522F7A657068EA
:104C700079722F696E636C7564652F7A65706879D7
:104C8000722F7379732F627974656F726465722EF7
:104C90006800282870737263203C2070647374204D
:104CA0002626202870737263202B206C656E677433
:104CB0006829203C3D207064737429207C7C202866
:104CC00070737263203E207064737420262620283F
:104CD00070647374202B206C656E67746829203CA7
:104CE0003D207073726329290009536F75726365E3
:104CF00020616E642064657374696E6174696F6E9F
:104D00002062756666657273206D757374206E6FB0
:104D100074206F7665726C61700A006C888391AA4A
:104D2000F5A53860370BDB5A6083BE62745F63722F
:104D30007970746F00574553545F544F5044495233
:104D40002F7A65706879722F647269766572732F35
:104D5000636C6F636B5F636F6E74726F6C2F636CE9
:104D60006F636B5F636F6E74726F6C5F6E72662ED3
:104D7000630074797065203C20434C4F434B5F4384
:104D80004F4E54524F4C5F4E52465F545950455F00
:104D9000434F554E5400636C6F636B40343030307A
:104DA00030303030006866636C6B006C66636C6B2F
:104DB00000636C6F636B5F636F6E74726F6C005730
:104DC0004553545F544F504449522F7A6570687967
:104DD000722F647269766572732F656E74726F706C
:104DE000792F656E74726F70795F6E7266352E639F
:104DF0000026656E74726F70795F6E7266355F64DF
:104E0000617461203D3D206465762D3E646174616E
:104E10000072616E646F6D40343030306430303019
:104E200000656E74726F70795F62745F68636900A9
:104E3000574553545F544F504449522F6E72662F5A
:104E4000647269766572732F656E74726F70792FF4
:104E5000656E74726F70795F63633378782E630068
:104E600064657620213D202828766F6964202A29F0
:104E700030290063727970746F40353030326130A0
:104E800030300063696E737472202530327820747C
:104E900072616E7366657220746F6F206C6F6E67DF
:104EA0003A20257A7500636C656172004A45444575
:104EB00043206964205B2530327820253032782009
:104EC000253032785D20657870656374205B25300D
:104ED0003278202530327820253032785D005244F7
:104EE0005352206661696C65643A2025640051451F
:104EF000202573206661696C65643A202564007220
:104F0000656164206572726F723A206164647265D3
:104F10007373206F722073697A65206578636565A5
:104F200064732065787065637465642076616C7560
:104F300065732E416464723A203078256C78207352
:104F4000697A6520257A75007772697465206572C3
:104F5000726F723A2061646472657373206F72209D
:104F600073697A6520657863656564732065787018
:104F700065637465642076616C7565732E41646445
:104F8000723A203078256C782073697A6520257A0A
:104F900075006572617365206572726F723A206187
:104FA000646472657373206F722073697A6520651B
:104FB00078636565647320657870656374656420E3
:104FC00076616C7565732E416464723A2030782581
:104FD0006C782073697A6520257A7500756E737513
:104FE00070706F72746564206174203078256C78FD
:104FF0002073697A6520257A750077616974206568
:1050000072726F72206174203078256C7820736919
:105010007A6520257A750065726173652065727204
:105020006F72206174203078256C782073697A65FE
:1050300020257A75006D7832357236343335664006
:105040003000717370695F6E6F7200696E76616CAB
:10505000696420616464726573733A203078253026
:10506000386C783A257A7500756E616C69676E6583
:105070006420616464726573733A20307825303837
:105080006C783A257A75006E6F7420776F72642D94
:10509000616C69676E65643A2030782530386C78C9
:1050A0003A257A7500666C6173682D636F6E747251
:1050B0006F6C6C6572403430303165303030006672
:1050C0006C6173685F6E726600574553545F544F4E
:1050D000504449522F7A65706879722F696E636CFB
:1050E0007564652F7A65706879722F647269766568
:1050F00072732F6770696F2F6770696F5F7574695E
:105100006C732E6800094E6F2063616C6C62616382
:105110006B210A0063616C6C6261636B2D3E686198
:105120006E646C657200094E6F2063616C6C626125
:10513000636B2068616E646C6572210A0057455389
:10514000545F544F504449522F6D6F64756C6573B2
:105150002F68616C2F6E6F726469632F6E72667850
:105160002F68616C2F6E72665F6770696F2E6800C2
:105170006E72665F6770696F5F70696E5F7072658F
:1051800073656E745F636865636B282A705F70690E
:105190006E2900574553545F544F504449522F7A5B
:1051A00065706879722F647269766572732F6770A3
:1051B000696F2F6770696F5F6E7266782E63006526
:1051C0007272203D3D204E5246585F535543434531
:1051D00053530063622D3E68616E646C65720067B4
:1051E00070696F403530303030333030006770696F
:1051F0006F40353030303030303000000102030471
:105200000506074661696C656420746F20616C6CEB
:105210006F6361746520505049204368616E6E650C
:105220006C00574553545F544F504449522F7A6590
:10523000706879722F647269766572732F73657204
:1052400069616C2F756172745F6E7266785F7561EB
:105250007274652E6300095458206F6E6C79205566
:105260004152544520696E7374616E63650A00751E
:1052700061727440343030303230303000756172D9
:10528000745F6E7266785F7561727465005745531E
:10529000545F544F504449522F7A65706879722F89
:1052A000696E636C7564652F7A65706879722F64B6
:1052B0007269766572732F6770696F2E6800286651
:1052C0006C61677320262028283155203C3C203211
:1052D0003129207C20283155203C3C2032322920A5
:1052E0007C20283155203C3C20323329207C20284A
:1052F0003155203C3C20323429207C202831552057
:105300003C3C20323529207C20283155203C3C2053
:105310003236292929203D3D20300009496E746527
:10532000727275707420666C61677320617265209B
:105330006E6F7420737570706F727465640A0028E4
:10534000666C616773202620282831203C3C20347D
:1053500029207C202831203C3C2035292929202166
:105360003D20282831203C3C203429207C20283135
:10537000203C3C20352929000950756C6C20557063
:1053800020616E642050756C6C20446F776E2073C2
:10539000686F756C64206E6F7420626520656E6145
:1053A000626C65642073696D756C74616E656F7590
:1053B000736C790A00212828666C616773202620A7
:1053C000283155203C3C2031362929202626202111
:1053D00028666C616773202620283155203C3C20CC
:1053E000313729292026262028666C6167732026FC
:1053F000202831203C3C20312929290009496E70A0
:1054000075742063616E6E6F7420626520656E61D5
:10541000626C656420666F7220274F70656E204451
:105420007261696E272C20274F70656E20536F754F
:1054300072636527206D6F64657320776974686F88
:105440007574204F75747075740A0028666C6167F6
:10545000732026202831203C3C2031292920213D61
:105460002030207C7C2028666C61677320262028F1
:1054700031203C3C20322929203D3D203000286647
:105480006C61677320262028283155203C3C203150
:105490003829207C20283155203C3C2031392929CD
:1054A00029203D3D2030207C7C2028666C6167737C
:1054B000202620283155203C3C2031372929202125
:1054C0003D203000094F7574707574206E656564F9
:1054D0007320746F20626520656E61626C65642064
:1054E000746F20626520696E697469616C697A65A0
:1054F00064206C6F77206F7220686967680A0028E3
:10550000666C61677320262028283155203C3C209A
:10551000313829207C20283155203C3C2031392944
:10552000292920213D2028283155203C3C20313894
:1055300029207C20283155203C3C20313929290064
:10554000094F75747075742063616E6E6F7420629C
:105550006520696E697469616C697A6564206C6F35
:105560007720616E6420686967680A00286366674F
:105570002D3E706F72745F70696E5F6D61736B202A
:105580002620286770696F5F706F72745F70696E34
:10559000735F74292831554C203C3C202870696E7B
:1055A00029292920213D2030550009556E73757039
:1055B000706F727465642070696E0A0028666C6191
:1055C000677320262028283155203C3C2032312981
:1055D000207C20283155203C3C20323229292920AA
:1055E000213D2028283155203C3C20323129207C87
:1055F00020283155203C3C203232292900094361C2
:105600006E6E6F7420626F746820656E61626C6587
:1056100020616E642064697361626C6520696E74D8
:10562000657272757074730A0028666C6167732006
:10563000262028283155203C3C20323129207C204E
:10564000283155203C3C20323229292920213D2077
:10565000305500094D757374206569746865722052
:10566000656E61626C65206F722064697361626C43
:105670006520696E74657272757074730A002828EB
:10568000666C616773202620283155203C3C20320F
:10569000322929203D3D203029207C7C2028286685
:1056A0006C616773202620283155203C3C20323421
:1056B000292920213D203029207C7C202828666C47
:1056C00061677320262028283155203C3C20323544
:1056D00029207C20283155203C3C2032362929299C
:1056E00020213D2028283155203C3C2032352920DE
:1056F0007C20283155203C3C2032362929290009BC
:105700004F6E6C79206F6E65206F66204750494F51
:105710005F494E545F4C4F575F302C204750494FE4
:105720005F494E545F484947485F312063616E20AE
:10573000626520656E61626C656420666F722061CF
:10574000206C6576656C20696E7465727275707414
:105750002E0A002828666C616773202620283155A0
:10576000203C3C2032322929203D3D203029207C1C
:105770007C202828666C61677320262028283155F4
:10578000203C3C20323529207C20283155203C3CCF
:1057900020323629292920213D2030290009417451
:1057A000206C65617374206F6E65206F66204750B2
:1057B000494F5F494E545F4C4F575F302C20475044
:1057C000494F5F494E545F484947485F31206861FF
:1057D0007320746F20626520656E61626C65642E53
:1057E0000A004C454420696E646578206F7574200A
:1057F0006F66207468652072616E67650043616E34
:105800006E6F742072656164206770696F207069C3
:105810006E0043616E6E6F74207772697465204C00
:105820004544206770696F004750494F20495251E5
:1058300020636F6E666967206661696C65642C2001
:105840006572723A202564004661696C6564206463
:10585000697361626C696E6720696E7465727275D6
:105860007074730043616E6E6F742064697361625B
:105870006C652063616C6C6261636B730043616E85
:105880006E6F7420656E61626C652063616C6C6222
:1058900061636B730043616E6E6F7420636F6E663D
:1058A0006967757265204C4544206770696F0043D5
:1058B000616E6E6F7420636F6E66696775726520C6
:1058C000627574746F6E206770696F0043616E6EED
:1058D0006F742064697361626C652063616C6C62D3
:1058E00061636B7328290043616E6E6F742061647D
:1058F000642063616C6C6261636B00646B5F6275F2
:1059000074746F6E735F616E645F6C65647300576F
:105910004553545F544F504449522F6E72662F7353
:1059200075627379732F626C7565746F6F74682F0D
:10593000636F6E74726F6C6C65722F6863695F64FD
:1059400072697665722E630009536F6674446576DA
:1059500069636520436F6E74726F6C6C6572204171
:1059600053534552543A2025732C2025640A0A00CB
:10597000574553545F544F504449522F7A657068CD
:1059800079722F696E636C7564652F7A65706879BA
:10599000722F647269766572732F656E74726F70A0
:1059A000792E68006170692D3E6765745F656E745D
:1059B000726F707920213D202828766F6964202A33
:1059C000293029000943616C6C6261636B20706F40
:1059D000696E7465722073686F756C64206E6F7485
:1059E000206265204E554C4C0A00095468652065BC
:1059F0006E74726F707920736F7572636520726553
:105A00007475726E656420616E206572726F7220AB
:105A1000696E206120626C6F636B696E67206361E1
:105A20006C6C0A00574553545F544F504449522FF1
:105A30006E72662F696E636C7564652F6D70736C22
:105A40002F6D70736C5F776F726B2E6800096B5FE0
:105A5000776F726B5F7375626D69745F746F5F717E
:105A6000756575652829206661696C65642E0A0074
:105A7000536F667444657669636520436F6E747214
:105A80006F6C6C6572206275696C642072657669F2
:105A900073696F6E3A2000456E74726F707920736F
:105AA0006F7572636520646576696365206E6F74D7
:105AB000207265616479004661696C656420746F69
:105AC0002072656769737465722072616E642073F9
:105AD0006F75726365202825642900416C6C6F63C3
:105AE00061746564206D656D6F727920746F6F20CD
:105AF0006C6F773A202575203C202575004576652A
:105B00006E742062756666657220746F6F20736DA7
:105B1000616C6C2E202575203E202575004E6F206F
:105B20006576656E74206275666665722061766161
:105B3000696C61626C65004E6F2064617461206203
:105B4000756666657220617661696C61626C65007C
:105B5000556E6578706563746564206D73675F74F6
:105B60007970653A2025752E20546869732069661E
:105B70002D656C7365206E656564732061206E65AC
:105B800077206272616E63680062745F6863695F48
:105B90007364630062745F7364635F6863695F6406
:105BA00072697665720062745F7364635F637279B1
:105BB00070746F007075626C6963206B6579206921
:105BC00073206E6F742076616C6964202865727230
:105BD0002025642900556E6B6E6F776E20636F6DA4
:105BE0006D616E640042542043544C52204543443E
:105BF00048003F49F6D4A3C55F3874C9B3E3D21057
:105C00003F504AFF607BEB40B7995899B8A6CD3C0E
:105C10001ABD62745F7364635F65636468005745AF
:105C200053545F544F504449522F6E72662F737510
:105C3000627379732F6D70736C2F696E69742F6D39
:105C400070736C5F696E69742E6300094D50534C1C
:105C5000204153534552543A2025732C2025640A81
:105C60000A00657272636F6465203D3D2030004D0F
:105C700050534C20576F726B006D70736C5F696E80
:105C8000697400574553545F544F504449522F6E26
:105C900072662F647269766572732F6D70736C2FE4
:105CA000636C6F636B5F636F6E74726F6C2F6E7279
:105CB00066785F636C6F636B5F6D70736C2E6300EF
:105CC000094E6F7420737570706F727465640A008A
:105CD000574553545F544F504449522F6E72662FAC
:105CE000647269766572732F6D70736C2F666C6168
:105CF00073685F73796E632F666C6173685F737925
:105D00006E635F6D70736C2E630073657373696F80
:105D10006E5F6964203D3D205F636F6E74657874CB
:105D20002E73657373696F6E5F69640072657420AA
:105D30003D3D203000096D70736C5F74696D657353
:105D40006C6F745F72657175657374206661696CE0
:105D500065643A2025640A0009756E65787065638C
:105D6000746564207369676E616C3A2025750A005A
:105D70006D70736C5F74696D65736C6F745F736560
:105D80007373696F6E5F6F70656E206661696C65B5
:105D9000643A202564006B5F73656D5F636F756E99
:105DA000745F67657428265F636F6E746578742E00
:105DB00074696D656F75745F73656D29203D3D2055
:105DC0003000666C6173685F73796E635F6D7073CA
:105DD0006C000000000000010100000000005745B9
:105DE00053545F544F504449522F6D6F64756C6526
:105DF000732F68616C2F6E6F726469632F6E7266A9
:105E0000782F68616C2F6E72665F6770696F74655A
:105E10002E6800696E646578203C20380057455331
:105E2000545F544F504449522F6D6F64756C6573C5
:105E30002F68616C2F6E6F726469632F6E72667863
:105E40002F647269766572732F7372632F6E726638
:105E5000785F6770696F74652E63006E7266795F34
:105E60006770696F5F70696E5F70726573656E747D
:105E70005F636865636B2870696E290070696E5F87
:105E800069735F696E70757428705F696E73746191
:105E90006E63652C2070696E290070696E5F6861A1
:105EA000735F7472696767657228705F696E737477
:105EB000616E63652C2070696E2900705F63686194
:105EC0006E6E656C00696E745F656E61626C650014
:105ED0000020303030303030303030303030303002
:105EE0000001574553545F544F504449522F6D6F32
:105EF00064756C65732F68616C2F6E6F7264696373
:105F00002F6E7266782F647269766572732F737262
:105F1000632F6E7266785F6E766D632E63006279B2
:105F20007465735F636F756E74203C3D2028342068
:105F30002D20627974655F736869667429006973DE
:105F40005F76616C69645F61646472657373286114
:105F50006464722C2030290069735F76616C696417
:105F60005F6164647265737328616464722C2031AC
:105F700029006E7266785F69735F776F72645F6124
:105F80006C69676E65642828766F696420636F6E3C
:105F90007374202A29616464722900574553545F41
:105FA000544F504449522F6D6F64756C65732F6860
:105FB000616C2F6E6F726469632F6E7266782F64E6
:105FC0007269766572732F7372632F6E7266785F73
:105FD000717370692E63006D5F63622E73746174F8
:105FE0006520213D204E5246585F515350495F5322
:105FF000544154455F554E494E495449414C495AC4
:10600000454400705F62756666657220213D2028F8
:1060100028766F6964202A29302900705F636F6ECB
:1060200066696700705F636F6E6669672D3E7769AA
:106030007077616974005465726D696E616C0000FF
:106040000000000000545452205245474745530079
:10605000574553545F544F504449522F7A657068E6
:1060600079722F6B65726E656C2F646576696365F6
:106070002E6300646576203C3D205F64657669632D
:10608000655F6C6973745F656E640048616C746908
:106090006E672073797374656D00556E6B6E6F77E4
:1060A0006E206572726F72003E3E3E205A45504827
:1060B000595220464154414C204552524F522025BE
:1060C000643A202573206F6E2043505520256400CC
:1060D0004661756C7420647572696E6720696E74B0
:1060E0006572727570742068616E646C696E670A9F
:1060F0000043757272656E74207468726561643AEB
:10610000202570202825732900574553545F544F8C
:10611000504449522F7A65706879722F6B65726EA0
:10612000656C2F666174616C2E6300726561736FBC
:106130006E20213D204B5F4552525F4B45524E45EC
:106140004C5F50414E49430009417474656D707451
:10615000656420746F207265636F76657220667265
:106160006F6D2061206B65726E656C2070616E6969
:106170006320636F6E646974696F6E0A00435055E3
:1061800020657863657074696F6E00556E68616E26
:10619000646C656420696E74657272757074005306
:1061A0007461636B206F766572666C6F77004B6508
:1061B000726E656C206F6F7073004B65726E656CEC
:1061C0002070616E696300574553545F544F5044CB
:1061D00049522F7A65706879722F6B65726E656CA3
:1061E0002F696E69742E63007468726561645F6400
:1061F000617461203C3D205F5F7374617469635F0B
:106200007468726561645F646174615F6C69737402
:106210005F656E64006D61696E006F730057455372
:10622000545F544F504449522F7A65706879722FE9
:106230006B65726E656C2F6B686561702E630068AC
:10624000656170203C3D205F6B5F686561705F6CCD
:106250006973745F656E640021617263685F69735E
:106260005F696E5F6973722829207C7C20282874FE
:10627000696D656F7574292E7469636B73203D3D7C
:10628000202828286B5F74696D656F75745F7429A9
:10629000207B307D29292E7469636B732900574553
:1062A00053545F544F504449522F7A657068797245
:1062B0002F6B65726E656C2F6D656D5F736C6162BF
:1062C0002E6300736C6162203C3D205F6B5F6D65E7
:1062D0006D5F736C61625F6C6973745F656E64009F
:1062E00028736C61622D3E667265655F6C697374BC
:1062F000203D3D202828766F6964202A29302920F6
:10630000262620736C61622D3E696E666F2E6E7557
:106310006D5F75736564203D3D20736C61622D3E39
:10632000696E666F2E6E756D5F626C6F636B73293D
:10633000207C7C20736C61625F7074725F69735F34
:10634000676F6F6428736C61622C20736C61622DBF
:106350003E667265655F6C697374290009736C61D0
:106360006220636F7272757074696F6E20646574F9
:1063700065637465640A00736C61625F7074725F58
:1063800069735F676F6F6428736C61622C206D6541
:106390006D290009496E76616C6964206D656D6FC9
:1063A000727920706F696E7465722070726F766991
:1063B0006465640A00574553545F544F5044495232
:1063C0002F7A65706879722F6B65726E656C2F69B4
:1063D000646C652E63005F6B65726E656C2E637016
:1063E00075735B305D2E63757272656E742D3E62DF
:1063F0006173652E7072696F203E3D2030005745F5
:1064000053545F544F504449522F7A6570687972E3
:106410002F6B65726E656C2F6D757465782E6300D9
:1064200021617263685F69735F696E5F6973722867
:106430002900096D7574657865732063616E6E6FF0
:1064400074206265207573656420696E7369646584
:1064500020495352730A006D757465782D3E6C6F38
:10646000636B5F636F756E74203E20305500574537
:1064700053545F544F504449522F7A657068797273
:106480002F6B65726E656C2F73656D2E6300282807
:10649000617263685F69735F696E5F6973722829EF
:1064A000203D3D203029207C7C20282874696D65A2
:1064B0006F7574292E7469636B73203D3D20282805
:1064C000286B5F74696D656F75745F7429207B300C
:1064D0007D29292E7469636B732929007379737779
:1064E0006F726B7100574553545F544F504449527B
:1064F0002F7A65706879722F6B65726E656C2F7775
:106500006F726B2E6300776F726B2D3E71756575C0
:106510006520213D202828766F6964202A293029AA
:1065200000776F726B2D3E68616E646C657220211E
:106530003D202828766F6964202A293029002166A9
:106540006C61675F746573742826776F726B2D3E7C
:10655000666C6167732C204B5F574F524B5F44450D
:106560004C415941424C455F424954290073796E70
:106570006320213D202828766F6964202A2930294C
:1065800000717565756500737461636B0021666CDD
:1065900061675F74657374282671756575652D3E36
:1065A000666C6167732C204B5F574F524B5F5155A0
:1065B0004555455F535441525445445F424954291F
:1065C0000064776F726B20213D202828766F696404
:1065D000202A29302900574553545F544F504449CD
:1065E000522F7A65706879722F6B65726E656C2FA9
:1065F0007468726561642E630028282828707269A7
:106600006F2929203D3D203135202626207A5F69DB
:10661000735F69646C655F7468726561645F656E01
:106620007472792828656E747279292929207C7CF6
:10663000202828283135202D203129203E3D2028B2
:10664000282D3136292929202626202828707269EC
:106650006F2929203E3D2028282D31362929202642
:10666000262028287072696F2929203C3D20283176
:1066700035202D20312929290009696E76616C6940
:1066800064207072696F7269747920282564293BCF
:1066900020616C6C6F7765642072616E67653A206B
:1066A000256420746F2025640A00095468726561AE
:1066B0006473206D6179206E6F742062652063724F
:1066C000656174656420696E20495352730A0057EE
:1066D0004553545F544F504449522F7A657068793E
:1066E000722F6B65726E656C2F696E636C75646575
:1066F0002F6B7468726561642E68005F6B65726EE3
:10670000656C2E637075735B305D2E637572726598
:106710006E7420213D202828766F6964202A293054
:106720002900574553545F544F504449522F7A65BE
:10673000706879722F6B65726E656C2F7363686514
:10674000642E6300217A5F69735F69646C655F74AE
:1067500068726561645F6F626A65637428746872E9
:1067600065616429007468726561642D3E626173BD
:10677000652E70656E6465645F6F6E00217465726E
:106780006D696E617465000961626F727465642081
:106790005F63757272656E74206261636B206672EE
:1067A0006F6D20646561640A0073697A656F66289D
:1067B0005F73636865645F7370696E6C6F636B2988
:1067C000203D3D2030207C7C206C6F636B20213D80
:1067D00020265F73636865645F7370696E6C6F63B6
:1067E0006B00574553545F544F504449522F7A65BC
:1067F000706879722F6B65726E656C2F696E636C51
:106800007564652F6B73636865642E68005F6B65E4
:10681000726E656C2E637075735B305D2E6375727E
:1068200072656E742D3E626173652E736368656474
:106830005F6C6F636B656420213D203155005F6B99
:1068400065726E656C2E637075735B305D2E63755B
:106850007272656E742D3E626173652E7363686536
:10686000645F6C6F636B656420213D2030550021AF
:106870007A5F69735F7468726561645F7374617471
:10688000655F736574285F6B65726E656C2E6370EF
:1068900075735B305D2E63757272656E742C202883
:1068A0002831554C203C3C2028342929292900092D
:1068B00061626F7274696E6720657373656E746967
:1068C000616C207468726561642025700A00574508
:1068D00053545F544F504449522F7A65706879720F
:1068E0002F6B65726E656C2F74696D65736C69636F
:1068F000696E672E6300282874696D656F75742949
:1069000020262620282875696E747074725F742999
:106910002028736C6963655F74696D656F75747346
:106920002929203C3D20282875696E747074725F97
:106930007429202874696D656F75742929202626AD
:1069400020282875696E747074725F742920287409
:10695000696D656F75742929203C20282875696E3A
:10696000747074725F742920282628736C696365BB
:106970005F74696D656F757473295B282873697A14
:10698000655F742920282828696E74292073697A24
:10699000656F6628636861725B31202D2032202A82
:1069A000202128215F5F6275696C74696E5F74795C
:1069B0007065735F636F6D70617469626C655F7041
:1069C000285F5F747970656F665F5F28736C6963B9
:1069D000655F74696D656F757473292C205F5F74D2
:1069E0007970656F665F5F282628736C6963655FE1
:1069F00074696D656F757473295B305D2929295D34
:106A000029202D203129202B202873697A656F6673
:106A100028736C6963655F74696D656F757473293C
:106A2000202F2073697A656F662828736C69636507
:106A30005F74696D656F757473295B305D292929F1
:106A4000295D29292026262028282875696E74703A
:106A500074725F7429202874696D656F75742929B3
:106A6000202D20282875696E747074725F74292037
:106A700028736C6963655F74696D656F75747329DC
:106A8000292920252073697A656F662828736C6927
:106A900063655F74696D656F757473295B305D291B
:106AA000203D3D20302900574553545F544F5044FA
:106AB00049522F7A65706879722F6B65726E656CBA
:106AC0002F74696D656F75742E6300217379735F20
:106AD000646E6F64655F69735F6C696E6B65642873
:106AE00026746F2D3E6E6F64652900574553545FC1
:106AF000544F504449522F7A65706879722F6B65F4
:106B0000726E656C2F706F6C6C2E63006576656EAF
:106B1000742D3E73656D20213D202828766F6964B1
:106B2000202A2930290009696E76616C6964207316
:106B3000656D6170686F72650A0A006576656E74CE
:106B40002D3E717565756520213D202828766F6979
:106B500064202A2930290009696E76616C696420F5
:106B600071756575650A0A006576656E742D3E73EC
:106B700069676E616C20213D202828766F6964204A
:106B80002A2930290009696E76616C696420706F6A
:106B90006C6C207369676E616C0A0A006576656EBD
:106BA000742D3E6D73677120213D202828766F6912
:106BB00064202A2930290009696E76616C69642095
:106BC0006D6573736167652071756575650A0A0087
:106BD00009696E76616C6964206576656E742074EF
:106BE0007970650A0A0009696E76616C69642065CE
:106BF00076656E7420747970652028307825782940
:106C00000A0A006576656E747320213D2028287677
:106C10006F6964202A29302900094E554C4C2065A3
:106C200076656E74730A0A006E756D5F6576656EC3
:106C30007473203E3D203000093C30206576656E3F
:106C400074730A0A00574553545F544F50444952D5
:106C50002F7A65706879722F6B65726E656C2F6D17
:106C6000656D706F6F6C2E6300616C69676E203D9F
:106C70003D2030207C7C20282875696E74707472E9
:106C80005F74296D656D20262028616C69676E2010
:106C90002D20312929203D3D203000096D69736187
:106CA0006C69676E6564206D656D6F7279206174C3
:106CB0002025702028616C69676E203D20257A753B
:106CC000290A00616C69676E202F2073697A656FED
:106CD0006628766F6964202A29203E3D20312026CF
:106CE000262028616C69676E20252073697A656F9C
:106CF0006628766F6964202A2929203D3D203000CE
:106D000009616C69676E206D75737420626520611E
:106D1000206D756C7469706C65206F662073697A7C
:106D2000656F6628766F6964202A290A002D79A18B
:106D3000C86A40B73CF674F90B22D3C480747282DF
:106D4000BA00FFFFFFFF1F00647261676F6F6E2F55
:106D50006C6962732F7363686564756C696E672F05
:106D60007372632F72656D5F68616C5F6576656EC7
:106D7000745F74696D65722E6300286E756C6C2982
:0C6D8000002A666C6F61742A000000009D
:106D9400FFFFFFFFFF1F00001F00000000000000B6
:106DA4005D40000000000000FFFFFFFF1FFF000028
:106DB400BAABBABA101010100000000000800040F6
:106DC40000000000000000000C00000000000000B3
:106DD40000FF7F0000000000000000000000000031
:106DE4005D30000000000000D7D500000000000066
:106DF400B5D5000000000000753000000000000060
:106E0400F7D50000000000000000000000000000B2
:106E1400000000000000000000000000000000006E
:106E2400000000000000000000000000000000005E
:106E3400000000000000000000000000000000004E
:106E4400000000000000000000000000000000003E
:106E5400000000000000000000000000000000002E
:106E6400000000000000000000000000000000001E
:106E7400000000000000000000000000000000000E
:106E840000000000000000000000000000000000FE
:106E940000000000000000000000000000000000EE
:106EA40000000000000000000000000000000000DE
:106EB40000000000000000000000000000000000CE
:106EC40000000000000000000000000000000000BE
:106ED40000000000000000000000000000000000AE
:106EE400000000000000000000000000000000009E
:106EF400000000000000000000000000000000008E
:106F0400000000000000000000000000000000007D
:106F1400000000000000000000000000000000006D
:106F2400000000000000000000000000000000005D
:106F3400000000000000000000000000000000004D
:106F4400000000000000000000000000000000003D
:106F5400000000000000000000000000000000002D
:106F6400000000000000000000000000000000001D
:106F7400000000000000000000000000000000000D
:106F840000000000000000000000000000000000FD
:106F940000000000000000000000000000000000ED
:106FA40000000000000000000000000000000000DD
:106FB40000000000000000000000000000000000CD
:106FC40000000000000000000000000000000000BD
:106FD40000000000000000000000000000000000AD
:106FE400000000000000000000000000000000009D
:106FF400000000000000000000000000000000008D
:10700400000000000000000000000000000000007C
:107014004407002053EF000059EF00005BEF00002D
:1070240085EF00005FEF00008FEF000065EF0000C8
:107034009BEF00006BEF0000A1EF00006DEF00007C
:107044007BEF00007FEF000071EF000077EF00009E
:107054008BEF000095EF000000000000000000002E
:10706400000000000000000000000000000000001C
:10707400000000000000000000000000000000000C
:1070840000000000000000000000000000000000FC
:1070940000000000000000000000000000000000EC
:1070A40000000000000000000000000000000000DC
:1070B40000000000000000000000000000000000CC
:1070C40000000000000000000000000000000000BC
:1070D40000000000000000000000000000000000AC
:1070E400000000000000000000000000000000009C
:1070F400000000000000000000000000000000008C
:10710400000000000000000000000000000000007B
:10711400000000000000000000000000000000006B
:1071240005650100000000000000000000000000F0
:10713400000000000000000000000000000000004B
:10714400000000000000000000000000000000003B
:10715400000000000000000000000000000000002B
:10716400000000000000000000000000000000001B
:10717400000000000000000000000000000000000B
:1071840000000000000000000000000000000000FB
:1071940000000000000000000000000000000000EB
:1071A40000000000000000000000000000000000DB
:1071B40000000000000000000000000000000000CB
:1071C400000000000000000004FC020000000000B9
:1071D40089FF00000000000000000000A1FD000085
:1071E40051FD00000000000000000000E9FD000067
:1071F40000000000810001000000000045FF0000C5
:10720400000000006400000083AF02003FBB0200E6
:10721400D93101000000000001BE0200000000009E
:10722400F1BD0200D11C030000000C0000000000AE
:1072340000000000000000001D33010000000000F9
:1072440000000000F31C030000001000C40303004E
:10725400180D00203A0000002C0D00203A00000018
:10726400F00C00203A000000680D00203A000000F5
:107274000000000045C402000000000000000000FF
:1072840000000000754E0100000000000000000036
:1072940000000000BDC80200000000000000000063
:1072A40000000000E15501000000000000000000A3
:1072B40000000000B983010000000000000000008D
:1072C40000000000F97B0100000000000000000045
:1072D400000A0020000A0020000000000000000056
:1072E4008D93010099A30100E1D702000000000082
:1072F400000000008D9B010045D6020071D50200FC
:107304008193010000000000000000000000000064
:1073140000000000000000000000000055C0010053
:10732400000000000000000073DE02000000000006
:1073340000000000000000000C0D0300000002002B
:10734400180D030000000A00280D030000002000AF
:107354000000000000000000000000000000000029
:107364005DDA0200000000003C0D03000000020092
:10737400480D030000000200540D03000000020049
:107384009DD3010000000000B80A0020B80A0020C4
:107394000100000001000000C80A0020C80A002003
:1073A400D00A0020D00A00200000000001000000E4
:1073B400E00A0020E00A00200000000000000000B5
:1073C4001027002000000000000000000000000062
:1073D40000000000000000000000000000000000A9
:1073E4000000000000000000000000000000000099
:1073F4000000000000000000000000000000000089
:107404000000000000000000000000000000000078
:107414000000000000000000000000000000000068
:107424000000000000000000000000000000000058
:107434000000000000000000000000000000000048
:1074440008000000FF00000000000000030000002E
:1074540000000000FFFF0100880B0020880B0020C3
:10746400900B0020900B002000000000CD7B020058
:10747400DC0B0020D40B0020CC0B0020000000000B
:10748400C40B00208D7D0200D97C02000D7D02001A
:10749400557D0200B43E00203A00003AB83E002078
:1074A4003A00003ABC3E00203A00003AC03E0020B8
:1074B4003A00003A08440020F00B0020B00B0020F2
:1074C400A80B0020A40B0020A00B0020058B0200B9
:1074D400F98A0200ED8A02009ECADC240EE5A9E0C6
:1074E40093F3A3B50100406E060101000000000003
:0F74F40000000000000000000000000000000089
:107504000000000000000000000000000000000077
:107514000000000000000000000000000000000067
:107524000000000000000000000000000000000057
:107534000000000000000000000000000000000047
:107544000000000000000000780C0020780C0020EF
:10755400000000000097002000000000010000006F
:107564003000000000000000980C0020980C00205F
:1075740000000000808400200000000001000000E2
:10758400B800000000000000B80C0020B80C002077
:1075940000000000309700200000000003000000FD
:1075A4001C000000000000000000000038850020DE
:1075B40000080000000000000000000000000000BF
:1075C400F00C0020F00C002000000000000000007F
:1075D4000E000000040D0020040D00200000000037
:1075E400000000000E000000180D0020180D0020FF
:1075F40000000000000000000E0000002C0D002020
:107604002C0D002000000000000000000E0000000F
:10761400400D0020400D002000000000000000008C
:107624000E000000540D0020540D00200000000046
:10763400000000000E000000680D0020680D00200E
:1076440000000000000000000E0000007C0D00207F
:107654007C0D002000000000010000008C0D0020C3
:107664008C0D0020940D0020940D002000000000DB
:1076740001000000A40D0020A40D0020AC0D00208A
:10768400AC0D002000000000FFFFFFFFBC0D002038
:10769400BC0D0020C40D0020C40D0020000000001B
:1076A40001000000D40D0020D40D002000000000D3
:1076B4000000000000000000E80D0020E80D00209C
:1076C400F00D0020F00D002000000000000000007C
:1076D40000000000040E0020040E00200C0E002008
:1076E4000C0E00200000000000000000000000005C
:1076F400200E0020200E0020280E0020280E00203E
:107704000000000000000000000000003C0E00200B
:107714003C0E0020440E0020440E00200000000017
:10772400030003001000000000000000AC0503008B
:107734002C95002000000000000000000000000064
:10774400700E0020700E0020780E0020780E0020AD
:10775400000000000300030010000000C1990100B4
:10776400540603008896002000000000000000007A
:1077740000000000A40E0020A40E0020AC0E002087
:10778400AC0E002000000000030003000100000014
:107794000000000068040300E891002000000000DD
:1077A4000000000000000000D80E0020D80E0020C9
:1077B400E00E0020E00E00200000000001000100A7
:1077C40010000000B17901009C05030024940020FE
:1077D4000000000000000000000000000C0F00206A
:1077E4000C0F0020140F0020140F002000000000D4
:1077F4000200020001000000000000006805030010
:10780400EC930020000000000000000000000000D5
:10781400400F0020400F0020480F0020480F002098
:10782400000000000A000A0006000000000000003A
:10783400580403001C900020000000000000000019
:1078440000000000740F0020740F00207C0F002043
:107854007C0F002000000000010001000100000076
:1078640000000000780403004093002015E015E0B8
:00000001FF
